level,cluster_key,point_id,slug,chosen_model,fixed,successes,attempts,gen_diff,gen_fix
0,root_c0,Closure_46_query,Closure_46,gen,1,10,10,np.nan,"```java
@Override
public JSType getLeastSupertype(JSType that) {
    if (!that.isRecordType()) {
        return super.getLeastSupertype(that);
    }
    
    // If the types are equivalent, return either one
    if (this.isEquivalentTo(that)) {
        return this;
    }
    
    // Otherwise create a union type
    return registry.createUnionType(this, that);
}
```"
0,root_c0,Gson_10_query,Gson_10,gen,0,0,10,,
0,root_c0,Gson_14_query,Gson_14,gen,1,1,10,np.nan,"```java
public static WildcardType supertypeOf(Type bound) {
    // Handle nested wildcards to prevent infinite recursion
    if (bound instanceof WildcardType) {
        WildcardType wildcard = (WildcardType) bound;
        Type[] lowerBounds = wildcard.getLowerBounds();
        if (lowerBounds.length > 0) {
            return wildcard; // Already a ? super type
        }
        Type[] upperBounds = wildcard.getUpperBounds();
        if (upperBounds.length > 0 && !Object.class.equals(upperBounds[0])) {
            return new WildcardTypeImpl(new Type[] { Object.class }, upperBounds);
        }
    }
    return new WildcardTypeImpl(new Type[] { Object.class }, new Type[] { bound });
}
```

```java
public static WildcardType subtypeOf(Type bound) {
    // Handle nested wildcards to prevent infinite recursion
    if (bound instanceof WildcardType) {
        WildcardType wildcard = (WildcardType) bound;
        Type[] upperBounds = wildcard.getUpperBounds();
        if (upperBounds.length > 0 && !Object.class.equals(upperBounds[0])) {
            return wildcard; // Already a ? extends type
        }
        Type[] lowerBounds = wildcard.getLowerBounds();
        if (lowerBounds.length > 0) {
            return new WildcardTypeImpl(new Type[] { Object.class }, EMPTY_TYPE_ARRAY);
        }
    }
    return new WildcardTypeImpl(new Type[] { bound }, EMPTY_TYPE_ARRAY);
}
```"
0,root_c0,Gson_16_query,Gson_16,gen,0,0,10,,
0,root_c0,Gson_18_query,Gson_18,gen,0,0,10,,
0,root_c0,Gson_1_query,Gson_1,gen,0,0,10,,
0,root_c0,Gson_2_query,Gson_2,gen,1,10,10,np.nan,"```java
public static <T1> TypeAdapterFactory newTypeHierarchyFactory(
      final Class<T1> clazz, final TypeAdapter<T1> typeAdapter) {
    return new TypeAdapterFactory() {
      @SuppressWarnings(""unchecked"")
      public <T2> TypeAdapter<T2> create(Gson gson, TypeToken<T2> typeToken) {
        final Class<? super T2> requestedType = typeToken.getRawType();
        if (!clazz.isAssignableFrom(requestedType)) {
          return null;
        }
        return new TypeAdapter<T2>() {
          @Override public void write(JsonWriter out, T2 value) throws IOException {
            typeAdapter.write(out, (T1) value);
          }
          @Override public T2 read(JsonReader in) throws IOException {
            T1 result = typeAdapter.read(in);
            if (result != null && !requestedType.isInstance(result)) {
              throw new JsonSyntaxException(""Expected a "" + requestedType.getName()
                  + "" but was "" + result.getClass().getName());
            }
            return (T2) result;
          }
        };
      }
      @Override public String toString() {
        return ""Factory[typeHierarchy="" + clazz.getName() + "",adapter="" + typeAdapter + ""]"";
      }
    };
  }
```"
0,root_c0,Gson_6_query,Gson_6,gen,1,8,10,np.nan,"```java
@SuppressWarnings(""unchecked"") // Casts guarded by conditionals.
static TypeAdapter<?> getTypeAdapter(ConstructorConstructor constructorConstructor, Gson gson,
    TypeToken<?> fieldType, JsonAdapter annotation) {
  Class<?> value = annotation.value();
  TypeAdapter<?> typeAdapter;
  if (TypeAdapter.class.isAssignableFrom(value)) {
    Class<TypeAdapter<?>> typeAdapterClass = (Class<TypeAdapter<?>>) value;
    typeAdapter = constructorConstructor.get(TypeToken.get(typeAdapterClass)).construct();
  } else if (TypeAdapterFactory.class.isAssignableFrom(value)) {
    Class<TypeAdapterFactory> typeAdapterFactory = (Class<TypeAdapterFactory>) value;
    TypeAdapterFactory factory = constructorConstructor.get(TypeToken.get(typeAdapterFactory))
        .construct();
    typeAdapter = factory.create(gson, fieldType);
  } else {
    throw new IllegalArgumentException(
        ""@JsonAdapter value must be TypeAdapter or TypeAdapterFactory reference."");
  }
  if (typeAdapter != null) {
    typeAdapter = typeAdapter.nullSafe();
  }
  return typeAdapter;
}
```"
0,root_c0,JacksonDatabind_107_query,JacksonDatabind_107,gen,1,1,10,np.nan,"```java
protected final JsonDeserializer<Object> _findDeserializer(DeserializationContext ctxt,
            String typeId) throws IOException
    {
        JsonDeserializer<Object> deser = _deserializers.get(typeId);
        if (deser == null) {
            JavaType type = _idResolver.typeFromId(ctxt, typeId);
            if (type == null) {
                deser = _findDefaultImplDeserializer(ctxt);
                if (deser == null) {
                    JavaType actual = _handleUnknownTypeId(ctxt, typeId);
                    if (actual == null) {
                        // Return a dummy deserializer that returns null instead of null
                        return new JsonDeserializer<Object>() {
                            @Override
                            public Object deserialize(JsonParser p, DeserializationContext ctxt) throws IOException {
                                return null;
                            }
                        };
                    }
                    deser = ctxt.findContextualValueDeserializer(actual, _property);
                }
            } else {
                if ((_baseType != null)
                        && _baseType.getClass() == type.getClass()) {
                    if (!type.hasGenericTypes()) {
                        type = ctxt.getTypeFactory().constructSpecializedType(_baseType, type.getRawClass());
                    }
                }
                deser = ctxt.findContextualValueDeserializer(type, _property);
            }
            if (deser != null) {
                _deserializers.put(typeId, deser);
            }
        }
        return deser;
    }
```"
0,root_c0,JacksonDatabind_112_query,JacksonDatabind_112,gen,1,9,10,np.nan,"```java
@Override
public JsonDeserializer<?> createContextual(DeserializationContext ctxt,
        BeanProperty property) throws JsonMappingException
{
    // May need to resolve types for delegate-based creators:
    JsonDeserializer<Object> delegate = null;
    if (_valueInstantiator != null) {
        // [databind#2324]: check both array-delegating and delegating
        AnnotatedWithParams delegateCreator = _valueInstantiator.getDelegateCreator();
        if (delegateCreator != null) {
            JavaType delegateType = _valueInstantiator.getDelegateType(ctxt.getConfig());
            delegate = findDeserializer(ctxt, delegateType, property);
        }
        // Also check for array-delegating creator
        AnnotatedWithParams arrayDelegateCreator = _valueInstantiator.getArrayDelegateCreator();
        if (arrayDelegateCreator != null) {
            JavaType arrayDelegateType = _valueInstantiator.getArrayDelegateType(ctxt.getConfig());
            delegate = findDeserializer(ctxt, arrayDelegateType, property);
        }
    }
    JsonDeserializer<?> valueDeser = _valueDeserializer;
    final JavaType valueType = _containerType.getContentType();
    if (valueDeser == null) {
        // [databind#125]: May have a content converter
        valueDeser = findConvertingContentDeserializer(ctxt, property, valueDeser);
        if (valueDeser == null) {
        // And we may also need to get deserializer for String
            valueDeser = ctxt.findContextualValueDeserializer(valueType, property);
        }
    } else { // if directly assigned, probably not yet contextual, so:
        valueDeser = ctxt.handleSecondaryContextualization(valueDeser, property, valueType);
    }
    // 11-Dec-2015, tatu: Should we pass basic `Collection.class`, or more refined? Mostly
    //   comes down to ""List vs Collection"" I suppose... for now, pass Collection
    Boolean unwrapSingle = findFormatFeature(ctxt, property, Collection.class,
            JsonFormat.Feature.ACCEPT_SINGLE_VALUE_AS_ARRAY);
    NullValueProvider nuller = findContentNullProvider(ctxt, property, valueDeser);
    if (isDefaultDeserializer(valueDeser)) {
        valueDeser = null;
    }
    return withResolved(delegate, valueDeser, nuller, unwrapSingle);
}
```"
0,root_c0,JacksonDatabind_11_query,JacksonDatabind_11,gen,0,0,10,,
0,root_c0,JacksonDatabind_12_query,JacksonDatabind_12,gen,1,10,10,np.nan,"```java
@Override
    public boolean isCachable() {
        /* As per [databind#735], existence of value or key deserializer (only passed
         * if annotated to use non-standard one) should also prevent caching.
         */
        return (_valueTypeDeserializer == null)
                && (_ignorableProperties == null)
                && (_valueDeserializer == null)
                && (_keyDeserializer == null);
    }
```"
0,root_c0,JacksonDatabind_15_query,JacksonDatabind_15,gen,0,0,10,,
0,root_c0,JacksonDatabind_16_query,JacksonDatabind_16,gen,0,0,2,,
0,root_c0,JacksonDatabind_17_query,JacksonDatabind_17,gen,1,9,10,np.nan,"```java
public boolean useForType(JavaType t)
{
    switch (_appliesFor) {
    case NON_CONCRETE_AND_ARRAYS:
        while (t.isArrayType()) {
            t = t.getContentType();
        }
        // fall through
    case OBJECT_AND_NON_CONCRETE:
        return (t.getRawClass() == Object.class)
                || (!t.isConcrete()
                // [databind#88] Should not apply to JSON tree models:
                && !TreeNode.class.isAssignableFrom(t.getRawClass()));

    case NON_FINAL:
        while (t.isArrayType()) {
            t = t.getContentType();
        }
        // [Issue#88] Should not apply to JSON tree models:
        return !t.isFinal() && !TreeNode.class.isAssignableFrom(t.getRawClass());
    default:
        return (t.getRawClass() == Object.class);
    }
}
```"
0,root_c0,JacksonDatabind_19_query,JacksonDatabind_19,gen,1,9,10,np.nan,"```java
private JavaType _mapType(Class<?> rawClass)
    {
        // 28-May-2015, tatu: Properties are special, as per [databind#810]
        if (Properties.class.isAssignableFrom(rawClass)) {
            return MapType.construct(rawClass, 
                TypeFactory.defaultInstance().constructType(String.class),
                TypeFactory.defaultInstance().constructType(String.class));
        }
        JavaType[] typeParams = findTypeParameters(rawClass, Map.class);
        // ok to have no types (""raw"")
        if (typeParams == null) {
            return MapType.construct(rawClass, _unknownType(), _unknownType());
        }
        // but exactly 2 types if any found
        if (typeParams.length != 2) {
            throw new IllegalArgumentException(""Strange Map type ""+rawClass.getName()+"": can not determine type parameters"");
        }
        return MapType.construct(rawClass, typeParams[0], typeParams[1]);
    }
```"
0,root_c0,JacksonDatabind_22_query,JacksonDatabind_22,gen,0,0,10,,
0,root_c0,JacksonDatabind_25_query,JacksonDatabind_25,gen,0,0,10,,
0,root_c0,JacksonDatabind_27_query,JacksonDatabind_27,gen,1,6,10,np.nan,"```java
@SuppressWarnings(""resource"")
protected Object deserializeUsingPropertyBasedWithExternalTypeId(JsonParser p, DeserializationContext ctxt)
    throws IOException
{
    final ExternalTypeHandler ext = _externalTypeIdHandler.start();
    final PropertyBasedCreator creator = _propertyBasedCreator;
    PropertyValueBuffer buffer = creator.startBuilding(p, ctxt, _objectIdReader);

    TokenBuffer tokens = new TokenBuffer(p);
    tokens.writeStartObject();

    JsonToken t = p.getCurrentToken();
    for (; t == JsonToken.FIELD_NAME; t = p.nextToken()) {
        String propName = p.getCurrentName();
        p.nextToken(); // to point to value
        // creator property?
        SettableBeanProperty creatorProp = creator.findCreatorProperty(propName);
        if (creatorProp != null) {
            // first: let's check to see if this might be part of value with external type id:
            if (ext.handlePropertyValue(p, ctxt, propName, null)) {
                continue;
            }
            // Last creator property to set?
            if (buffer.assignParameter(creatorProp, _deserializeWithErrorWrapping(p, ctxt, creatorProp))) {
                t = p.nextToken(); // to move to following FIELD_NAME/END_OBJECT
                Object bean;
                try {
                    bean = creator.build(ctxt, buffer);
                } catch (Exception e) {
                    wrapAndThrow(e, _beanType.getRawClass(), propName, ctxt);
                    continue; // never gets here
                }
                // if so, need to copy all remaining tokens into buffer
                while (t == JsonToken.FIELD_NAME) {
                    p.nextToken(); // to skip name
                    tokens.copyCurrentStructure(p);
                    t = p.nextToken();
                }
                if (bean.getClass() != _beanType.getRawClass()) {
                    throw ctxt.mappingException(""Can not create polymorphic instances with unwrapped values"");
                }
                return ext.complete(p, ctxt, bean);
            }
            continue;
        }
        // Object Id property?
        if (buffer.readIdProperty(propName)) {
            continue;
        }
        // regular property? needs buffering
        SettableBeanProperty prop = _beanProperties.find(propName);
        if (prop != null) {
            buffer.bufferProperty(prop, prop.deserialize(p, ctxt));
            continue;
        }
        // external type id (or property that depends on it)?
        if (ext.handlePropertyValue(p, ctxt, propName, null)) {
            continue;
        }
        // ignorable properties
        if (_ignorableProps != null && _ignorableProps.contains(propName)) {
            handleIgnoredProperty(p, ctxt, handledType(), propName);
            continue;
        }
        // ""any property""?
        if (_anySetter != null) {
            buffer.bufferAnyProperty(_anySetter, propName, _anySetter.deserialize(p, ctxt));
        }
    }

    // We hit END_OBJECT; resolve the pieces:
    try {
        return ext.complete(p, ctxt, buffer, creator);
    } catch (Exception e) {
        wrapInstantiationProblem(e, ctxt);
        return null;
    }
}
```"
0,root_c0,JacksonDatabind_33_query,JacksonDatabind_33,gen,1,10,10,np.nan,"```java
@Override
public PropertyName findNameForSerialization(Annotated a)
{
    String name = null;

    JsonGetter jg = _findAnnotation(a, JsonGetter.class);
    if (jg != null) {
        name = jg.value();
    } else {
        JsonProperty pann = _findAnnotation(a, JsonProperty.class);
        if (pann != null) {
            name = pann.value();
            /* 22-Apr-2014, tatu: Should figure out a better way to do this, but
             *   it's actually bit tricky to do it more efficiently (meta-annotations
             *   add more lookups; AnnotationMap costs etc)
             */
        } else if (_hasAnnotation(a, JsonSerialize.class)
                || _hasAnnotation(a, JsonView.class)
                || _hasAnnotation(a, JsonRawValue.class)
                || _hasAnnotation(a, JsonUnwrapped.class)) {  // Added JsonUnwrapped check
            name = """";
        } else {
            return null;
        }
    }
    return PropertyName.construct(name);
}
```"
0,root_c0,JacksonDatabind_35_query,JacksonDatabind_35,gen,0,0,10,,
0,root_c0,JacksonDatabind_37_query,JacksonDatabind_37,gen,0,0,2,,
0,root_c0,JacksonDatabind_41_query,JacksonDatabind_41,gen,1,9,10,np.nan,"```java
@Deprecated
    public JavaType constructType(Type type, JavaType contextType) {
        if (type == null) {
            throw new IllegalArgumentException(""Unrecognized Type: [null]"");
        }
        return _fromAny(null, type, contextType == null ? null : contextType.getBindings());
    }
```

```java
@Deprecated
    public JavaType constructType(Type type, Class<?> contextClass) {
        if (type == null) {
            throw new IllegalArgumentException(""Unrecognized Type: [null]"");
        }
        return constructType(type, contextClass == null ? null : constructType(contextClass));
    }
```"
0,root_c0,JacksonDatabind_44_query,JacksonDatabind_44,gen,0,0,7,,
0,root_c0,JacksonDatabind_46_query,JacksonDatabind_46,gen,0,0,10,,
0,root_c0,JacksonDatabind_47_query,JacksonDatabind_47,gen,1,9,10,np.nan,"```java
public JavaType refineSerializationType(final MapperConfig<?> config,
            final Annotated a, final JavaType baseType) throws JsonMappingException
    {
        JavaType type = baseType;
        final TypeFactory tf = config.getTypeFactory();
        
        // Ok: start by refining the main type itself; common to all types
        Class<?> serClass = findSerializationType(a);
        if (serClass != null) {
            if (type.hasRawClass(serClass)) {
                type = type.withStaticTyping();
            } else {
                Class<?> currRaw = type.getRawClass();
                try {
                    if (serClass.isAssignableFrom(currRaw)) {
                        type = tf.constructGeneralizedType(type, serClass);
                    } else if (currRaw.isAssignableFrom(serClass)) {
                        type = tf.constructSpecializedType(type, serClass);
                    } else {
                        throw new JsonMappingException(null,
                                String.format(""Can not refine serialization type %s into %s; types not related"",
                                        type, serClass.getName()));
                    }
                } catch (IllegalArgumentException iae) {
                    throw new JsonMappingException(null,
                            String.format(""Failed to widen type %s with annotation (value %s), from '%s': %s"",
                                    type, serClass.getName(), a.getName(), iae.getMessage()),
                                    iae);
                }
            }
        }

        // Then further processing for container types
        // First, key type (for Maps, Map-like types):
        if (type.isMapLikeType()) {
            JavaType keyType = type.getKeyType();
            Class<?> keyClass = findSerializationKeyType(a, keyType);
            if (keyClass != null) {
                if (keyType.hasRawClass(keyClass)) {
                    keyType = keyType.withStaticTyping();
                } else {
                    Class<?> currRaw = keyType.getRawClass();
                    try {
                        if (keyClass.isAssignableFrom(currRaw)) {
                            keyType = tf.constructGeneralizedType(keyType, keyClass);
                        } else if (currRaw.isAssignableFrom(keyClass)) {
                            keyType = tf.constructSpecializedType(keyType, keyClass);
                        } else {
                            throw new JsonMappingException(null,
                                    String.format(""Can not refine serialization key type %s into %s; types not related"",
                                            keyType, keyClass.getName()));
                        }
                    } catch (IllegalArgumentException iae) {
                        throw new JsonMappingException(null,
                                String.format(""Failed to widen key type of %s with concrete-type annotation (value %s), from '%s': %s"",
                                        type, keyClass.getName(), a.getName(), iae.getMessage()),
                                        iae);
                    }
                }
                type = ((MapLikeType) type).withKeyType(keyType);
            }
        }

        JavaType contentType = type.getContentType();
        if (contentType != null) {
            Class<?> contentClass = findSerializationContentType(a, contentType);
            if (contentClass != null) {
                if (contentType.hasRawClass(contentClass)) {
                    contentType = contentType.withStaticTyping();
                } else {
                    Class<?> currRaw = contentType.getRawClass();
                    try {
                        if (contentClass.isAssignableFrom(currRaw)) {
                            contentType = tf.constructGeneralizedType(contentType, contentClass);
                        } else if (currRaw.isAssignableFrom(contentClass)) {
                            contentType = tf.constructSpecializedType(contentType, contentClass);
                        } else {
                            throw new JsonMappingException(null,
                                    String.format(""Can not refine serialization content type %s into %s; types not related"",
                                            contentType, contentClass.getName()));
                        }
                    } catch (IllegalArgumentException iae) {
                        throw new JsonMappingException(null,
                                String.format(""Internal error: failed to refine value type of %s with concrete-type annotation (value %s), from '%s': %s"",
                                        type, contentClass.getName(), a.getName(), iae.getMessage()),
                                        iae);
                    }
                }
                type = type.withContentType(contentType);
            }
        }
        return type;
    }
```"
0,root_c0,JacksonDatabind_48_query,JacksonDatabind_48,gen,1,10,10,np.nan,"```java
@Override
public VisibilityChecker<?> getDefaultVisibilityChecker()
{
    VisibilityChecker<?> vchecker = super.getDefaultVisibilityChecker();
    // then global overrides (disabling)
    if (!isEnabled(MapperFeature.AUTO_DETECT_GETTERS)) {
        vchecker = vchecker.withGetterVisibility(Visibility.NONE);
    }
    if (!isEnabled(MapperFeature.AUTO_DETECT_IS_GETTERS)) {
        vchecker = vchecker.withIsGetterVisibility(Visibility.NONE);
    }
    if (!isEnabled(MapperFeature.AUTO_DETECT_FIELDS)) {
        vchecker = vchecker.withFieldVisibility(Visibility.NONE);
    }
    if (!isEnabled(MapperFeature.AUTO_DETECT_SETTERS)) {
        vchecker = vchecker.withSetterVisibility(Visibility.NONE);
    }
    if (!isEnabled(MapperFeature.AUTO_DETECT_CREATORS)) {
        vchecker = vchecker.withCreatorVisibility(Visibility.NONE);
    }
    return vchecker;
}
```"
0,root_c0,JacksonDatabind_51_query,JacksonDatabind_51,gen,0,0,10,,
0,root_c0,JacksonDatabind_52_query,JacksonDatabind_52,gen,0,0,10,,
0,root_c0,JacksonDatabind_54_query,JacksonDatabind_54,gen,1,6,10,np.nan,"```java
@SuppressWarnings(""deprecation"")
    protected BeanPropertyWriter buildWriter(SerializerProvider prov,
            BeanPropertyDefinition propDef, JavaType declaredType, JsonSerializer<?> ser,
            TypeSerializer typeSer, TypeSerializer contentTypeSer,
            AnnotatedMember am, boolean defaultUseStaticTyping)
        throws JsonMappingException
    {
        // do we have annotation that forces type to use (to declared type or its super type)?
        JavaType serializationType = findSerializationType(am, defaultUseStaticTyping, declaredType);

        // Container types can have separate type serializers for content (value / element) type
        if (contentTypeSer != null) {
            if (serializationType == null) {
                serializationType = declaredType;
            }
            JavaType ct = serializationType.getContentType();
            if (ct == null) {
                throw new IllegalStateException(""Problem trying to create BeanPropertyWriter for property '""
                        +propDef.getName()+""' (of type ""+_beanDesc.getType()+""); serialization type ""+serializationType+"" has no content"");
            }
            serializationType = serializationType.withContentTypeHandler(contentTypeSer);
            ct = serializationType.getContentType();
        }
        
        Object valueToSuppress = null;
        boolean suppressNulls = false;

        JsonInclude.Value inclV = _defaultInclusion.withOverrides(propDef.findInclusion());
        JsonInclude.Include inclusion = inclV.getValueInclusion();
        if (inclusion == JsonInclude.Include.USE_DEFAULTS) {
            inclusion = JsonInclude.Include.ALWAYS;
        }

        JavaType actualType = (serializationType == null) ? declaredType : serializationType;
        
        switch (inclusion) {
        case NON_DEFAULT:
            if (_defaultInclusion.getValueInclusion() == JsonInclude.Include.NON_DEFAULT) {
                valueToSuppress = getPropertyDefaultValue(propDef.getName(), am, actualType);
            } else {
                valueToSuppress = getDefaultValue(actualType);
            }
            if (valueToSuppress == null) {
                suppressNulls = true;
            } else {
                if (valueToSuppress.getClass().isArray()) {
                    valueToSuppress = ArrayBuilders.getArrayComparator(valueToSuppress);
                }
            }
            break;
        case NON_ABSENT:
            suppressNulls = true;
            if (actualType.isReferenceType()) {
                valueToSuppress = BeanPropertyWriter.MARKER_FOR_EMPTY;
            }
            break;
        case NON_EMPTY:
            suppressNulls = true;
            valueToSuppress = BeanPropertyWriter.MARKER_FOR_EMPTY;
            break;
        case NON_NULL:
            suppressNulls = true;
            break;
        case ALWAYS:
        default:
            if (declaredType.isContainerType()
                    && !_config.isEnabled(SerializationFeature.WRITE_EMPTY_JSON_ARRAYS)) {
                valueToSuppress = BeanPropertyWriter.MARKER_FOR_EMPTY;
            }
            break;
        }

        BeanPropertyWriter bpw = new BeanPropertyWriter(propDef,
                am, _beanDesc.getClassAnnotations(), declaredType,
                ser, typeSer, serializationType, suppressNulls, valueToSuppress);

        Object serDef = _annotationIntrospector.findNullSerializer(am);
        if (serDef != null) {
            bpw.assignNullSerializer(prov.serializerInstance(am, serDef));
        }
        NameTransformer unwrapper = _annotationIntrospector.findUnwrappingNameTransformer(am);
        if (unwrapper != null) {
            bpw = bpw.unwrappingWriter(unwrapper);
        }
        return bpw;
    }
```"
0,root_c0,JacksonDatabind_58_query,JacksonDatabind_58,gen,1,5,10,np.nan,"```java
protected SettableBeanProperty constructSettableProperty(DeserializationContext ctxt,
            BeanDescription beanDesc, BeanPropertyDefinition propDef,
            JavaType propType0)
        throws JsonMappingException
    {
        // need to ensure method is callable (for non-public)
        AnnotatedMember mutator = propDef.getNonConstructorMutator();

        if (ctxt.canOverrideAccessModifiers()) {
            // [databind#877]: explicitly prevent forced access to `cause` of `Throwable`;
            // never needed and attempts may cause problems on some platforms.
            if (!(mutator.getDeclaringClass() == Throwable.class 
                  && ""cause"".equals(propDef.getName()))) {
                mutator.fixAccess(ctxt.isEnabled(MapperFeature.OVERRIDE_PUBLIC_ACCESS_MODIFIERS));
            }
        }
        // note: this works since we know there's exactly one argument for methods
        BeanProperty.Std property = new BeanProperty.Std(propDef.getFullName(),
                propType0, propDef.getWrapperName(),
                beanDesc.getClassAnnotations(), mutator, propDef.getMetadata());
        JavaType type = resolveType(ctxt, beanDesc, propType0, mutator);
        // did type change?
        if (type != propType0) {
            property = property.withType(type);
        }

        // First: does the Method specify the deserializer to use? If so, let's use it.
        JsonDeserializer<Object> propDeser = findDeserializerFromAnnotation(ctxt, mutator);
        type = modifyTypeByAnnotation(ctxt, mutator, type);
        TypeDeserializer typeDeser = type.getTypeHandler();
        SettableBeanProperty prop;
        if (mutator instanceof AnnotatedMethod) {
            prop = new MethodProperty(propDef, type, typeDeser,
                    beanDesc.getClassAnnotations(), (AnnotatedMethod) mutator);
        } else {
            prop = new FieldProperty(propDef, type, typeDeser,
                    beanDesc.getClassAnnotations(), (AnnotatedField) mutator);
        }
        if (propDeser != null) {
            prop = prop.withValueDeserializer(propDeser);
        }
        // need to retain name of managed forward references:
        AnnotationIntrospector.ReferenceProperty ref = propDef.findReferenceType();
        if (ref != null && ref.isManagedReference()) {
            prop.setManagedReferenceName(ref.getName());
        }
        ObjectIdInfo objectIdInfo = propDef.findObjectIdInfo();
        if(objectIdInfo != null){
            prop.setObjectIdInfo(objectIdInfo);
        }
        return prop;
    }
```"
0,root_c0,JacksonDatabind_59_query,JacksonDatabind_59,gen,0,0,9,,
0,root_c0,JacksonDatabind_5_query,JacksonDatabind_5,gen,1,1,10,np.nan,"```java
protected void _addMethodMixIns(Class<?> targetClass, AnnotatedMethodMap methods,
            Class<?> mixInCls, AnnotatedMethodMap mixIns)
    {
        List<Class<?>> parents = new ArrayList<Class<?>>();
        parents.add(mixInCls);
        ClassUtil.findSuperTypes(mixInCls, targetClass, parents);
        for (Class<?> mixin : parents) {
            for (Method m : mixin.getDeclaredMethods()) {
                if (!_isIncludableMemberMethod(m)) {
                    continue;
                }
                AnnotatedMethod am = methods.find(m);
                /* Do we already have a method to augment (from sub-class
                 * that will mask this mixIn)? If so, add if visible
                 * without masking (no such annotation)
                 */
                if (am != null) {
                    _addMixUnders(m, am);
                    /* Otherwise will have precedence, but must wait
                     * until we find the real method (mixIn methods are
                     * just placeholder, can't be called)
                     */
                } else {
                    // Well, or, as per [Issue#515], multi-level merge within mixins...
                    AnnotatedMethod mixInMethod = _constructMethod(m);
                    if (mixInMethod != null) {
                        mixIns.add(mixInMethod);
                    }
                }
            }
        }
    }
```"
0,root_c0,JacksonDatabind_61_query,JacksonDatabind_61,gen,1,2,10,np.nan,"```java
public boolean useForType(JavaType t)
{
    // Skip primitive types and their wrappers
    if (t.isPrimitive() || t.isWrapperType()) {
        return false;
    }

    switch (_appliesFor) {
    case NON_CONCRETE_AND_ARRAYS:
        while (t.isArrayType()) {
            t = t.getContentType();
        }
        // fall through
    case OBJECT_AND_NON_CONCRETE:
        while (t.isReferenceType()) {
            t = t.getReferencedType();
        }
        return t.isJavaLangObject()
                || (!t.isConcrete()
                        && !TreeNode.class.isAssignableFrom(t.getRawClass()));

    case NON_FINAL:
        while (t.isArrayType()) {
            t = t.getContentType();
        }
        while (t.isReferenceType()) {
            t = t.getReferencedType();
        }
        return !t.isFinal() && !TreeNode.class.isAssignableFrom(t.getRawClass());
    default:
        return t.isJavaLangObject();
    }
}
```

```java
@Override
public TypeDeserializer buildTypeDeserializer(DeserializationConfig config,
        JavaType baseType, Collection<NamedType> subtypes)
{
    if (_idType == JsonTypeInfo.Id.NONE) { return null; }
    
    // Skip primitive types and their wrappers
    if (baseType.isPrimitive() || baseType.isWrapperType()) {
        return null;
    }

    TypeIdResolver idRes = idResolver(config, baseType, subtypes, false, true);

    JavaType defaultImpl;
    if (_defaultImpl == null) {
        defaultImpl = null;
    } else {
        if ((_defaultImpl == Void.class) || (_defaultImpl == NoClass.class)) {
            defaultImpl = config.getTypeFactory().constructType(_defaultImpl);
        } else {
            defaultImpl = config.getTypeFactory()
                .constructSpecializedType(baseType, _defaultImpl);
        }
    }

    switch (_includeAs) {
    case WRAPPER_ARRAY:
        return new AsArrayTypeDeserializer(baseType, idRes,
                _typeProperty, _typeIdVisible, defaultImpl);
    case PROPERTY:
    case EXISTING_PROPERTY:
        return new AsPropertyTypeDeserializer(baseType, idRes,
                _typeProperty, _typeIdVisible, defaultImpl, _includeAs);
    case WRAPPER_OBJECT:
        return new AsWrapperTypeDeserializer(baseType, idRes,
                _typeProperty, _typeIdVisible, defaultImpl);
    case EXTERNAL_PROPERTY:
        return new AsExternalTypeDeserializer(baseType, idRes,
                _typeProperty, _typeIdVisible, defaultImpl);
    }
    throw new IllegalStateException(""Do not know how to construct standard type serializer for inclusion type: ""+_includeAs);
}
```

```java
@Override
public TypeSerializer buildTypeSerializer(SerializationConfig config,
        JavaType baseType, Collection<NamedType> subtypes)
{
    if (_idType == JsonTypeInfo.Id.NONE) { return null; }
    
    // Skip primitive types and their wrappers
    if (baseType.isPrimitive() || baseType.isWrapperType()) {
        return null;
    }

    TypeIdResolver idRes = idResolver(config, baseType, subtypes, true, false);
    switch (_includeAs) {
    case WRAPPER_ARRAY:
        return new AsArrayTypeSerializer(idRes, null);
    case PROPERTY:
        return new AsPropertyTypeSerializer(idRes, null, _typeProperty);
    case WRAPPER_OBJECT:
        return new AsWrapperTypeSerializer(idRes, null);
    case EXTERNAL_PROPERTY:
        return new AsExternalTypeSerializer(idRes, null, _typeProperty);
    case EXISTING_PROPERTY:
        return new AsExistingPropertyTypeSerializer(idRes, null, _typeProperty);
    }
    throw new IllegalStateException(""Do not know how to construct standard type serializer for inclusion type: ""+_includeAs);
}
```"
0,root_c0,JacksonDatabind_62_query,JacksonDatabind_62,gen,0,0,10,,
0,root_c0,JacksonDatabind_63_query,JacksonDatabind_63,gen,1,1,10,np.nan,"```java
public String getDescription() {
    if (_desc == null) {
        StringBuilder sb = new StringBuilder();

        if (_from == null) { // can this ever occur?
            sb.append(""UNKNOWN"");
        } else {
            Class<?> cls = (_from instanceof Class<?>) ? (Class<?>)_from : _from.getClass();
            // Use getName() instead of getSimpleName() to include enclosing class names
            String name = cls.getName();
            // Remove package name if present
            int lastDot = name.lastIndexOf('.');
            if (lastDot >= 0) {
                name = name.substring(lastDot + 1);
            }
            sb.append(name);
        }
        sb.append('[');
        if (_fieldName != null) {
            sb.append('""');
            sb.append(_fieldName);
            sb.append('""');
        } else if (_index >= 0) {
            sb.append(_index);
        } else {
            sb.append('?');
        }
        sb.append(']');
        _desc = sb.toString();
    }
    return _desc;
}
```"
0,root_c0,JacksonDatabind_64_query,JacksonDatabind_64,gen,0,0,10,,
0,root_c0,JacksonDatabind_67_query,JacksonDatabind_67,gen,1,4,10,np.nan,"```java
@Override
public KeyDeserializer createKeyDeserializer(DeserializationContext ctxt,
        JavaType type)
    throws JsonMappingException
{
    final DeserializationConfig config = ctxt.getConfig();
    KeyDeserializer deser = null;
    if (_factoryConfig.hasKeyDeserializers()) {
        BeanDescription beanDesc = config.introspectClassAnnotations(type.getRawClass());
        for (KeyDeserializers d  : _factoryConfig.keyDeserializers()) {
            deser = d.findKeyDeserializer(type, config, beanDesc);
            if (deser != null) {
                break;
            }
        }
    }
    // the only non-standard thing is this:
    if (deser == null) {
        if (type.isEnumType()) {
            deser = _createEnumKeyDeserializer(ctxt, type);
        } else {
            deser = StdKeyDeserializers.findStringBasedKeyDeserializer(config, type);
        }
    }
    // and then post-processing
    if (deser != null) {
        if (_factoryConfig.hasDeserializerModifiers()) {
            for (BeanDeserializerModifier mod : _factoryConfig.deserializerModifiers()) {
                deser = mod.modifyKeyDeserializer(config, type, deser);
            }
        }
    }
    return deser;
}
```"
0,root_c0,JacksonDatabind_69_query,JacksonDatabind_69,gen,0,0,10,,
0,root_c0,JacksonDatabind_77_query,JacksonDatabind_77,gen,0,0,10,,
0,root_c0,JacksonDatabind_80_query,JacksonDatabind_80,gen,0,0,10,,
0,root_c0,JacksonDatabind_81_query,JacksonDatabind_81,gen,0,0,10,,
0,root_c0,JacksonDatabind_82_query,JacksonDatabind_82,gen,0,0,10,,
0,root_c0,JacksonDatabind_88_query,JacksonDatabind_88,gen,1,1,10,np.nan,"```java
protected JavaType _typeFromId(String id, DatabindContext ctxt) throws IOException
    {
        /* 30-Jan-2010, tatu: Most ids are basic class names; so let's first
         *    check if any generics info is added; and only then ask factory
         *    to do translation when necessary
         */
        TypeFactory tf = ctxt.getTypeFactory();
        if (id.indexOf('<') > 0) {
            // note: may want to try combining with specialization (esp for EnumMap)?
            // 17-Aug-2017, tatu: As per [databind#1735] need to ensure assignment
            //    compatibility -- needed later anyway, and not doing so may open
            //    security issues.
            JavaType t = tf.constructFromCanonical(id);
            if (!_baseType.isTypeOrSuperTypeOf(t.getRawClass())) {
                throw new IllegalArgumentException(""Type id '""+id+""' not subtype of ""+_baseType);
            }
            return t;
        }
        Class<?> cls;
        try {
            cls =  tf.findClass(id);
        } catch (ClassNotFoundException e) {
            // 24-May-2016, tatu: Ok, this is pretty ugly, but we should always get
            //   DeserializationContext, just playing it safe
            if (ctxt instanceof DeserializationContext) {
                DeserializationContext dctxt = (DeserializationContext) ctxt;
                // First: we may have problem handlers that can deal with it?
                return dctxt.handleUnknownTypeId(_baseType, id, this, ""no such class found"");
            }
            // ... meaning that we really should never get here.
            return null;
        } catch (Exception e) {
            throw new IllegalArgumentException(""Invalid type id '""+id+""' (for id type 'Id.class'): ""+e.getMessage(), e);
        }
        return tf.constructSpecializedType(_baseType, cls);
    }
```"
0,root_c0,JacksonDatabind_8_query,JacksonDatabind_8,gen,1,2,10,np.nan,"```java
protected void verifyNonDup(AnnotatedWithParams newOne, int typeIndex, boolean explicit) {
    final int mask = (1 << typeIndex);
    _hasNonDefaultCreator = true;
    AnnotatedWithParams oldOne = _creators[typeIndex];
    // already had an explicitly marked one?
    if (oldOne != null) {
        if ((_explicitCreators & mask) != 0) { // already had explicitly annotated, leave as-is
            // but skip, if new one not annotated
            if (!explicit) {
                return;
            }
            // both explicit: verify
            // otherwise only verify if neither explicitly annotated.
        }

        // one more thing: ok to override in sub-class
        if (oldOne.getClass() == newOne.getClass()) {
            // [databind#667]: avoid one particular class of bogus problems
            if (oldOne.getDeclaringClass().isAssignableFrom(newOne.getDeclaringClass())) {
                // new one more specific, use it
                _creators[typeIndex] = _fixAccess(newOne);
                return;
            }
            // otherwise, keep the old one
            return;
        }
    }
    if (explicit) {
        _explicitCreators |= mask;
    }
    _creators[typeIndex] = _fixAccess(newOne);
}
```"
0,root_c0,JacksonDatabind_90_query,JacksonDatabind_90,gen,1,1,10,np.nan,"```java
public boolean canInstantiate() {
        return canCreateUsingDefault()
                || canCreateUsingDelegate() 
                || canCreateFromObjectWith() || canCreateFromString()
                || canCreateFromInt() || canCreateFromLong()
                || canCreateFromDouble() || canCreateFromBoolean()
                || canCreateFromArray();
    }
```"
0,root_c0,JacksonDatabind_91_query,JacksonDatabind_91,gen,0,0,10,,
0,root_c0,JacksonDatabind_93_query,JacksonDatabind_93,gen,1,9,10,np.nan,"```java
public void validateSubType(DeserializationContext ctxt, JavaType type) throws JsonMappingException
    {
        // There are certain nasty classes that could cause problems, mostly
        // via default typing -- catch them here.
        if (type == null) {
            throw JsonMappingException.from(ctxt, ""Null type to deserialize"");
        }
        
        final Class<?> raw = type.getRawClass();
        if (raw == null) {
            throw JsonMappingException.from(ctxt, ""Null raw class in type to deserialize"");
        }
        
        String full = raw.getName();

        main_check:
        do {
            if (_cfgIllegalClassNames != null && _cfgIllegalClassNames.contains(full)) {
                break;
            }

            // 18-Dec-2017, tatu: As per [databind#1855], need bit more sophisticated handling
            //    for some Spring framework types
            // 05-Jan-2017, tatu: ... also, only applies to classes, not interfaces
            if (full.startsWith(PREFIX_STRING)) {
                for (Class<?> cls = raw; cls != null && cls != Object.class; cls = cls.getSuperclass()) {
                    String name = cls.getSimpleName();
                    // looking for ""AbstractBeanFactoryPointcutAdvisor"" but no point to allow any is there?
                    if (""AbstractPointcutAdvisor"".equals(name)
                            // ditto  for ""FileSystemXmlApplicationContext"": block all ApplicationContexts
                            || ""AbstractApplicationContext"".equals(name)) {
                        break main_check;
                    }
                }
            }
            return;
        } while (false);

        throw JsonMappingException.from(ctxt,
                String.format(""Illegal type (%s) to deserialize: prevented for security reasons"", full));
    }
```"
0,root_c0,JacksonDatabind_95_query,JacksonDatabind_95,gen,0,0,10,,
0,root_c0,JacksonDatabind_96_query,JacksonDatabind_96,gen,1,2,10,np.nan,"```java
protected void _addExplicitAnyCreator(DeserializationContext ctxt,
            BeanDescription beanDesc, CreatorCollector creators,
            CreatorCandidate candidate)
        throws JsonMappingException
    {
        // Looks like there's bit of magic regarding 1-parameter creators; others simpler:
        if (1 != candidate.paramCount()) {
            // Ok: for delegates, we want one and exactly one parameter without
            // injection AND without name
            int oneNotInjected = candidate.findOnlyParamWithoutInjection();
            if (oneNotInjected >= 0) {
                // getting close; but most not have name
                if (candidate.paramName(oneNotInjected) == null) {
                    _addExplicitDelegatingCreator(ctxt, beanDesc, creators, candidate);
                    return;
                }
            }
            _addExplicitPropertyCreator(ctxt, beanDesc, creators, candidate);
            return;
        }
        AnnotatedParameter param = candidate.parameter(0);
        JacksonInject.Value injectId = candidate.injection(0);
        PropertyName paramName = candidate.explicitParamName(0);
        BeanPropertyDefinition paramDef = candidate.propertyDef(0);

        // If there's injection or explicit name, should be properties-based
        boolean useProps = (paramName != null) || (injectId != null);
        if (!useProps && (paramDef != null)) {
            // One more thing: if implicit name matches property with a getter
            // or field, we'll consider it property-based as well
            paramName = candidate.findImplicitParamName(0);
            // Also consider strategy-based name transformation
            if (paramName == null) {
                String implicitName = candidate.implicitParamName(0);
                if (implicitName != null) {
                    paramName = PropertyName.construct(implicitName);
                }
            }
            useProps = (paramName != null) && paramDef.couldSerialize();
        }
        if (useProps) {
            SettableBeanProperty[] properties = new SettableBeanProperty[] {
                    constructCreatorProperty(ctxt, beanDesc, paramName, 0, param, injectId)
            };
            creators.addPropertyCreator(candidate.creator(), true, properties);
            return;
        }
        _handleSingleArgumentCreator(creators, candidate.creator(), true, true);

        // one more thing: sever link to creator property, to avoid possible later
        // problems with ""unresolved"" constructor property
        if (paramDef != null) {
            ((POJOPropertyBuilder) paramDef).removeConstructors();
        }
    }
```"
0,root_c0,JacksonDatabind_98_query,JacksonDatabind_98,gen,0,0,10,,
0,root_c0,JacksonDatabind_99_query,JacksonDatabind_99,gen,1,6,10,np.nan,"```java
@Override
    protected String buildCanonicalName()
    {
        StringBuilder sb = new StringBuilder();
        sb.append(_class.getName());
        sb.append('<');
        sb.append(_referencedType.toCanonical());
        sb.append('>');
        return sb.toString();
    }
```"
0,root_c0,Lang_15_query,Lang_15,gen,0,0,10,,
0,root_c0,Mockito_12_query,Mockito_12,gen,0,0,10,,
0,root_c0,Mockito_20_query,Mockito_20,gen,0,0,10,,
0,root_c0,Mockito_21_query,Mockito_21,gen,0,0,10,,
0,root_c0,Mockito_28_query,Mockito_28,gen,0,0,10,,
0,root_c0,Mockito_7_query,Mockito_7,gen,0,0,10,,
0,root_c0,Mockito_8_query,Mockito_8,gen,0,0,10,,
0,root_c1,Codec_2_query,Codec_2,gen,1,9,10,np.nan,"```java
void encode(byte[] in, int inPos, int inAvail) {
        if (eof) {
            return;
        }
        // inAvail < 0 is how we're informed of EOF in the underlying data we're
        // encoding.
        if (inAvail < 0) {
            eof = true;
            if (buf == null || buf.length - pos < encodeSize) {
                resizeBuf();
            }
            switch (modulus) {
                case 1:
                    buf[pos++] = encodeTable[(x >> 2) & MASK_6BITS];
                    buf[pos++] = encodeTable[(x << 4) & MASK_6BITS];
                    // URL-SAFE skips the padding to further reduce size.
                    if (encodeTable == STANDARD_ENCODE_TABLE) {
                        buf[pos++] = PAD;
                        buf[pos++] = PAD;
                    }
                    break;

                case 2:
                    buf[pos++] = encodeTable[(x >> 10) & MASK_6BITS];
                    buf[pos++] = encodeTable[(x >> 4) & MASK_6BITS];
                    buf[pos++] = encodeTable[(x << 2) & MASK_6BITS];
                    // URL-SAFE skips the padding to further reduce size.
                    if (encodeTable == STANDARD_ENCODE_TABLE) {
                        buf[pos++] = PAD;
                    }
                    break;
            }
            if (lineLength > 0 && pos > 0) {
                System.arraycopy(lineSeparator, 0, buf, pos, lineSeparator.length);
                pos += lineSeparator.length;
            }
        } else {
            for (int i = 0; i < inAvail; i++) {
                if (buf == null || buf.length - pos < encodeSize) {
                    resizeBuf();
                }
                modulus = (++modulus) % 3;
                int b = in[inPos++];
                if (b < 0) { b += 256; }
                x = (x << 8) + b;
                if (0 == modulus) {
                    buf[pos++] = encodeTable[(x >> 18) & MASK_6BITS];
                    buf[pos++] = encodeTable[(x >> 12) & MASK_6BITS];
                    buf[pos++] = encodeTable[(x >> 6) & MASK_6BITS];
                    buf[pos++] = encodeTable[x & MASK_6BITS];
                    currentLinePos += 4;
                    if (lineLength > 0 && lineLength <= currentLinePos) {
                        System.arraycopy(lineSeparator, 0, buf, pos, lineSeparator.length);
                        pos += lineSeparator.length;
                        currentLinePos = 0;
                    }
                }
            }
        }
    }
```"
0,root_c1,Codec_4_query,Codec_4,gen,1,10,10,np.nan,"```java
public Base64() {
        this(0, CHUNK_SEPARATOR, false);
    }
```"
0,root_c1,Codec_5_query,Codec_5,gen,1,7,10,np.nan,"```java
void decode(byte[] in, int inPos, int inAvail) {
        if (eof) {
            return;
        }
        if (inAvail < 0) {
            eof = true;
        }
        if (in == null) {
            return;
        }
        for (int i = 0; i < inAvail; i++) {
            if (buffer == null || buffer.length - pos < decodeSize) {
                resizeBuffer();
            }
            byte b = in[inPos++];
            if (b == PAD) {
                // We're done.
                eof = true;
                break;
            } else {
                if (b >= 0 && b < DECODE_TABLE.length) {
                    int result = DECODE_TABLE[b];
                    if (result >= 0) {
                        modulus = (++modulus) % 4;
                        x = (x << 6) + result;
                        if (modulus == 0) {
                            buffer[pos++] = (byte) ((x >> 16) & MASK_8BITS);
                            buffer[pos++] = (byte) ((x >> 8) & MASK_8BITS);
                            buffer[pos++] = (byte) (x & MASK_8BITS);
                        }
                    }
                }
            }
        }

        // Two forms of EOF as far as base64 decoder is concerned: actual
        // EOF (-1) and first time '=' character is encountered in stream.
        // This approach makes the '=' padding characters completely optional.
        if (eof && modulus != 0) {
            if (buffer == null) {
                resizeBuffer();
            }
            x = x << 6;
            switch (modulus) {
                case 2 :
                    x = x << 6;
                    buffer[pos++] = (byte) ((x >> 16) & MASK_8BITS);
                    break;
                case 3 :
                    buffer[pos++] = (byte) ((x >> 16) & MASK_8BITS);
                    buffer[pos++] = (byte) ((x >> 8) & MASK_8BITS);
                    break;
            }
        }
    }
```"
0,root_c1,Codec_6_query,Codec_6,gen,0,0,10,,
0,root_c1,Codec_7_query,Codec_7,gen,1,10,10,np.nan,"```java
public static String encodeBase64String(byte[] binaryData) {
    if (binaryData == null) {
        return null;
    }
    byte[] encoded = encodeBase64(binaryData, false);
    return StringUtils.newStringUtf8(encoded);
}
```"
0,root_c1,Codec_8_query,Codec_8,gen,0,0,10,,
0,root_c1,Codec_9_query,Codec_9,gen,1,10,10,np.nan,"```java
public static byte[] encodeBase64(byte[] binaryData, boolean isChunked, boolean urlSafe, int maxResultSize) {
        if (binaryData == null || binaryData.length == 0) {
            return binaryData;
        }

        long len = getEncodeLength(binaryData, isChunked ? MIME_CHUNK_SIZE : 0, CHUNK_SEPARATOR);
        if (len > maxResultSize) {
            throw new IllegalArgumentException(""Input array too big, the output array would be bigger ("" +
                len +
                "") than the specified maxium size of "" +
                maxResultSize);
        }
                
        Base64 b64 = isChunked ? new Base64(urlSafe) : new Base64(0, CHUNK_SEPARATOR, urlSafe);
        return b64.encode(binaryData);
    }
```"
0,root_c1,Compress_10_query,Compress_10,gen,1,1,10,np.nan,"```java
private void resolveLocalFileHeaderData(Map<ZipArchiveEntry, NameAndComment>
                                            entriesWithoutUTF8Flag)
        throws IOException {
        // changing the name of a ZipArchiveEntry is going to change
        // the hashcode - see COMPRESS-164
        // Map needs to be reconstructed in order to keep central
        // directory order
        Map<ZipArchiveEntry, OffsetEntry> copy = new LinkedHashMap<ZipArchiveEntry, OffsetEntry>(entries);
        entries.clear();
        
        for (Map.Entry<ZipArchiveEntry, OffsetEntry> mapEntry : copy.entrySet()) {
            ZipArchiveEntry ze = mapEntry.getKey();
            OffsetEntry offsetEntry = mapEntry.getValue();
            long offset = offsetEntry.headerOffset;
            archive.seek(offset + LFH_OFFSET_FOR_FILENAME_LENGTH);
            byte[] b = new byte[SHORT];
            archive.readFully(b);
            int fileNameLen = ZipShort.getValue(b);
            archive.readFully(b);
            int extraFieldLen = ZipShort.getValue(b);
            byte[] fileName = new byte[fileNameLen];
            archive.readFully(fileName);
            byte[] localExtraData = new byte[extraFieldLen];
            archive.readFully(localExtraData);
            ze.setExtra(localExtraData);
            offsetEntry.dataOffset = offset + LFH_OFFSET_FOR_FILENAME_LENGTH
                + SHORT + SHORT + fileNameLen + extraFieldLen;

            if (entriesWithoutUTF8Flag.containsKey(ze)) {
                String orig = ze.getName();
                NameAndComment nc = entriesWithoutUTF8Flag.get(ze);
                ZipUtil.setNameAndCommentFromExtraFields(ze, nc.name,
                                                         nc.comment);
                if (!orig.equals(ze.getName())) {
                    nameMap.remove(orig);
                    nameMap.put(ze.getName(), ze);
                }
            }
            entries.put(ze, offsetEntry);
        }
    }
```"
0,root_c1,Compress_11_query,Compress_11,gen,1,2,10,np.nan,"```java
public ArchiveInputStream createArchiveInputStream(final InputStream in)
            throws ArchiveException {
        if (in == null) {
            throw new IllegalArgumentException(""Stream must not be null."");
        }

        if (!in.markSupported()) {
            throw new IllegalArgumentException(""Mark is not supported."");
        }

        final byte[] signature = new byte[12];
        in.mark(signature.length);
        try {
            int signatureLength = in.read(signature);
            in.reset();
            if (ZipArchiveInputStream.matches(signature, signatureLength)) {
                return new ZipArchiveInputStream(in);
            } else if (JarArchiveInputStream.matches(signature, signatureLength)) {
                return new JarArchiveInputStream(in);
            } else if (ArArchiveInputStream.matches(signature, signatureLength)) {
                return new ArArchiveInputStream(in);
            } else if (CpioArchiveInputStream.matches(signature, signatureLength)) {
                return new CpioArchiveInputStream(in);
            }

            // Dump needs a bigger buffer to check the signature;
            final byte[] dumpsig = new byte[32];
            in.mark(dumpsig.length);
            signatureLength = in.read(dumpsig);
            in.reset();
            if (DumpArchiveInputStream.matches(dumpsig, signatureLength)) {
                return new DumpArchiveInputStream(in);
            }

            // Tar needs an even bigger buffer to check the signature; read the first block
            final byte[] tarheader = new byte[512];
            in.mark(tarheader.length);
            signatureLength = in.read(tarheader);
            in.reset();
            if (TarArchiveInputStream.matches(tarheader, signatureLength)) {
                return new TarArchiveInputStream(in);
            }

            // If no known archive signature was found, throw exception
            throw new ArchiveException(""No Archiver found for the stream signature"");
        } catch (IOException e) {
            throw new ArchiveException(""Could not use reset and mark operations."", e);
        }
    }
```"
0,root_c1,Compress_12_query,Compress_12,gen,1,10,10,np.nan,"```java
public TarArchiveEntry getNextTarEntry() throws IOException {
    if (hasHitEOF) {
        return null;
    }

    if (currEntry != null) {
        long numToSkip = entrySize - entryOffset;

        while (numToSkip > 0) {
            long skipped = skip(numToSkip);
            if (skipped <= 0) {
                throw new RuntimeException(""failed to skip current tar entry"");
            }
            numToSkip -= skipped;
        }

        readBuf = null;
    }

    byte[] headerBuf = getRecord();

    if (hasHitEOF) {
        currEntry = null;
        return null;
    }

    try {
        currEntry = new TarArchiveEntry(headerBuf);
    } catch (IllegalArgumentException e) {
        throw new IOException(""Invalid tar header"", e);
    }

    entryOffset = 0;
    entrySize = currEntry.getSize();

    if (currEntry.isGNULongNameEntry()) {
        // read in the name
        StringBuilder longName = new StringBuilder();
        byte[] buf = new byte[SMALL_BUFFER_SIZE];
        int length = 0;
        while ((length = read(buf)) >= 0) {
            longName.append(new String(buf, 0, length));
        }
        getNextEntry();
        if (currEntry == null) {
            // Bugzilla: 40334
            // Malformed tar file - long entry name not followed by entry
            return null;
        }
        // remove trailing null terminator
        if (longName.length() > 0
            && longName.charAt(longName.length() - 1) == 0) {
            longName.deleteCharAt(longName.length() - 1);
        }
        currEntry.setName(longName.toString());
    }

    if (currEntry.isPaxHeader()){ // Process Pax headers
        paxHeaders();
    }

    if (currEntry.isGNUSparse()){ // Process sparse files
        readGNUSparse();
    }

    // If the size of the next element in the archive has changed
    // due to a new size being reported in the posix header
    // information, we update entrySize here so that it contains
    // the correct value.
    entrySize = currEntry.getSize();
    return currEntry;
}
```"
0,root_c1,Compress_13_query,Compress_13,gen,1,10,10,np.nan,"```java
protected void setName(String name) {
        this.name = name.replace('\\', '/');
    }
```"
0,root_c1,Compress_14_query,Compress_14,gen,1,2,10,np.nan,"```java
public static long parseOctal(final byte[] buffer, final int offset, final int length) {
        long    result = 0;
        int     end = offset + length;
        int     start = offset;

        if (length < 2){
            throw new IllegalArgumentException(""Length ""+length+"" must be at least 2"");
        }

        boolean allNUL = true;
        for (int i = start; i < end; i++){
            if (buffer[i] != 0){
                allNUL = false;
                break;
            }
        }
        if (allNUL) {
            return 0L;
        }

        // Skip leading spaces and NULs
        while (start < end){
            if (buffer[start] == ' ' || buffer[start] == 0){
                start++;
            } else {
                break;
            }
        }

        // Must have trailing NUL or space
        byte trailer;
        trailer = buffer[end-1];
        if (trailer == 0 || trailer == ' '){
            end--;
        } else {
            throw new IllegalArgumentException(
                    exceptionMessage(buffer, offset, length, end-1, trailer));
        }
        // May have additional NUL or space
        trailer = buffer[end-1];
        if (trailer == 0 || trailer == ' '){
            end--;
        }

        for ( ;start < end; start++) {
            final byte currentByte = buffer[start];
            // CheckStyle:MagicNumber OFF
            if (currentByte < '0' || currentByte > '7'){
                throw new IllegalArgumentException(
                        exceptionMessage(buffer, offset, length, start, currentByte));
            }
            result = (result << 3) + (currentByte - '0'); // convert from ASCII
            // CheckStyle:MagicNumber ON
        }

        return result;
    }
```"
0,root_c1,Compress_15_query,Compress_15,gen,1,10,10,np.nan,"```java
@Override
public boolean equals(Object obj) {
    if (this == obj) {
        return true;
    }
    if (obj == null || getClass() != obj.getClass()) {
        return false;
    }
    ZipArchiveEntry other = (ZipArchiveEntry) obj;
    String myName = getName();
    String otherName = other.getName();
    if (myName == null) {
        if (otherName != null) {
            return false;
        }
    } else if (!myName.equals(otherName)) {
        return false;
    }
    String myComment = getComment();
    String otherComment = other.getComment();
    if (myComment == null || myComment.isEmpty()) {
        if (otherComment != null && !otherComment.isEmpty()) {
            return false;
        }
    } else if (!myComment.equals(otherComment)) {
        return false;
    }
    return getTime() == other.getTime()
        && getInternalAttributes() == other.getInternalAttributes()
        && getPlatform() == other.getPlatform()
        && getExternalAttributes() == other.getExternalAttributes()
        && getMethod() == other.getMethod()
        && getSize() == other.getSize()
        && getCrc() == other.getCrc()
        && getCompressedSize() == other.getCompressedSize()
        && Arrays.equals(getCentralDirectoryExtra(),
                         other.getCentralDirectoryExtra())
        && Arrays.equals(getLocalFileDataExtra(),
                         other.getLocalFileDataExtra())
        && gpb.equals(other.gpb);
}
```"
0,root_c1,Compress_16_query,Compress_16,gen,0,0,10,,
0,root_c1,Compress_17_query,Compress_17,gen,0,0,10,,
0,root_c1,Compress_18_query,Compress_18,gen,0,0,10,,
0,root_c1,Compress_19_query,Compress_19,gen,1,10,10,np.nan,"```java
public void reparseCentralDirectoryData(boolean hasUncompressedSize,
                                            boolean hasCompressedSize,
                                            boolean hasRelativeHeaderOffset,
                                            boolean hasDiskStart)
        throws ZipException {
        if (rawCentralDirectoryData != null) {
            int expectedLength = (hasUncompressedSize ? DWORD : 0)
                + (hasCompressedSize ? DWORD : 0)
                + (hasRelativeHeaderOffset ? DWORD : 0)
                + (hasDiskStart ? WORD : 0);
            if (rawCentralDirectoryData.length < expectedLength) {
                throw new ZipException(""central directory zip64 extended""
                                       + "" information extra field's length""
                                       + "" doesn't match central directory""
                                       + "" data.  Expected length ""
                                       + expectedLength + "" but is ""
                                       + rawCentralDirectoryData.length);
            }
            int offset = 0;
            if (hasUncompressedSize) {
                size = new ZipEightByteInteger(rawCentralDirectoryData, offset);
                offset += DWORD;
            }
            if (hasCompressedSize) {
                compressedSize = new ZipEightByteInteger(rawCentralDirectoryData,
                                                         offset);
                offset += DWORD;
            }
            if (hasRelativeHeaderOffset) {
                relativeHeaderOffset =
                    new ZipEightByteInteger(rawCentralDirectoryData, offset);
                offset += DWORD;
            }
            if (hasDiskStart) {
                diskStart = new ZipLong(rawCentralDirectoryData, offset);
                offset += WORD;
            }
        }
    }
```"
0,root_c1,Compress_1_query,Compress_1,gen,1,6,10,np.nan,"```java
public void close() throws IOException {
    if (!this.closed) {
        try {
            if (out != null) {
                out.flush();
            }
            super.close();
        } finally {
            this.closed = true;
        }
    }
}
```"
0,root_c1,Compress_20_query,Compress_20,gen,0,0,10,,
0,root_c1,Compress_21_query,Compress_21,gen,1,10,10,np.nan,"```java
private void writeBits(final DataOutput header, final BitSet bits, final int length) throws IOException {
        int cache = 0;
        int shift = 7;
        for (int i = 0; i < length; i++) {
            cache |= ((bits.get(i) ? 1 : 0) << shift);
            --shift;
            if (shift < 0) {
                header.write(cache & 0xff);
                shift = 7;
                cache = 0;
            }
        }
        if (shift != 7) {
            header.write(cache & 0xff);
        }
    }
```"
0,root_c1,Compress_23_query,Compress_23,gen,1,4,10,np.nan,"```java
@Override
InputStream decode(final InputStream in, final Coder coder,
        byte[] password) throws IOException {
    byte propsByte = coder.properties[0];
    long dictSize = coder.properties[1] & 0xFF;
    for (int i = 1; i < 4; i++) {
        dictSize |= (long)(coder.properties[i + 1] & 0xFF) << (8 * i);
    }
    if (dictSize > LZMAInputStream.DICT_SIZE_MAX) {
        throw new IOException(""Dictionary larger than 4GiB maximum size"");
    }
    if (dictSize < LZMAInputStream.DICT_SIZE_MIN) {
        dictSize = LZMAInputStream.DICT_SIZE_MIN;
    }
    return new LZMAInputStream(in, -1, propsByte, (int) dictSize);
}
```"
0,root_c1,Compress_24_query,Compress_24,gen,1,7,10,np.nan,"```java
public static long parseOctal(final byte[] buffer, final int offset, final int length) {
        long    result = 0;
        int     end = offset + length;
        int     start = offset;

        if (length < 2){
            throw new IllegalArgumentException(""Length ""+length+"" must be at least 2"");
        }

        if (buffer[start] == 0) {
            return 0L;
        }

        // Skip leading spaces
        while (start < end){
            if (buffer[start] == ' '){
                start++;
            } else {
                break;
            }
        }

        // Trim all trailing NULs and spaces.
        // The ustar and POSIX tar specs require a trailing NUL or
        // space but some implementations use the extra digit for big
        // sizes/uids/gids ...
        byte trailer = buffer[end - 1];
        if (trailer == 0 || trailer == ' '){
            end--;
        } else {
            // Allow 12 digits if no trailing space/NUL
            if (end - start == 12) {
                end = offset + length;
            } else {
                throw new IllegalArgumentException(
                        exceptionMessage(buffer, offset, length, end-1, trailer));
            }
        }
        trailer = buffer[end - 1];
        while (start < end - 1 && (trailer == 0 || trailer == ' ')) {
            end--;
            trailer = buffer[end - 1];
        }

        for ( ;start < end; start++) {
            final byte currentByte = buffer[start];
            // CheckStyle:MagicNumber OFF
            if (currentByte < '0' || currentByte > '7'){
                throw new IllegalArgumentException(
                        exceptionMessage(buffer, offset, length, start, currentByte));
            }
            result = (result << 3) + (currentByte - '0'); // convert from ASCII
            // CheckStyle:MagicNumber ON
        }

        return result;
    }
```"
0,root_c1,Compress_25_query,Compress_25,gen,1,5,10,np.nan,"```java
public ZipArchiveInputStream(InputStream inputStream,
                                 String encoding,
                                 boolean useUnicodeExtraFields,
                                 boolean allowStoredEntriesWithDataDescriptor) {
        zipEncoding = ZipEncodingHelper.getZipEncoding(encoding);
        this.useUnicodeExtraFields = useUnicodeExtraFields;
        in = new PushbackInputStream(inputStream, buf.capacity());
        this.allowStoredEntriesWithDataDescriptor =
            allowStoredEntriesWithDataDescriptor;
        // haven't read anything so far
        buf = ByteBuffer.allocate(BUFFER_SIZE);
        buf.limit(0);
    }
```"
0,root_c1,Compress_26_query,Compress_26,gen,1,10,10,np.nan,"```java
public static long skip(InputStream input, long numToSkip) throws IOException {
    long remaining = numToSkip;
    while (remaining > 0) {
        long skipped = input.skip(remaining);
        if (skipped == 0) {
            // Skip returned 0, try reading one byte to check for EOF
            if (input.read() == -1) {
                break;
            }
            skipped = 1;
        }
        remaining -= skipped;
    }
    return numToSkip - remaining;
}
```"
0,root_c1,Compress_27_query,Compress_27,gen,1,5,10,np.nan,"```java
public static long parseOctal(final byte[] buffer, final int offset, final int length) {
        long    result = 0;
        int     end = offset + length;
        int     start = offset;

        if (length < 2){
            throw new IllegalArgumentException(""Length ""+length+"" must be at least 2"");
        }

        if (buffer[start] == 0) {
            return 0L;
        }

        // Skip leading spaces
        while (start < end){
            if (buffer[start] == ' '){
                start++;
            } else {
                break;
            }
        }

        // Skip leading NULs
        while (start < end && buffer[start] == 0) {
            start++;
        }

        // Trim all trailing NULs and spaces.
        // The ustar and POSIX tar specs require a trailing NUL or
        // space but some implementations use the extra digit for big
        // sizes/uids/gids ...
        byte trailer = buffer[end - 1];
        while (start < end && (trailer == 0 || trailer == ' ')) {
            end--;
            trailer = buffer[end - 1];
        }
        if (start == end) {
            return 0L;
        }

        for ( ;start < end; start++) {
            final byte currentByte = buffer[start];
            // CheckStyle:MagicNumber OFF
            if (currentByte < '0' || currentByte > '7'){
                throw new IllegalArgumentException(
                        exceptionMessage(buffer, offset, length, start, currentByte));
            }
            result = (result << 3) + (currentByte - '0'); // convert from ASCII
            // CheckStyle:MagicNumber ON
        }

        return result;
    }
```"
0,root_c1,Compress_28_query,Compress_28,gen,1,10,10,np.nan,"```java
@Override
public int read(byte[] buf, int offset, int numToRead) throws IOException {
    int totalRead = 0;

    if (hasHitEOF || entryOffset >= entrySize) {
        return -1;
    }

    if (currEntry == null) {
        throw new IllegalStateException(""No current tar entry"");
    }

    numToRead = Math.min(numToRead, available());
    
    totalRead = is.read(buf, offset, numToRead);
    
    if (totalRead == -1) {
        if (entryOffset < entrySize) {
            throw new IOException(""Truncated TAR archive"");
        }
        hasHitEOF = true;
    } else {
        entryOffset += totalRead;
    }

    count(totalRead);
    return totalRead;
}
```"
0,root_c1,Compress_30_query,Compress_30,gen,1,10,10,np.nan,"```java
@Override
    public int read(final byte[] dest, final int offs, final int len)
        throws IOException {
        if (offs < 0) {
            throw new IndexOutOfBoundsException(""offs("" + offs + "") < 0."");
        }
        if (len < 0) {
            throw new IndexOutOfBoundsException(""len("" + len + "") < 0."");
        }
        if (offs + len > dest.length) {
            throw new IndexOutOfBoundsException(""offs("" + offs + "") + len(""
                                                + len + "") > dest.length("" + dest.length + "")."");
        }
        if (this.in == null) {
            throw new IOException(""stream closed"");
        }
        if (len == 0) {
            return 0;
        }

        final int hi = offs + len;
        int destOffs = offs;
        int b;
        while (destOffs < hi && ((b = read0()) >= 0)) {
            dest[destOffs++] = (byte) b;
            count(1);
        }

        int c = (destOffs == offs) ? -1 : (destOffs - offs);
        return c;
    }
```"
0,root_c1,Compress_31_query,Compress_31,gen,1,5,10,np.nan,"```java
public static long parseOctal(final byte[] buffer, final int offset, final int length) {
        long    result = 0;
        int     end = offset + length;
        int     start = offset;

        if (length < 2){
            throw new IllegalArgumentException(""Length ""+length+"" must be at least 2"");
        }

        if (buffer[start] == 0) {
            return 0L;
        }

        // Skip leading spaces
        while (start < end){
            if (buffer[start] == ' '){
                start++;
            } else {
                break;
            }
        }

        // Trim all trailing NULs and spaces.
        // The ustar and POSIX tar specs require a trailing NUL or
        // space but some implementations use the extra digit for big
        // sizes/uids/gids ...
        byte trailer = buffer[end - 1];
        while (start < end && (trailer == 0 || trailer == ' ')) {
            end--;
            trailer = buffer[end - 1];
        }

        for ( ;start < end; start++) {
            final byte currentByte = buffer[start];
            // Check for embedded NUL or space
            if (currentByte == 0 || currentByte == ' ') {
                throw new IllegalArgumentException(
                        exceptionMessage(buffer, offset, length, start, currentByte));
            }
            // CheckStyle:MagicNumber OFF
            if (currentByte < '0' || currentByte > '7'){
                throw new IllegalArgumentException(
                        exceptionMessage(buffer, offset, length, start, currentByte));
            }
            result = (result << 3) + (currentByte - '0'); // convert from ASCII
            // CheckStyle:MagicNumber ON
        }

        return result;
    }
```"
0,root_c1,Compress_32_query,Compress_32,gen,1,6,10,np.nan,"```java
private void applyPaxHeadersToCurrentEntry(Map<String, String> headers) {
        /*
         * The following headers are defined for Pax.
         * atime, ctime, charset: cannot use these without changing TarArchiveEntry fields
         * mtime
         * comment
         * gid, gname
         * linkpath
         * size
         * uid,uname
         * SCHILY.devminor, SCHILY.devmajor: don't have setters/getters for those
         */
        for (Entry<String, String> ent : headers.entrySet()){
            String key = ent.getKey();
            String val = ent.getValue();
            if (""path"".equals(key)){
                currEntry.setName(val);
            } else if (""linkpath"".equals(key)){
                currEntry.setLinkName(val);
            } else if (""gid"".equals(key)){
                currEntry.setGroupId(Long.parseLong(val));
            } else if (""gname"".equals(key)){
                currEntry.setGroupName(val);
            } else if (""uid"".equals(key)){
                currEntry.setUserId(Long.parseLong(val));
            } else if (""uname"".equals(key)){
                currEntry.setUserName(val);
            } else if (""size"".equals(key)){
                currEntry.setSize(Long.parseLong(val));
            } else if (""mtime"".equals(key)){
                currEntry.setModTime((long) (Double.parseDouble(val) * 1000));
            } else if (""SCHILY.devminor"".equals(key)){
                currEntry.setDevMinor(Integer.parseInt(val));
            } else if (""SCHILY.devmajor"".equals(key)){
                currEntry.setDevMajor(Integer.parseInt(val));
            }
        }
    }
```"
0,root_c1,Compress_35_query,Compress_35,gen,0,0,10,,
0,root_c1,Compress_36_query,Compress_36,gen,0,0,10,,
0,root_c1,Compress_37_query,Compress_37,gen,1,3,10,np.nan,"```java
Map<String, String> parsePaxHeaders(final InputStream i)
        throws IOException {
        final Map<String, String> headers = new HashMap<String, String>(globalPaxHeaders);
        // Format is ""length keyword=value\n"";
        while(true) { // get length
            int ch;
            int len = 0;
            int read = 0;
            while((ch = i.read()) != -1) {
                read++;
                if (ch == ' ') {
                    // Get keyword
                    final ByteArrayOutputStream coll = new ByteArrayOutputStream();
                    while((ch = i.read()) != -1) {
                        read++;
                        if (ch == '=') { // end of keyword
                            final String keyword = coll.toString(CharsetNames.UTF_8);
                            // Get rest of entry
                            final int restLen = len - read;
                            if (restLen < 0) {
                                throw new IOException(""Malformed pax header"");
                            }
                            if (restLen == 1) { // only NL
                                headers.remove(keyword);
                            } else {
                                final byte[] rest = new byte[restLen];
                                final int got = IOUtils.readFully(i, rest);
                                if (got != restLen) {
                                    throw new IOException(""Failed to read ""
                                            + ""Paxheader. Expected ""
                                            + restLen
                                            + "" bytes, read ""
                                            + got);
                                }
                                // Drop trailing NL
                                final String value = new String(rest, 0,
                                        restLen - 1, CharsetNames.UTF_8);
                                headers.put(keyword, value);
                            }
                            break;
                        }
                        coll.write((byte) ch);
                    }
                    break; // Processed single header
                }
                len *= 10;
                len += ch - '0';
            }
            if (ch == -1) { // EOF
                break;
            }
        }
        return headers;
    }
```"
0,root_c1,Compress_38_query,Compress_38,gen,0,0,10,,
0,root_c1,Compress_40_query,Compress_40,gen,0,0,10,,
0,root_c1,Compress_41_query,Compress_41,gen,1,10,10,np.nan,"```java
public ZipArchiveEntry getNextZipEntry() throws IOException {
    boolean firstEntry = true;
    if (closed || hitCentralDirectory) {
        return null;
    }
    if (current != null) {
        closeEntry();
        firstEntry = false;
    }

    try {
        if (firstEntry) {
            readFirstLocalFileHeader(LFH_BUF);
        } else {
            readFully(LFH_BUF);
        }
    } catch (final EOFException e) {
        return null;
    }

    final ZipLong sig = new ZipLong(LFH_BUF);
    if (sig.equals(ZipLong.CFH_SIG) || sig.equals(ZipLong.AED_SIG)) {
        hitCentralDirectory = true;
        skipRemainderOfArchive();
        return null;
    }
    if (!sig.equals(ZipLong.LFH_SIG)) {
        throw new ZipException(""Unexpected record signature: 0x"" + Long.toHexString(sig.getValue()));
    }

    int off = WORD;
    current = new CurrentEntry();

    final int versionMadeBy = ZipShort.getValue(LFH_BUF, off);
    off += SHORT;
    current.entry.setPlatform((versionMadeBy >> ZipFile.BYTE_SHIFT) & ZipFile.NIBLET_MASK);

    final GeneralPurposeBit gpFlag = GeneralPurposeBit.parse(LFH_BUF, off);
    final boolean hasUTF8Flag = gpFlag.usesUTF8ForNames();
    final ZipEncoding entryEncoding = hasUTF8Flag ? ZipEncodingHelper.UTF8_ZIP_ENCODING : zipEncoding;
    current.hasDataDescriptor = gpFlag.usesDataDescriptor();
    current.entry.setGeneralPurposeBit(gpFlag);

    off += SHORT;

    current.entry.setMethod(ZipShort.getValue(LFH_BUF, off));
    off += SHORT;

    final long time = ZipUtil.dosToJavaTime(ZipLong.getValue(LFH_BUF, off));
    current.entry.setTime(time);
    off += WORD;

    ZipLong size = null, cSize = null;
    if (!current.hasDataDescriptor) {
        current.entry.setCrc(ZipLong.getValue(LFH_BUF, off));
        off += WORD;

        cSize = new ZipLong(LFH_BUF, off);
        off += WORD;

        size = new ZipLong(LFH_BUF, off);
        off += WORD;
    } else {
        off += 3 * WORD;
    }

    final int fileNameLen = ZipShort.getValue(LFH_BUF, off);
    off += SHORT;

    final int extraLen = ZipShort.getValue(LFH_BUF, off);
    off += SHORT;

    final byte[] fileName = new byte[fileNameLen];
    readFully(fileName);
    current.entry.setName(entryEncoding.decode(fileName), fileName);

    final byte[] extraData = new byte[extraLen];
    readFully(extraData);
    current.entry.setExtra(extraData);

    if (!hasUTF8Flag && useUnicodeExtraFields) {
        ZipUtil.setNameAndCommentFromExtraFields(current.entry, fileName, null);
    }

    processZip64Extra(size, cSize);

    if (current.entry.getCompressedSize() != ArchiveEntry.SIZE_UNKNOWN) {
        if (current.entry.getMethod() == ZipMethod.UNSHRINKING.getCode()) {
            current.in = new UnshrinkingInputStream(new BoundedInputStream(in, current.entry.getCompressedSize()));
        } else if (current.entry.getMethod() == ZipMethod.IMPLODING.getCode()) {
            current.in = new ExplodingInputStream(
                    current.entry.getGeneralPurposeBit().getSlidingDictionarySize(),
                    current.entry.getGeneralPurposeBit().getNumberOfShannonFanoTrees(),
                    new BoundedInputStream(in, current.entry.getCompressedSize()));
        } else if (current.entry.getMethod() == ZipMethod.BZIP2.getCode()) {
            current.in = new BZip2CompressorInputStream(new BoundedInputStream(in, current.entry.getCompressedSize()));
        }
    }
    
    entriesRead++;
    return current.entry;
}
```"
0,root_c1,Compress_43_query,Compress_43,gen,0,0,10,,
0,root_c1,Compress_44_query,Compress_44,gen,1,10,10,np.nan,"```java
public ChecksumCalculatingInputStream(final Checksum checksum, final InputStream in) {
        if (checksum == null) {
            throw new NullPointerException(""Checksum must not be null"");
        }
        if (in == null) {
            throw new NullPointerException(""InputStream must not be null"");
        }
        this.checksum = checksum;
        this.in = in;
    }
```"
0,root_c1,Compress_45_query,Compress_45,gen,0,0,10,,
0,root_c1,Compress_46_query,Compress_46,gen,1,8,10,np.nan,"```java
private static ZipLong unixTimeToZipLong(long l) {
    final long MAX_UNIX_TIME = 0x7FFFFFFFL; // Maximum signed 32-bit value
    if (l < 0 || l > MAX_UNIX_TIME) {
        throw new IllegalArgumentException(""X5455 timestamps must fit in a signed 32 bit integer: "" + l);
    }
    return new ZipLong(l);
}
```"
0,root_c1,Compress_47_query,Compress_47,gen,0,0,10,,
0,root_c1,Compress_4_query,Compress_4,gen,0,0,10,,
0,root_c1,Compress_5_query,Compress_5,gen,1,8,10,np.nan,"```java
public int read(byte[] buffer, int start, int length) throws IOException {
    if (closed) {
        throw new IOException(""The stream is closed"");
    }
    if (inf.finished() || current == null) {
        return -1;
    }

    // avoid int overflow, check null buffer
    if (start <= buffer.length && length >= 0 && start >= 0
        && buffer.length - start >= length) {
        if (current.getMethod() == ZipArchiveOutputStream.STORED) {
            int csize = (int) current.getSize();
            if (readBytesOfEntry >= csize) {
                return -1;
            }
            if (offsetInBuffer >= lengthOfLastRead) {
                offsetInBuffer = 0;
                if ((lengthOfLastRead = in.read(buf)) == -1) {
                    throw new IOException(""Truncated ZIP file"");
                }
                count(lengthOfLastRead);
                bytesReadFromStream += lengthOfLastRead;
            }
            int toRead = length > lengthOfLastRead
                ? lengthOfLastRead - offsetInBuffer
                : length;
            if ((csize - readBytesOfEntry) < toRead) {
                toRead = csize - readBytesOfEntry;
            }
            System.arraycopy(buf, offsetInBuffer, buffer, start, toRead);
            offsetInBuffer += toRead;
            readBytesOfEntry += toRead;
            crc.update(buffer, start, toRead);
            return toRead;
        }
        if (inf.needsInput()) {
            fill();
            if (lengthOfLastRead > 0) {
                bytesReadFromStream += lengthOfLastRead;
            }
        }
        int read = 0;
        try {
            read = inf.inflate(buffer, start, length);
        } catch (DataFormatException e) {
            throw new ZipException(e.getMessage());
        }
        if (read == 0) {
            if (inf.finished()) {
                return -1;
            } else if (lengthOfLastRead == -1) {
                throw new IOException(""Truncated ZIP file"");
            }
        }
        crc.update(buffer, start, read);
        return read;
    }
    throw new ArrayIndexOutOfBoundsException();
}
```"
0,root_c1,Compress_6_query,Compress_6,gen,0,0,10,,
0,root_c1,Compress_7_query,Compress_7,gen,1,10,10,np.nan,"```java
public static String parseName(byte[] buffer, final int offset, final int length) {
        StringBuilder result = new StringBuilder(length);
        int end = offset + length;

        for (int i = offset; i < end; ++i) {
            if (buffer[i] == 0) {
                break;
            }
            result.append((char) (buffer[i] & 0xff));  // Convert to unsigned byte before char conversion
        }

        return result.toString();
    }
```"
0,root_c1,Compress_8_query,Compress_8,gen,0,0,10,,
0,root_c1,Compress_9_query,Compress_9,gen,0,0,10,,
0,root_c1,Jsoup_90_query,Jsoup_90,gen,1,10,10,np.nan,"```java
private static boolean looksLikeUtf8(byte[] input) {
    if (input == null || input.length == 0) {
        return false;
    }

    int i = 0;
    // BOM:
    if (input.length >= 3 && (input[0] & 0xFF) == 0xEF
        && (input[1] & 0xFF) == 0xBB && (input[2] & 0xFF) == 0xBF) {
        i = 3;
    }

    while (i < input.length) {
        int o = input[i] & 0xFF;
        if (o < 0x80) {
            i++;
            continue; // ASCII
        }

        int end;
        // UTF-8 leading:
        if ((o & 0xE0) == 0xC0) {
            end = i + 1;
        } else if ((o & 0xF0) == 0xE0) {
            end = i + 2;
        } else if ((o & 0xF8) == 0xF0) {
            end = i + 3;
        } else {
            return false;
        }

        if (end >= input.length) {
            return false;
        }

        i++;
        while (i <= end) {
            o = input[i] & 0xFF;
            if ((o & 0xC0) != 0x80) {
                return false;
            }
            i++;
        }
    }
    return true;
}
```"
0,root_c2,Chart_13_query,Chart_13,sr,1,1,10,,
0,root_c2,Math_100_query,Math_100,sr,0,0,10,,
0,root_c2,Math_102_query,Math_102,sr,1,8,10,,
0,root_c2,Math_103_query,Math_103,sr,1,7,8,,
0,root_c2,Math_105_query,Math_105,sr,1,1,10,,
0,root_c2,Math_11_query,Math_11,sr,1,2,10,,
0,root_c2,Math_13_query,Math_13,sr,0,0,10,,
0,root_c2,Math_14_query,Math_14,sr,0,0,10,,
0,root_c2,Math_18_query,Math_18,sr,0,0,10,,
0,root_c2,Math_19_query,Math_19,sr,1,10,10,,
0,root_c2,Math_20_query,Math_20,sr,1,10,10,,
0,root_c2,Math_21_query,Math_21,sr,0,0,8,,
0,root_c2,Math_22_query,Math_22,sr,1,10,10,,
0,root_c2,Math_23_query,Math_23,sr,0,0,10,,
0,root_c2,Math_24_query,Math_24,sr,1,1,10,,
0,root_c2,Math_25_query,Math_25,sr,1,1,9,,
0,root_c2,Math_28_query,Math_28,sr,1,1,10,,
0,root_c2,Math_29_query,Math_29,sr,1,3,10,,
0,root_c2,Math_2_query,Math_2,sr,0,0,10,,
0,root_c2,Math_30_query,Math_30,sr,0,0,10,,
0,root_c2,Math_31_query,Math_31,sr,0,0,10,,
0,root_c2,Math_32_query,Math_32,sr,0,0,10,,
0,root_c2,Math_33_query,Math_33,sr,0,0,10,,
0,root_c2,Math_35_query,Math_35,sr,1,10,10,,
0,root_c2,Math_38_query,Math_38,sr,0,0,5,,
0,root_c2,Math_39_query,Math_39,sr,0,0,10,,
0,root_c2,Math_3_query,Math_3,sr,1,10,10,,
0,root_c2,Math_40_query,Math_40,sr,0,0,10,,
0,root_c2,Math_41_query,Math_41,sr,1,10,10,,
0,root_c2,Math_42_query,Math_42,sr,0,0,10,,
0,root_c2,Math_44_query,Math_44,sr,0,0,10,,
0,root_c2,Math_45_query,Math_45,sr,1,9,10,,
0,root_c2,Math_48_query,Math_48,sr,1,5,10,,
0,root_c2,Math_49_query,Math_49,sr,0,0,10,,
0,root_c2,Math_4_query,Math_4,sr,1,10,10,,
0,root_c2,Math_50_query,Math_50,sr,0,0,10,,
0,root_c2,Math_51_query,Math_51,sr,0,0,10,,
0,root_c2,Math_52_query,Math_52,sr,0,0,10,,
0,root_c2,Math_55_query,Math_55,sr,0,0,10,,
0,root_c2,Math_57_query,Math_57,sr,0,0,10,,
0,root_c2,Math_58_query,Math_58,sr,1,1,10,,
0,root_c2,Math_60_query,Math_60,sr,1,4,10,,
0,root_c2,Math_62_query,Math_62,sr,0,0,10,,
0,root_c2,Math_64_query,Math_64,sr,0,0,10,,
0,root_c2,Math_65_query,Math_65,sr,0,0,10,,
0,root_c2,Math_66_query,Math_66,sr,0,0,9,,
0,root_c2,Math_67_query,Math_67,sr,0,0,10,,
0,root_c2,Math_68_query,Math_68,sr,0,0,8,,
0,root_c2,Math_69_query,Math_69,sr,1,4,10,,
0,root_c2,Math_70_query,Math_70,sr,1,10,10,,
0,root_c2,Math_71_query,Math_71,sr,0,0,5,,
0,root_c2,Math_72_query,Math_72,sr,1,4,10,,
0,root_c2,Math_73_query,Math_73,sr,1,10,10,,
0,root_c2,Math_74_query,Math_74,sr,0,0,10,,
0,root_c2,Math_76_query,Math_76,sr,0,0,10,,
0,root_c2,Math_77_query,Math_77,sr,1,5,5,,
0,root_c2,Math_78_query,Math_78,sr,1,5,9,,
0,root_c2,Math_79_query,Math_79,sr,0,0,10,,
0,root_c2,Math_7_query,Math_7,sr,0,0,10,,
0,root_c2,Math_80_query,Math_80,sr,0,0,10,,
0,root_c2,Math_81_query,Math_81,sr,0,0,10,,
0,root_c2,Math_82_query,Math_82,sr,1,10,10,,
0,root_c2,Math_83_query,Math_83,sr,0,0,10,,
0,root_c2,Math_84_query,Math_84,sr,1,1,10,,
0,root_c2,Math_85_query,Math_85,sr,1,2,10,,
0,root_c2,Math_86_query,Math_86,sr,1,4,10,,
0,root_c2,Math_87_query,Math_87,sr,1,2,10,,
0,root_c2,Math_88_query,Math_88,sr,0,0,10,,
0,root_c2,Math_8_query,Math_8,sr,0,0,10,,
0,root_c2,Math_95_query,Math_95,sr,1,9,10,,
0,root_c2,Math_97_query,Math_97,sr,1,8,10,,
0,root_c2,Math_98_query,Math_98,sr,1,10,10,,
0,root_c3,Chart_11_query,Chart_11,sr,1,9,10,,
0,root_c3,Collections_17_query,Collections_17,sr,1,2,10,,
0,root_c3,JxPath_10_query,JxPath_10,sr,0,0,10,,
0,root_c3,JxPath_14_query,JxPath_14,sr,0,0,10,,
0,root_c3,JxPath_20_query,JxPath_20,sr,0,0,10,,
0,root_c3,JxPath_21_query,JxPath_21,sr,0,0,10,,
0,root_c3,JxPath_5_query,JxPath_5,sr,1,4,10,,
0,root_c3,JxPath_6_query,JxPath_6,sr,0,0,10,,
0,root_c3,JxPath_8_query,JxPath_8,sr,1,10,10,,
0,root_c3,Lang_22_query,Lang_22,sr,1,6,10,,
0,root_c3,Lang_49_query,Lang_49,sr,1,9,10,,
0,root_c3,Math_10_query,Math_10,sr,0,0,10,,
0,root_c3,Math_17_query,Math_17,sr,0,0,10,,
0,root_c3,Math_1_query,Math_1,sr,1,2,10,,
0,root_c3,Math_26_query,Math_26,sr,1,5,10,,
0,root_c3,Math_27_query,Math_27,sr,1,10,10,,
0,root_c3,Math_36_query,Math_36,sr,0,0,10,,
0,root_c3,Math_37_query,Math_37,sr,0,0,10,,
0,root_c3,Math_43_query,Math_43,sr,0,0,10,,
0,root_c3,Math_46_query,Math_46,sr,1,1,10,,
0,root_c3,Math_53_query,Math_53,sr,1,8,10,,
0,root_c3,Math_54_query,Math_54,sr,0,0,5,,
0,root_c3,Math_59_query,Math_59,sr,1,10,10,,
0,root_c3,Math_5_query,Math_5,sr,1,1,10,,
0,root_c3,Math_63_query,Math_63,sr,1,8,10,,
0,root_c3,Math_91_query,Math_91,sr,1,10,10,,
0,root_c3,Math_92_query,Math_92,sr,0,0,10,,
0,root_c3,Math_93_query,Math_93,sr,0,0,10,,
0,root_c3,Math_94_query,Math_94,sr,1,5,10,,
0,root_c3,Math_96_query,Math_96,sr,0,0,10,,
0,root_c3,Math_99_query,Math_99,sr,0,0,10,,
0,root_c3,Mockito_22_query,Mockito_22,sr,1,9,10,,
0,root_c3,Time_15_query,Time_15,sr,1,10,10,,
0,root_c4,Closure_100_query,Closure_100,gen,0,0,10,,
0,root_c4,Closure_101_query,Closure_101,gen,0,0,10,,
0,root_c4,Closure_102_query,Closure_102,gen,0,0,10,,
0,root_c4,Closure_103_query,Closure_103,gen,0,0,10,,
0,root_c4,Closure_104_query,Closure_104,gen,0,0,10,,
0,root_c4,Closure_105_query,Closure_105,gen,0,0,10,,
0,root_c4,Closure_106_query,Closure_106,gen,0,0,10,,
0,root_c4,Closure_107_query,Closure_107,gen,0,0,10,,
0,root_c4,Closure_109_query,Closure_109,gen,0,0,10,,
0,root_c4,Closure_10_query,Closure_10,gen,0,0,10,,
0,root_c4,Closure_110_query,Closure_110,gen,0,0,10,,
0,root_c4,Closure_111_query,Closure_111,gen,0,0,10,,
0,root_c4,Closure_112_query,Closure_112,gen,0,0,10,,
0,root_c4,Closure_113_query,Closure_113,gen,0,0,10,,
0,root_c4,Closure_114_query,Closure_114,gen,0,0,10,,
0,root_c4,Closure_115_query,Closure_115,gen,0,0,10,,
0,root_c4,Closure_116_query,Closure_116,gen,0,0,10,,
0,root_c4,Closure_117_query,Closure_117,gen,0,0,10,,
0,root_c4,Closure_118_query,Closure_118,gen,0,0,10,,
0,root_c4,Closure_119_query,Closure_119,gen,0,0,10,,
0,root_c4,Closure_11_query,Closure_11,gen,0,0,10,,
0,root_c4,Closure_120_query,Closure_120,gen,0,0,10,,
0,root_c4,Closure_121_query,Closure_121,gen,0,0,9,,
0,root_c4,Closure_122_query,Closure_122,gen,0,0,10,,
0,root_c4,Closure_123_query,Closure_123,gen,0,0,9,,
0,root_c4,Closure_124_query,Closure_124,gen,0,0,10,,
0,root_c4,Closure_125_query,Closure_125,gen,0,0,10,,
0,root_c4,Closure_126_query,Closure_126,gen,0,0,10,,
0,root_c4,Closure_127_query,Closure_127,gen,0,0,10,,
0,root_c4,Closure_129_query,Closure_129,gen,0,0,10,,
0,root_c4,Closure_12_query,Closure_12,gen,1,3,10,np.nan,"```java
private boolean hasExceptionHandler(Node cfgNode) {
    for (Node child = cfgNode.getFirstChild(); child != null; child = child.getNext()) {
      if (child.getType() == Token.TRY) {
        return true;
      }
    }
    return false;
  }
```"
0,root_c4,Closure_130_query,Closure_130,gen,0,0,10,,
0,root_c4,Closure_131_query,Closure_131,gen,0,0,10,,
0,root_c4,Closure_132_query,Closure_132,gen,0,0,10,,
0,root_c4,Closure_135_query,Closure_135,gen,0,0,10,,
0,root_c4,Closure_136_query,Closure_136,gen,0,0,10,,
0,root_c4,Closure_138_query,Closure_138,gen,0,0,10,,
0,root_c4,Closure_139_query,Closure_139,gen,0,0,10,,
0,root_c4,Closure_13_query,Closure_13,gen,0,0,10,,
0,root_c4,Closure_140_query,Closure_140,gen,0,0,10,,
0,root_c4,Closure_141_query,Closure_141,gen,0,0,10,,
0,root_c4,Closure_142_query,Closure_142,gen,0,0,10,,
0,root_c4,Closure_143_query,Closure_143,gen,0,0,10,,
0,root_c4,Closure_145_query,Closure_145,gen,1,2,10,np.nan,"```java
private boolean isOneExactlyFunctionOrDo(Node n) {
    // For labels with block children, we need to ensure that a
    // labeled FUNCTION or DO isn't generated when extraneous BLOCKs 
    // are skipped.
    if (n.getType() == Token.BLOCK) {
        Node first = n.getFirstChild();
        return first != null && first.getNext() == null && 
               (first.getType() == Token.FUNCTION || first.getType() == Token.DO);
    }
    return (n.getType() == Token.FUNCTION || n.getType() == Token.DO);
}
```"
0,root_c4,Closure_146_query,Closure_146,gen,0,0,10,,
0,root_c4,Closure_147_query,Closure_147,gen,0,0,10,,
0,root_c4,Closure_14_query,Closure_14,gen,0,0,10,,
0,root_c4,Closure_150_query,Closure_150,gen,0,0,10,,
0,root_c4,Closure_152_query,Closure_152,gen,1,2,10,np.nan,"```java
@Override
JSType resolveInternal(ErrorReporter t, StaticScope<JSType> scope) {
    setResolvedTypeInternal(this);

    call = (ArrowType) safeResolve(call, t, scope);
    prototype = (FunctionPrototypeType) safeResolve(prototype, t, scope);

    // Resolve typeOfThis but don't cast to ObjectType yet
    JSType maybeTypeOfThis = safeResolve(typeOfThis, t, scope);
    if (maybeTypeOfThis != null) {
        if (maybeTypeOfThis.isObject()) {
            typeOfThis = maybeTypeOfThis.toObjectType();
        } else if (!maybeTypeOfThis.isUnknownType() && 
                   !maybeTypeOfThis.isAllType()) {
            // Only warn if the type is known and not an object
            t.warning(""""@this type of a function must be an object\n"""" +
                    """"Actual type: """" + maybeTypeOfThis.toString(),
                sourceName, lineno, charno);
        }
    }

    boolean changed = false;
    ImmutableList.Builder<ObjectType> resolvedInterfaces =
        ImmutableList.builder();
    for (ObjectType iface : implementedInterfaces) {
        ObjectType resolvedIface = (ObjectType) iface.resolve(t, scope);
        resolvedInterfaces.add(resolvedIface);
        changed |= (resolvedIface != iface);
    }
    if (changed) {
        implementedInterfaces = resolvedInterfaces.build();
    }

    if (subTypes != null) {
        for (int i = 0; i < subTypes.size(); i++) {
            subTypes.set(i, (FunctionType) subTypes.get(i).resolve(t, scope));
        }
    }

    return super.resolveInternal(t, scope);
}
```"
0,root_c4,Closure_156_query,Closure_156,gen,0,0,10,,
0,root_c4,Closure_157_query,Closure_157,gen,0,0,10,,
0,root_c4,Closure_159_query,Closure_159,gen,0,0,10,,
0,root_c4,Closure_15_query,Closure_15,gen,1,5,10,np.nan,"```java
@Override
      public boolean apply(Node n) {
        // When the node is null it means, we reached the implicit return
        // where the function returns (possibly without an return statement)
        if (n == null) {
          return false;
        }

        // Check for calls that may have side effects and reference dependent variables
        if (n.isCall() && NodeUtil.functionCallHasSideEffects(n)) {
          Node firstArg = n.getFirstChild().getNext();
          while (firstArg != null) {
            if (NodeUtil.isReferenceToDependentVariable(firstArg, dependentVars)) {
              return true;
            }
            firstArg = firstArg.getNext();
          }
        }

        if (n.isNew() && NodeUtil.constructorCallHasSideEffects(n)) {
          Node firstArg = n.getFirstChild().getNext();
          while (firstArg != null) {
            if (NodeUtil.isReferenceToDependentVariable(firstArg, dependentVars)) {
              return true;
            }
            firstArg = firstArg.getNext();
          }
        }

        for (Node c = n.getFirstChild(); c != null; c = c.getNext()) {
          if (!ControlFlowGraph.isEnteringNewCfgNode(c) && apply(c)) {
            return true;
          }
        }
        return false;
      }
```"
0,root_c4,Closure_160_query,Closure_160,gen,0,0,10,,
0,root_c4,Closure_161_query,Closure_161,gen,0,0,10,,
0,root_c4,Closure_162_query,Closure_162,gen,0,0,7,,
0,root_c4,Closure_164_query,Closure_164,gen,0,0,10,,
0,root_c4,Closure_166_query,Closure_166,gen,0,0,10,,
0,root_c4,Closure_167_query,Closure_167,gen,0,0,10,,
0,root_c4,Closure_168_query,Closure_168,gen,0,0,10,,
0,root_c4,Closure_170_query,Closure_170,gen,0,0,10,,
0,root_c4,Closure_171_query,Closure_171,gen,0,0,10,,
0,root_c4,Closure_172_query,Closure_172,gen,0,0,10,,
0,root_c4,Closure_173_query,Closure_173,gen,0,0,10,,
0,root_c4,Closure_174_query,Closure_174,gen,0,0,10,,
0,root_c4,Closure_176_query,Closure_176,gen,0,0,10,,
0,root_c4,Closure_17_query,Closure_17,gen,0,0,10,,
0,root_c4,Closure_18_query,Closure_18,gen,1,7,10,np.nan,"```java
Node parseInputs() {
    boolean devMode = options.devMode != DevMode.OFF;

    // If old roots exist (we are parsing a second time), detach each of the
    // individual file parse trees.
    if (externsRoot != null) {
      externsRoot.detachChildren();
    }
    if (jsRoot != null) {
      jsRoot.detachChildren();
    }

    // Parse main JS sources.
    jsRoot = IR.block();
    jsRoot.setIsSyntheticBlock(true);

    externsRoot = IR.block();
    externsRoot.setIsSyntheticBlock(true);

    externAndJsRoot = IR.block(externsRoot, jsRoot);
    externAndJsRoot.setIsSyntheticBlock(true);

    if (options.tracer.isOn()) {
      tracker = new PerformanceTracker(jsRoot, options.tracer);
      addChangeHandler(tracker.getCodeChangeHandler());
    }

    Tracer tracer = newTracer(""parseInputs"");

    try {
      // Parse externs sources.
      for (CompilerInput input : externs) {
        Node n = input.getAstRoot(this);
        if (hasErrors()) {
          return null;
        }
        externsRoot.addChildToBack(n);
      }

      // Modules inferred in ProcessCommonJS pass.
      if (options.transformAMDToCJSModules || options.processCommonJSModules) {
        processAMDAndCommonJSModules();
      }

      hoistExterns(externsRoot);

      // Check if the sources need to be re-ordered.
      boolean staleInputs = false;
      if (options.dependencyOptions.needsManagement()) {
        for (CompilerInput input : inputs) {
          // Forward-declare all the provided types, so that they
          // are not flagged even if they are dropped from the process.
          for (String provide : input.getProvides()) {
            getTypeRegistry().forwardDeclareType(provide);
          }
        }

        try {
          inputs =
              (moduleGraph == null ? new JSModuleGraph(modules) : moduleGraph)
              .manageDependencies(options.dependencyOptions, inputs);
          staleInputs = true;
        } catch (CircularDependencyException e) {
          report(JSError.make(
              JSModule.CIRCULAR_DEPENDENCY_ERROR, e.getMessage()));

          // If in IDE mode, we ignore the error and keep going.
          if (hasErrors()) {
            return null;
          }
        } catch (MissingProvideException e) {
          report(JSError.make(
              MISSING_ENTRY_ERROR, e.getMessage()));

          // If in IDE mode, we ignore the error and keep going.
          if (hasErrors()) {
            return null;
          }
        }
      }

      hoistNoCompileFiles();

      if (staleInputs) {
        repartitionInputs();
      }

      // Build the AST.
      for (CompilerInput input : inputs) {
        Node n = input.getAstRoot(this);
        if (n == null) {
          continue;
        }

        if (devMode) {
          runSanityCheck();
          if (hasErrors()) {
            return null;
          }
        }

        if (options.sourceMapOutputPath != null ||
            options.nameReferenceReportPath != null) {

          // Annotate the nodes in the tree with information from the
          // input file. This information is used to construct the SourceMap.
          SourceInformationAnnotator sia =
              new SourceInformationAnnotator(
                  input.getName(), options.devMode != DevMode.OFF);
          NodeTraversal.traverse(this, n, sia);
        }

        jsRoot.addChildToBack(n);
      }

      if (hasErrors()) {
        return null;
      }
      return externAndJsRoot;
    } finally {
      stopTracer(tracer, ""parseInputs"");
    }
  }
```"
0,root_c4,Closure_19_query,Closure_19,gen,1,8,10,np.nan,"```java
protected void declareNameInScope(FlowScope scope, Node node, JSType type) {
    switch (node.getType()) {
      case Token.NAME:
        scope.inferSlotType(node.getString(), type);
        break;

      case Token.GETPROP:
        String qualifiedName = node.getQualifiedName();
        Preconditions.checkNotNull(qualifiedName);

        JSType origType = node.getJSType();
        origType = origType == null ? getNativeType(UNKNOWN_TYPE) : origType;
        scope.inferQualifiedSlot(node, qualifiedName, origType, type);
        break;

      case Token.THIS:
        scope.inferSlotType(""this"", type);
        break;

      default:
        throw new IllegalArgumentException(""Node cannot be refined. \n"" +
            node.toStringTree());
    }
  }
```"
0,root_c4,Closure_1_query,Closure_1,gen,0,0,10,,
0,root_c4,Closure_20_query,Closure_20,gen,0,0,10,,
0,root_c4,Closure_21_query,Closure_21,gen,0,0,10,,
0,root_c4,Closure_22_query,Closure_22,gen,0,0,10,,
0,root_c4,Closure_23_query,Closure_23,gen,0,0,10,,
0,root_c4,Closure_24_query,Closure_24,gen,0,0,10,,
0,root_c4,Closure_25_query,Closure_25,gen,0,0,10,,
0,root_c4,Closure_27_query,Closure_27,gen,0,0,10,,
0,root_c4,Closure_29_query,Closure_29,gen,0,0,10,,
0,root_c4,Closure_2_query,Closure_2,gen,0,0,10,,
0,root_c4,Closure_31_query,Closure_31,gen,0,0,10,,
0,root_c4,Closure_33_query,Closure_33,gen,0,0,10,,
0,root_c4,Closure_34_query,Closure_34,gen,0,0,10,,
0,root_c4,Closure_35_query,Closure_35,gen,0,0,10,,
0,root_c4,Closure_36_query,Closure_36,gen,1,9,10,np.nan,"```java
private boolean canInline(
        Reference declaration,
        Reference initialization,
        Reference reference) {
      if (!isValidDeclaration(declaration)
          || !isValidInitialization(initialization)
          || !isValidReference(reference)) {
        return false;
      }

      // If the value is read more than once, skip it.
      // VAR declarations and EXPR_RESULT don't need the value, but other
      // ASSIGN expressions parents do.
      if (declaration != initialization &&
          !initialization.getGrandparent().isExprResult()) {
        return false;
      }

      // Be very conservative and do no cross control structures or
      // scope boundaries
      if (declaration.getBasicBlock() != initialization.getBasicBlock()
          || declaration.getBasicBlock() != reference.getBasicBlock()) {
        return false;
      }

      // Do not inline into a call node. This would change
      // the context in which it was being called. For example,
      //   var a = b.c;
      //   a();
      // should not be inlined, because it calls a in the context of b
      // rather than the context of the window.
      //   var a = b.c;
      //   f(a)
      // is ok.
      Node value = initialization.getAssignedValue();
      Preconditions.checkState(value != null);
      if (value.isGetProp()
          && reference.getParent().isCall()
          && reference.getParent().getFirstChild() == reference.getNode()) {
        return false;
      }

      if (value.isFunction()) {
        Node callNode = reference.getParent();
        if (reference.getParent().isCall()) {
          CodingConvention convention = compiler.getCodingConvention();
          // Bug 2388531: Don't inline subclass definitions into class defining
          // calls as this confused class removing logic.
          SubclassRelationship relationship =
              convention.getClassesDefinedByCall(callNode);
          if (relationship != null) {
            return false;
          }

          // issue 668: Don't inline singleton getter methods
          // calls as this confused class removing logic.
          if (convention.getSingletonGetterClassName(callNode) != null) {
            return false;
          }
        }
      }

      return canMoveAggressively(value) ||
          canMoveModerately(initialization, reference);
    }
```"
0,root_c4,Closure_37_query,Closure_37,gen,0,0,10,,
0,root_c4,Closure_39_query,Closure_39,gen,1,3,10,np.nan,"```java
@Override
String toStringHelper(boolean forAnnotations) {
    if (hasReferenceName()) {
        return getReferenceName();
    } else if (prettyPrint) {
        // Don't pretty print recursively.
        prettyPrint = false;

        // Use a tree set so that the properties are sorted.
        Set<String> propertyNames = Sets.newTreeSet();
        for (ObjectType current = this;
             current != null && !current.isNativeObjectType() &&
                 (forAnnotations || propertyNames.size() <= MAX_PRETTY_PRINTED_PROPERTIES);
             current = current.getImplicitPrototype()) {
            propertyNames.addAll(current.getOwnPropertyNames());
        }

        StringBuilder sb = new StringBuilder();
        sb.append(""{"");

        int i = 0;
        for (String property : propertyNames) {
            if (i > 0) {
                sb.append("", "");
            }

            sb.append(property);
            sb.append("": "");

            JSType propType = getPropertyType(property);
            if (propType == this && !forAnnotations) {
                sb.append(""{...}"");
            } else {
                sb.append(propType.toStringHelper(forAnnotations));
            }

            ++i;
            if (!forAnnotations && i == MAX_PRETTY_PRINTED_PROPERTIES) {
                sb.append("", ..."");
                break;
            }
        }

        sb.append(""}"");

        prettyPrint = true;
        return sb.toString();
    } else {
        return forAnnotations ? ""?"" : ""{...}"";
    }
}
```"
0,root_c4,Closure_3_query,Closure_3,gen,0,0,10,,
0,root_c4,Closure_40_query,Closure_40,gen,0,0,10,,
0,root_c4,Closure_41_query,Closure_41,gen,1,3,10,np.nan,"```java
FunctionTypeBuilder inferParameterTypes(@Nullable Node argsParent,
      @Nullable JSDocInfo info) {
    if (argsParent == null) {
      if (info == null) {
        return this;
      } else {
        return inferParameterTypes(info);
      }
    }

    // arguments
    Node oldParameterType = null;
    if (parametersNode != null) {
      oldParameterType = parametersNode.getFirstChild();
    }

    FunctionParamBuilder builder = new FunctionParamBuilder(typeRegistry);
    boolean warnedAboutArgList = false;
    Set<String> allJsDocParams = (info == null) ?
        Sets.<String>newHashSet() :
        Sets.newHashSet(info.getParameterNames());
    boolean foundTemplateType = false;
    boolean isVarArgs = false;
    for (Node arg : argsParent.children()) {
      String argumentName = arg.getString();
      allJsDocParams.remove(argumentName);

      // type from JSDocInfo
      JSType parameterType = null;
      boolean isOptionalParam = isOptionalParameter(arg, info);
      isVarArgs = isVarArgsParameter(arg, info);

      if (info != null && info.hasParameterType(argumentName)) {
        parameterType =
            info.getParameterType(argumentName).evaluate(scope, typeRegistry);
      } else if (oldParameterType != null &&
          oldParameterType.getJSType() != null) {
        parameterType = oldParameterType.getJSType();
        isOptionalParam = oldParameterType.isOptionalArg();
        isVarArgs = oldParameterType.isVarArgs();
      } else {
        parameterType = typeRegistry.getNativeType(UNKNOWN_TYPE);
      }

      if (templateTypeName != null &&
          parameterType.restrictByNotNullOrUndefined().isTemplateType()) {
        if (foundTemplateType) {
          reportError(TEMPLATE_TYPE_DUPLICATED, fnName);
        }
        foundTemplateType = true;
      }
      warnedAboutArgList |= addParameter(
          builder, parameterType, warnedAboutArgList,
          isOptionalParam,
          isVarArgs);

      if (oldParameterType != null) {
        oldParameterType = oldParameterType.getNext();
      }
    }

    // Copy over any old parameters that aren't in the param list.
    while (oldParameterType != null) {
      warnedAboutArgList |= addParameter(
          builder, oldParameterType.getJSType(), warnedAboutArgList,
          oldParameterType.isOptionalArg(),
          oldParameterType.isVarArgs());
      oldParameterType = oldParameterType.getNext();
    }

    if (templateTypeName != null && !foundTemplateType) {
      reportError(TEMPLATE_TYPE_EXPECTED, fnName);
    }

    for (String inexistentName : allJsDocParams) {
      reportWarning(INEXISTANT_PARAM, inexistentName, fnName);
    }

    parametersNode = builder.build();
    return this;
  }
```

```java
FunctionTypeBuilder inferFromOverriddenFunction(
      @Nullable FunctionType oldType, @Nullable Node paramsParent) {
    if (oldType == null) {
      return this;
    }

    returnType = oldType.getReturnType();
    returnTypeInferred = oldType.isReturnTypeInferred();
    if (paramsParent == null) {
      // Not a function literal.
      parametersNode = oldType.getParametersNode();
      if (parametersNode == null) {
        parametersNode = new FunctionParamBuilder(typeRegistry).build();
      }
    } else {
      // We're overriding with a function literal. Apply type information
      // to each parameter of the literal.
      FunctionParamBuilder paramBuilder =
          new FunctionParamBuilder(typeRegistry);
      Iterator<Node> oldParams = oldType.getParameters().iterator();
      boolean warnedAboutArgList = false;
      boolean oldParamsListHitOptArgs = false;
      for (Node currentParam = paramsParent.getFirstChild();
           currentParam != null; currentParam = currentParam.getNext()) {
        if (oldParams.hasNext()) {
          Node oldParam = oldParams.next();
          Node newParam = paramBuilder.newParameterFromNode(oldParam);

          oldParamsListHitOptArgs = oldParamsListHitOptArgs ||
              oldParam.isVarArgs() ||
              oldParam.isOptionalArg();

          // The subclass method might write its var_args as individual
          // arguments.
          if (currentParam.getNext() != null && newParam.isVarArgs()) {
            newParam.setVarArgs(false);
            newParam.setOptionalArg(true);
          }
        } else {
          warnedAboutArgList |= addParameter(
              paramBuilder,
              typeRegistry.getNativeType(UNKNOWN_TYPE),
              warnedAboutArgList,
              codingConvention.isOptionalParameter(currentParam) ||
                  oldParamsListHitOptArgs,
              codingConvention.isVarArgsParameter(currentParam));
        }
      }

      // Clone any remaining params that aren't in the function literal.
      while (oldParams.hasNext()) {
        Node oldParam = oldParams.next();
        paramBuilder.newParameterFromNode(oldParam);
      }

      parametersNode = paramBuilder.build();
    }
    return this;
  }
```"
0,root_c4,Closure_42_query,Closure_42,gen,0,0,10,,
0,root_c4,Closure_45_query,Closure_45,gen,0,0,10,,
0,root_c4,Closure_47_query,Closure_47,gen,0,0,10,,
0,root_c4,Closure_48_query,Closure_48,gen,0,0,10,,
0,root_c4,Closure_4_query,Closure_4,gen,0,0,10,,
0,root_c4,Closure_50_query,Closure_50,gen,0,0,10,,
0,root_c4,Closure_53_query,Closure_53,gen,1,9,10,np.nan,"```java
private void replaceAssignmentExpression(Var v, Reference ref,
                                             Map<String, String> varmap) {
      // Compute all of the assignments necessary
      List<Node> nodes = Lists.newArrayList();
      Node val = ref.getAssignedValue();
      blacklistVarReferencesInTree(val, v.scope);
      Preconditions.checkState(val.getType() == Token.OBJECTLIT);
      Set<String> all = Sets.newLinkedHashSet(varmap.keySet());
      for (Node key = val.getFirstChild(); key != null;
           key = key.getNext()) {
        String var = key.getString();
        Node value = key.removeFirstChild();
        // TODO(user): Copy type information.
        nodes.add(
          new Node(Token.ASSIGN,
                   Node.newString(Token.NAME, varmap.get(var)), value));
        all.remove(var);
      }

      // TODO(user): Better source information.
      for (String var : all) {
        nodes.add(
          new Node(Token.ASSIGN,
                   Node.newString(Token.NAME, varmap.get(var)),
                   NodeUtil.newUndefinedNode(null)));
      }

      Node replacement;
      if (nodes.isEmpty()) {
        replacement = new Node(Token.TRUE);
      } else {
        // All assignments evaluate to true, so make sure that the
        // expr statement evaluates to true in case it matters.
        nodes.add(new Node(Token.TRUE));

        // Join these using COMMA.  A COMMA node must have 2 children, so we
        // create a tree. In the tree the first child be the COMMA to match
        // the parser, otherwise tree equality tests fail.
        nodes = Lists.reverse(nodes);
        replacement = new Node(Token.COMMA);
        Node cur = replacement;
        int i;
        for (i = 0; i < nodes.size() - 2; i++) {
          cur.addChildToFront(nodes.get(i));
          Node t = new Node(Token.COMMA);
          cur.addChildToFront(t);
          cur = t;
        }
        cur.addChildToFront(nodes.get(i));
        cur.addChildToFront(nodes.get(i + 1));
      }

      Node replace = ref.getParent();
      replacement.copyInformationFromForTree(replace);

      if (replace.getType() == Token.VAR) {
        replace.getParent().replaceChild(
            replace, NodeUtil.newExpr(replacement));
      } else {
        replace.getParent().replaceChild(replace, replacement);
      }
    }
```"
0,root_c4,Closure_54_query,Closure_54,gen,0,0,10,,
0,root_c4,Closure_55_query,Closure_55,gen,0,0,10,,
0,root_c4,Closure_56_query,Closure_56,gen,0,0,10,,
0,root_c4,Closure_57_query,Closure_57,gen,1,10,10,np.nan,"```java
private static String extractClassNameIfGoog(Node node, Node parent,
      String functionName){
    String className = null;
    if (NodeUtil.isExprCall(parent)) {
      Node callee = node.getFirstChild();
      if (callee != null && callee.getType() == Token.GETPROP) {
        String qualifiedName = callee.getQualifiedName();
        if (functionName.equals(qualifiedName)) {
          Node target = callee.getNext();
          if (target != null && target.getType() == Token.STRING) {
            className = target.getString();
          }
        }
      }
    }
    return className;
  }
```"
0,root_c4,Closure_58_query,Closure_58,gen,1,7,10,np.nan,"```java
private void computeGenKill(Node n, BitSet gen, BitSet kill,
      boolean conditional) {

    switch (n.getType()) {
      case Token.SCRIPT:
      case Token.BLOCK:
      case Token.FUNCTION:
        return;

      case Token.WHILE:
      case Token.DO:
      case Token.IF:
        computeGenKill(NodeUtil.getConditionExpression(n), gen, kill,
            conditional);
        return;

      case Token.FOR:
        if (!NodeUtil.isForIn(n)) {
          computeGenKill(NodeUtil.getConditionExpression(n), gen, kill,
              conditional);
        } else {
          // for(x in y) {...}
          Node lhs = n.getFirstChild();
          Node rhs = lhs.getNext();
          if (NodeUtil.isVar(lhs)) {
            // for(var x in y) {...}
            lhs = lhs.getLastChild();
          }
          if (NodeUtil.isName(lhs)) {
            addToSetIfLocal(lhs, kill);
            addToSetIfLocal(lhs, gen);
          }
          computeGenKill(rhs, gen, kill, conditional);
        }
        return;

      case Token.VAR:
        for (Node c = n.getFirstChild(); c != null; c = c.getNext()) {
          if (c.hasChildren()) {
            computeGenKill(c.getFirstChild(), gen, kill, conditional);
            if (!conditional) {
              addToSetIfLocal(c, kill);
            }
          }
        }
        return;

      case Token.AND:
      case Token.OR:
        computeGenKill(n.getFirstChild(), gen, kill, conditional);
        // May short circuit.
        computeGenKill(n.getLastChild(), gen, kill, true);
        return;

      case Token.HOOK:
        computeGenKill(n.getFirstChild(), gen, kill, conditional);
        // Assume both sides are conditional.
        computeGenKill(n.getFirstChild().getNext(), gen, kill, true);
        computeGenKill(n.getLastChild(), gen, kill, true);
        return;

      case Token.NAME:
        if (isArgumentsName(n)) {
          markAllParametersEscaped();
        } else {
          addToSetIfLocal(n, gen);
        }
        return;

      default:
        if (NodeUtil.isAssignmentOp(n) && NodeUtil.isName(n.getFirstChild())) {
          Node lhs = n.getFirstChild();
          if (!conditional) {
            addToSetIfLocal(lhs, kill);
          }
          if (!NodeUtil.isAssign(n)) {
            // assignments such as a += 1 reads a.
            addToSetIfLocal(lhs, gen);
          }
          computeGenKill(lhs.getNext(), gen, kill, conditional);
        } else {
          for (Node c = n.getFirstChild(); c != null; c = c.getNext()) {
            computeGenKill(c, gen, kill, conditional);
          }
        }
        return;
    }
  }
```"
0,root_c4,Closure_59_query,Closure_59,gen,1,4,10,np.nan,"```java
public void initOptions(CompilerOptions options) {
    this.options = options;
    if (errorManager == null) {
      if (outStream == null) {
        setErrorManager(
            new LoggerErrorManager(createMessageFormatter(), logger));
      } else {
        PrintStreamErrorManager printer =
            new PrintStreamErrorManager(createMessageFormatter(), outStream);
        printer.setSummaryDetailLevel(options.summaryDetailLevel);
        setErrorManager(printer);
      }
    }

    // DiagnosticGroups override the plain checkTypes option.
    if (options.enables(DiagnosticGroups.CHECK_TYPES)) {
      options.checkTypes = true;
    } else if (options.disables(DiagnosticGroups.CHECK_TYPES)) {
      options.checkTypes = false;
    } else if (!options.checkTypes) {
      // If DiagnosticGroups did not override the plain checkTypes
      // option, and checkTypes is enabled, then turn off the
      // parser type warnings.
      options.setWarningLevel(
          DiagnosticGroup.forType(
              RhinoErrorReporter.TYPE_PARSE_ERROR),
          CheckLevel.OFF);
    }

    // Only set global this warning level if not explicitly configured
    if (options.getWarningLevel(DiagnosticGroups.GLOBAL_THIS) == null) {
      if (options.checkGlobalThisLevel.isOn()) {
        options.setWarningLevel(
            DiagnosticGroups.GLOBAL_THIS,
            options.checkGlobalThisLevel);
      }
    }

    if (options.getLanguageIn() == LanguageMode.ECMASCRIPT5_STRICT) {
      options.setWarningLevel(
          DiagnosticGroups.ES5_STRICT,
          CheckLevel.ERROR);
    }

    // Initialize the warnings guard.
    List<WarningsGuard> guards = Lists.newArrayList();
    guards.add(
        new SuppressDocWarningsGuard(
            getDiagnosticGroups().getRegisteredGroups()));
    guards.add(options.getWarningsGuard());

    ComposeWarningsGuard composedGuards = new ComposeWarningsGuard(guards);

    // All passes must run the variable check. This synthesizes
    // variables later so that the compiler doesn't crash. It also
    // checks the externs file for validity. If you don't want to warn
    // about missing variable declarations, we shut that specific
    // error off.
    if (!options.checkSymbols &&
        !composedGuards.enables(DiagnosticGroups.CHECK_VARIABLES)) {
      composedGuards.addGuard(new DiagnosticGroupWarningsGuard(
          DiagnosticGroups.CHECK_VARIABLES, CheckLevel.OFF));
    }

    this.warningsGuard = composedGuards;
  }
```"
0,root_c4,Closure_5_query,Closure_5,gen,0,0,10,,
0,root_c4,Closure_60_query,Closure_60,gen,0,0,10,,
0,root_c4,Closure_61_query,Closure_61,gen,1,7,10,np.nan,"```java
static boolean functionCallHasSideEffects(
      Node callNode, @Nullable AbstractCompiler compiler) {
    if (callNode.getType() != Token.CALL) {
      throw new IllegalStateException(
          ""Expected CALL node, got "" + Token.name(callNode.getType()));
    }

    if (callNode.isNoSideEffectsCall()) {
      return false;
    }

    Node nameNode = callNode.getFirstChild();

    // Built-in functions with no side effects.
    if (nameNode.getType() == Token.NAME) {
      String name = nameNode.getString();
      if (BUILTIN_FUNCTIONS_WITHOUT_SIDEEFFECTS.contains(name)) {
        return false;
      }
    } else if (nameNode.getType() == Token.GETPROP) {
      if (callNode.hasOneChild()
          && OBJECT_METHODS_WITHOUT_SIDEEFFECTS.contains(
                nameNode.getLastChild().getString())) {
        return false;
      }

      if (callNode.isOnlyModifiesThisCall()
          && evaluatesToLocalValue(nameNode.getFirstChild())) {
        return false;
      }

      // Functions in the ""Math"" namespace have no side effects.
      if (nameNode.getFirstChild().getType() == Token.NAME
          && ""Math"".equals(nameNode.getFirstChild().getString())) {
        return false;
      }

      if (compiler != null && !compiler.hasRegExpGlobalReferences()) {
        if (nameNode.getFirstChild().getType() == Token.REGEXP
            && REGEXP_METHODS.contains(nameNode.getLastChild().getString())) {
          return false;
        } else if (nameNode.getFirstChild().getType() == Token.STRING
            && STRING_REGEXP_METHODS.contains(
                nameNode.getLastChild().getString())) {
          Node param = nameNode.getNext();
          if (param != null &&
              (param.getType() == Token.STRING
                  || param.getType() == Token.REGEXP))
          return false;
        }
      }
    }

    return true;
  }
```"
0,root_c4,Closure_64_query,Closure_64,gen,0,0,10,,
0,root_c4,Closure_66_query,Closure_66,gen,0,0,8,,
0,root_c4,Closure_67_query,Closure_67,gen,0,0,6,,
0,root_c4,Closure_68_query,Closure_68,gen,0,0,9,,
0,root_c4,Closure_69_query,Closure_69,gen,0,0,8,,
0,root_c4,Closure_6_query,Closure_6,gen,0,0,10,,
0,root_c4,Closure_70_query,Closure_70,gen,0,0,10,,
0,root_c4,Closure_71_query,Closure_71,gen,0,0,10,,
0,root_c4,Closure_72_query,Closure_72,gen,0,0,10,,
0,root_c4,Closure_74_query,Closure_74,gen,0,0,10,,
0,root_c4,Closure_76_query,Closure_76,gen,1,1,10,np.nan,"```java
private VariableLiveness isVariableReadBeforeKill(
      Node n, String variable) {

    if (NodeUtil.isName(n) && variable.equals(n.getString())) {
      if (NodeUtil.isLhs(n, n.getParent())) {
        Preconditions.checkState(n.getParent().getType() == Token.ASSIGN);
        // The expression to which the assignment is made is evaluated before
        // the RHS is evaluated (normal left to right evaluation) but the KILL
        // occurs after the RHS is evaluated.
        Node rhs = n.getNext();
        VariableLiveness state = isVariableReadBeforeKill(rhs, variable);
        if (state == VariableLiveness.READ) {
          return state;
        }
        return VariableLiveness.KILL;
      } else {
        return VariableLiveness.READ;
      }
    }

    switch (n.getType()) {
      // Conditionals
      case Token.OR:
      case Token.AND:
        // With a AND/OR the first branch always runs, but the second is
        // may not.
        VariableLiveness first = isVariableReadBeforeKill(n.getFirstChild(), variable);
        if (first != VariableLiveness.MAYBE_LIVE) {
          return first;
        }
        return isVariableReadBeforeKill(n.getLastChild(), variable);
        
      case Token.HOOK:
        return checkHookBranchReadBeforeKill(
            n.getFirstChild().getNext(), n.getLastChild(), variable);

      default:
        // Expressions are evaluated left-right, depth first.
        for (Node child = n.getFirstChild();
            child != null; child = child.getNext()) {
          if (!ControlFlowGraph.isEnteringNewCfgNode(child)) { // Not a FUNCTION
            VariableLiveness state = isVariableReadBeforeKill(child, variable);
            if (state != VariableLiveness.MAYBE_LIVE) {
              return state;
            }
          }
        }
    }

    return VariableLiveness.MAYBE_LIVE;
  }
```

```java
private boolean isVariableStillLiveWithinExpression(
      Node n, Node exprRoot, String variable) {
    while (n != exprRoot) {
      VariableLiveness state = VariableLiveness.MAYBE_LIVE;
      switch (n.getParent().getType()) {
        case Token.OR:
        case Token.AND:
          // If the current node is the first child of AND/OR,
          // check the second operand
          if (n == n.getParent().getFirstChild()) {
            state = isVariableReadBeforeKill(n.getParent().getLastChild(), variable);
          }
          break;

        case Token.HOOK:
          // If current node is the condition, check both branches
          if (n == n.getParent().getFirstChild()) {
            Node thenBranch = n.getNext();
            Node elseBranch = n.getParent().getLastChild();
            VariableLiveness thenState = isVariableReadBeforeKill(thenBranch, variable);
            if (thenState == VariableLiveness.READ) {
              return true;
            }
            VariableLiveness elseState = isVariableReadBeforeKill(elseBranch, variable);
            if (elseState == VariableLiveness.READ) {
              return true;
            }
            if (thenState == VariableLiveness.KILL || elseState == VariableLiveness.KILL) {
              return false;
            }
          }
          break;

        default:
          for(Node sibling = n.getNext(); sibling != null;
              sibling = sibling.getNext()) {
            if (!ControlFlowGraph.isEnteringNewCfgNode(sibling)) {
              state = isVariableReadBeforeKill(sibling, variable);
              // If we see a READ or KILL there is no need to continue.
              if (state == VariableLiveness.READ) {
                return true;
              } else if (state == VariableLiveness.KILL) {
                return false;
              }
            }
          }
      }
      n = n.getParent();
    }
    return false;
  }
```"
0,root_c4,Closure_78_query,Closure_78,gen,1,10,10,np.nan,"```java
private Node performArithmeticOp(int opType, Node left, Node right) {
    // Unlike other operations, ADD operands are not always converted
    // to Number.
    if (opType == Token.ADD
        && (NodeUtil.mayBeString(left, false)
            || NodeUtil.mayBeString(right, false))) {
      return null;
    }

    double result;

    // TODO(johnlenz): Handle NaN with unknown value. BIT ops convert NaN
    // to zero so this is a little akward here.

    Double lValObj = NodeUtil.getNumberValue(left);
    if (lValObj == null) {
      return null;
    }
    Double rValObj = NodeUtil.getNumberValue(right);
    if (rValObj == null) {
      return null;
    }

    double lval = lValObj;
    double rval = rValObj;

    switch (opType) {
      case Token.BITAND:
        result = ScriptRuntime.toInt32(lval) & ScriptRuntime.toInt32(rval);
        break;
      case Token.BITOR:
        result = ScriptRuntime.toInt32(lval) | ScriptRuntime.toInt32(rval);
        break;
      case Token.BITXOR:
        result = ScriptRuntime.toInt32(lval) ^ ScriptRuntime.toInt32(rval);
        break;
      case Token.ADD:
        result = lval + rval;
        break;
      case Token.SUB:
        result = lval - rval;
        break;
      case Token.MUL:
        result = lval * rval;
        break;
      case Token.MOD:
        if (rval == 0) {
          return null; // Don't fold division by zero
        }
        result = lval % rval;
        break;
      case Token.DIV:
        if (rval == 0) {
          return null; // Don't fold division by zero
        }
        result = lval / rval;
        break;
      default:
        throw new Error(""Unexpected arithmetic operator"");
    }

    // TODO(johnlenz): consider removing the result length check.
    // length of the left and right value plus 1 byte for the operator.
    if (String.valueOf(result).length() <=
        String.valueOf(lval).length() + String.valueOf(rval).length() + 1 &&

        // Do not try to fold arithmetic for numbers > 2^53. After that
        // point, fixed-point math starts to break down and become inaccurate.
        Math.abs(result) <= MAX_FOLD_NUMBER) {
      Node newNumber = Node.newNumber(result);
      return newNumber;
    } else if (Double.isNaN(result)) {
      return Node.newString(Token.NAME, ""NaN"");
    } else if (result == Double.POSITIVE_INFINITY) {
      return Node.newString(Token.NAME, ""Infinity"");
    } else if (result == Double.NEGATIVE_INFINITY) {
      return new Node(Token.NEG, Node.newString(Token.NAME, ""Infinity""));
    }

    return null;
  }
```"
0,root_c4,Closure_79_query,Closure_79,gen,0,0,10,,
0,root_c4,Closure_7_query,Closure_7,gen,0,0,10,,
0,root_c4,Closure_80_query,Closure_80,gen,0,0,10,,
0,root_c4,Closure_81_query,Closure_81,gen,0,0,10,,
0,root_c4,Closure_82_query,Closure_82,gen,0,0,10,,
0,root_c4,Closure_84_query,Closure_84,gen,0,0,10,,
0,root_c4,Closure_85_query,Closure_85,gen,0,0,10,,
0,root_c4,Closure_86_query,Closure_86,gen,1,4,10,np.nan,"```java
static boolean evaluatesToLocalValue(Node value, Predicate<Node> locals) {
    switch (value.getType()) {
      case Token.ASSIGN:
        // A result that is aliased by a non-local name, is the effectively the
        // same as returning a non-local name, but this doesn't matter if the
        // value is immutable.
        return NodeUtil.isImmutableValue(value.getLastChild())
            || (locals.apply(value)
                && evaluatesToLocalValue(value.getLastChild(), locals));
      case Token.COMMA:
        return evaluatesToLocalValue(value.getLastChild(), locals);
      case Token.AND:
      case Token.OR:
        return evaluatesToLocalValue(value.getFirstChild(), locals)
           && evaluatesToLocalValue(value.getLastChild(), locals);
      case Token.HOOK:
        return evaluatesToLocalValue(value.getFirstChild().getNext(), locals)
           && evaluatesToLocalValue(value.getLastChild(), locals);
      case Token.INC:
      case Token.DEC:
        if (value.getBooleanProp(Node.INCRDECR_PROP)) {
          return evaluatesToLocalValue(value.getFirstChild(), locals);
        } else {
          return true;
        }
      case Token.THIS:
        return locals.apply(value);
      case Token.NAME:
        return isImmutableValue(value) || locals.apply(value);
      case Token.GETELEM:
      case Token.GETPROP:
        // There is no information about the locality of object properties.
        return locals.apply(value);
      case Token.CALL:
        return callHasLocalResult(value)
            || isToStringMethodCall(value)
            || locals.apply(value);
      case Token.NEW:
        // Only consider constructor local if we're sure the value was never aliased
        return locals.apply(value.getFirstChild());
      case Token.FUNCTION:
      case Token.REGEXP:
      case Token.ARRAYLIT:
      case Token.OBJECTLIT:
        // Literals objects with non-literal children are allowed.
        return true;
      case Token.IN:
        return true;
      default:
        if (isAssignmentOp(value)
            || isSimpleOperator(value)
            || isImmutableValue(value)) {
          return true;
        }

        throw new IllegalStateException(
            ""Unexpected expression node"" + value +
            ""\n parent:"" + value.getParent());
    }
  }
```"
0,root_c4,Closure_87_query,Closure_87,gen,0,0,10,,
0,root_c4,Closure_88_query,Closure_88,gen,0,0,10,,
0,root_c4,Closure_89_query,Closure_89,gen,0,0,10,,
0,root_c4,Closure_8_query,Closure_8,gen,0,0,10,,
0,root_c4,Closure_90_query,Closure_90,gen,0,0,10,,
0,root_c4,Closure_91_query,Closure_91,gen,0,0,10,,
0,root_c4,Closure_92_query,Closure_92,gen,1,4,10,np.nan,"```java
void replace() {
      if (firstNode == null) {
        // Don't touch the base case ('goog').
        replacementNode = candidateDefinition;
        return;
      }

      // Handle the case where there is a duplicate definition for an explicitly
      // provided symbol.
      if (candidateDefinition != null && explicitNode != null) {
        explicitNode.detachFromParent();
        compiler.reportCodeChange();

        // Does this need a VAR keyword?
        replacementNode = candidateDefinition;
        if (NodeUtil.isExpressionNode(candidateDefinition)) {
          candidateDefinition.putBooleanProp(Node.IS_NAMESPACE, true);
          Node assignNode = candidateDefinition.getFirstChild();
          Node nameNode = assignNode.getFirstChild();
          if (nameNode.getType() == Token.NAME) {
            // Need to convert this assign to a var declaration.
            Node valueNode = nameNode.getNext();
            assignNode.removeChild(nameNode);
            assignNode.removeChild(valueNode);
            nameNode.addChildToFront(valueNode);
            Node varNode = new Node(Token.VAR, nameNode);
            varNode.copyInformationFrom(candidateDefinition);
            candidateDefinition.getParent().replaceChild(
                candidateDefinition, varNode);
            nameNode.setJSDocInfo(assignNode.getJSDocInfo());
            compiler.reportCodeChange();
            replacementNode = varNode;
          }
        }
      } else {
        // Handle the case where there's not a duplicate definition.
        replacementNode = createDeclarationNode();
        if (firstModule == minimumModule) {
          firstNode.getParent().addChildBefore(replacementNode, firstNode);
        } else {
          // In this case, the name was implicitly provided by two independent
          // modules. We need to move this code up to a common module.
          int indexOfDot = namespace.lastIndexOf('.');
          if (indexOfDot == -1) {
            // Any old place is fine.
            compiler.getNodeForCodeInsertion(minimumModule)
                .addChildToBack(replacementNode);
          } else {
            // Add it after the parent namespace.
            String parentNamespace = namespace.substring(0, indexOfDot);
            ProvidedName parentName = providedNames.get(parentNamespace);
            if (parentName == null || parentName.replacementNode == null) {
              // Fall back to adding at the beginning of the module
              compiler.getNodeForCodeInsertion(minimumModule)
                  .addChildToBack(replacementNode);
            } else {
              parentName.replacementNode.getParent().addChildAfter(
                  replacementNode, parentName.replacementNode);
            }
          }
        }
        if (explicitNode != null) {
          explicitNode.detachFromParent();
        }
        compiler.reportCodeChange();
      }
    }
```"
0,root_c4,Closure_94_query,Closure_94,gen,1,8,10,np.nan,"```java
static boolean isValidDefineValue(Node val, Set<String> defines) {
    switch (val.getType()) {
      case Token.STRING:
      case Token.NUMBER:
      case Token.TRUE:
      case Token.FALSE:
        return true;

      // Binary operators are only valid if both children are valid.
      case Token.ADD:
      case Token.BITAND:
      case Token.BITNOT:
      case Token.BITOR:
      case Token.BITXOR:
        Node first = val.getFirstChild();
        Node second = first.getNext();
        return isValidDefineValue(first, defines) && 
               (second == null || isValidDefineValue(second, defines));

      // Unary operators are valid if the child is valid.
      case Token.NOT:
      case Token.NEG:
        return isValidDefineValue(val.getFirstChild(), defines);

      // Names are valid if and only if they are defines themselves.
      case Token.NAME:
      case Token.GETPROP:
        if (val.isQualifiedName()) {
          return defines.contains(val.getQualifiedName());
        }
        return false;
        
      default:
        return false;
    }
  }
```"
0,root_c4,Closure_95_query,Closure_95,gen,0,0,10,,
0,root_c4,Closure_96_query,Closure_96,gen,0,0,10,,
0,root_c4,Closure_97_query,Closure_97,gen,1,4,10,np.nan,"```java
private Node tryFoldShift(Node n, Node left, Node right) {
    if (left.getType() == Token.NUMBER &&
        right.getType() == Token.NUMBER) {

      double result;
      double lval = left.getDouble();
      double rval = right.getDouble();

      // check ranges.  We do not do anything that would clip the double to
      // a 32-bit range, since the user likely does not intend that.
      if (!(lval >= Integer.MIN_VALUE && lval <= Integer.MAX_VALUE)) {
        error(BITWISE_OPERAND_OUT_OF_RANGE, left);
        return n;
      }

      // only the lower 5 bits are used when shifting, so don't do anything
      // if the shift amount is outside [0,32)
      if (!(rval >= 0 && rval < 32)) {
        error(SHIFT_AMOUNT_OUT_OF_BOUNDS, right);
        return n;
      }

      // Convert the numbers to ints
      int lvalInt = (int) lval;
      if (lvalInt != lval) {
        error(FRACTIONAL_BITWISE_OPERAND, left);
        return n;
      }

      int rvalInt = (int) rval;
      if (rvalInt != rval) {
        error(FRACTIONAL_BITWISE_OPERAND, right);
        return n;
      }

      switch (n.getType()) {
        case Token.LSH:
          result = lvalInt << rvalInt;
          break;
        case Token.RSH:
          result = lvalInt >> rvalInt;
          break;
        case Token.URSH:
          // JavaScript handles zero shifts on signed numbers differently than
          // Java as an Java int can not represent the unsigned 32-bit number
          // where JavaScript can so use a long here.
          result = (long) lvalInt >>> rvalInt;
          if (result > Integer.MAX_VALUE) {
            result = result & 0xffffffffL;
          }
          break;
        default:
          throw new AssertionError(""Unknown shift operator: "" +
              Node.tokenToName(n.getType()));
      }

      Node newNumber = Node.newNumber(result);
      n.getParent().replaceChild(n, newNumber);
      reportCodeChange();

      return newNumber;
    }

    return n;
  }
```"
0,root_c4,Closure_99_query,Closure_99,gen,0,0,10,,
0,root_c4,Closure_9_query,Closure_9,gen,1,2,10,np.nan,"```java
private String normalizeSourceName(String filename) {
    // The DOS command shell will normalize ""/"" to ""\"", so we have to
    // wrestle it back.
    filename = filename.replace('\\', '/');

    if (filename.indexOf(filenamePrefix) == 0) {
      filename = filename.substring(filenamePrefix.length());
    }

    return filename;
  }
```

```java
private void visitScript(NodeTraversal t, Node script) {
      Preconditions.checkArgument(scriptNodeCount == 1,
          ""ProcessCommonJSModules supports only one invocation per "" +
          ""CompilerInput / script node"");
      String moduleName = guessCJSModuleName(normalizeSourceName(script.getSourceFileName()));
      script.addChildToFront(IR.var(IR.name(moduleName), IR.objectlit())
          .copyInformationFromForTree(script));
      if (reportDependencies) {
        CompilerInput ci = t.getInput();
        ci.addProvide(moduleName);
        JSModule m = new JSModule(moduleName);
        m.addAndOverrideModule(ci);
        module = m;
      }
      script.addChildToFront(IR.exprResult(
          IR.call(IR.getprop(IR.name(""goog""), IR.string(""provide"")),
              IR.string(moduleName))).copyInformationFromForTree(script));

      emitOptionalModuleExportsOverride(script, moduleName);

      // Rename vars to not conflict in global scope.
      NodeTraversal.traverse(compiler, script, new SuffixVarsCallback(
          moduleName));

      compiler.reportCodeChange();
    }
```"
0,root_c5,Chart_12_query,Chart_12,gen,1,10,10,np.nan,"```java
public MultiplePiePlot(CategoryDataset dataset) {
        super();
        this.dataset = dataset;
        if (dataset != null) {
            dataset.addChangeListener(this);
        }
        PiePlot piePlot = new PiePlot(null);
        this.pieChart = new JFreeChart(piePlot);
        this.pieChart.removeLegend();
        this.dataExtractOrder = TableOrder.BY_COLUMN;
        this.pieChart.setBackgroundPaint(null);
        TextTitle seriesTitle = new TextTitle(""Series Title"",
                new Font(""SansSerif"", Font.BOLD, 12));
        seriesTitle.setPosition(RectangleEdge.BOTTOM);
        this.pieChart.setTitle(seriesTitle);
        this.aggregatedItemsKey = ""Other"";
        this.aggregatedItemsPaint = Color.lightGray;
        this.sectionPaints = new HashMap();
    }
```"
0,root_c5,Chart_14_query,Chart_14,gen,1,2,10,np.nan,"```java
public boolean removeRangeMarker(int index, Marker marker, Layer layer,
        boolean notify) {
    if (marker == null) {
        throw new IllegalArgumentException(""Null 'marker' argument."");
    }
    ArrayList markers;
    if (layer == Layer.FOREGROUND) {
        markers = (ArrayList) this.foregroundRangeMarkers.get(new Integer(
                index));
    }
    else {
        markers = (ArrayList) this.backgroundRangeMarkers.get(new Integer(
                index));
    }
    if (markers == null) {
        return false;
    }
    boolean removed = markers.remove(marker);
    if (removed && notify) {
        fireChangeEvent();
    }
    return removed;
}
```

```java
public boolean removeDomainMarker(int index, Marker marker, Layer layer,
        boolean notify) {
    if (marker == null) {
        throw new IllegalArgumentException(""Null 'marker' argument."");
    }
    ArrayList markers;
    if (layer == Layer.FOREGROUND) {
        markers = (ArrayList) this.foregroundDomainMarkers.get(new Integer(
                index));
    }
    else {
        markers = (ArrayList) this.backgroundDomainMarkers.get(new Integer(
                index));
    }
    if (markers == null) {
        return false;
    }
    boolean removed = markers.remove(marker);
    if (removed && notify) {
        fireChangeEvent();
    }
    return removed;
}
```"
0,root_c5,Chart_15_query,Chart_15,gen,1,10,10,np.nan,"```java
public PiePlotState initialise(Graphics2D g2, Rectangle2D plotArea,
            PiePlot plot, Integer index, PlotRenderingInfo info) {
     
        PiePlotState state = new PiePlotState(info);
        state.setPassesRequired(2);
        if (plot.getDataset() != null) {
            state.setTotal(DatasetUtilities.calculatePieDatasetTotal(
                    plot.getDataset()));
        }
        state.setLatestAngle(plot.getStartAngle());
        return state;
    }
```

```java
public double getMaximumExplodePercent() {
        double result = 0.0;
        if (this.dataset != null) {
            Iterator iterator = this.dataset.getKeys().iterator();
            while (iterator.hasNext()) {
                Comparable key = (Comparable) iterator.next();
                Number explode = (Number) this.explodePercentages.get(key);
                if (explode != null) {
                    result = Math.max(result, explode.doubleValue());   
                }
            }
        }
        return result;
    }
```"
0,root_c5,Chart_16_query,Chart_16,gen,1,1,10,np.nan,"```java
public DefaultIntervalCategoryDataset(Comparable[] seriesKeys,
                                          Comparable[] categoryKeys,
                                          Number[][] starts,
                                          Number[][] ends) {

        this.startData = starts;
        this.endData = ends;

        if (starts != null && ends != null) {
            int seriesCount = starts.length;
            if (seriesCount != ends.length) {
                String errMsg = ""DefaultIntervalCategoryDataset: the number ""
                    + ""of series in the start value dataset does ""
                    + ""not match the number of series in the end ""
                    + ""value dataset."";
                throw new IllegalArgumentException(errMsg);
            }
            if (seriesCount > 0) {
                // set up the series names...
                if (seriesKeys != null) {
                    if (seriesKeys.length != seriesCount) {
                        throw new IllegalArgumentException(
                                ""The number of series keys does not ""
                                + ""match the number of series in the data."");
                    }
                    this.seriesKeys = seriesKeys;
                }
                else {
                    String prefix = ""Series "";
                    this.seriesKeys = generateKeys(seriesCount, prefix);
                }

                // set up the category names...
                int categoryCount = starts[0].length;
                if (categoryCount != ends[0].length) {
                    String errMsg = ""DefaultIntervalCategoryDataset: the ""
                                + ""number of categories in the start value ""
                                + ""dataset does not match the number of ""
                                + ""categories in the end value dataset."";
                    throw new IllegalArgumentException(errMsg);
                }
                if (categoryKeys != null) {
                    if (categoryKeys.length != categoryCount) {
                        throw new IllegalArgumentException(
                                ""The number of category keys does not match ""
                                + ""the number of categories in the data."");
                    }
                    this.categoryKeys = categoryKeys;
                }
                else {
                    String prefix = ""Category "";
                    this.categoryKeys = generateKeys(categoryCount, prefix);
                }
            }
            else {
                this.seriesKeys = new Comparable[0];
                this.categoryKeys = new Comparable[0];
            }
        }
        else {
            this.seriesKeys = new Comparable[0];
            this.categoryKeys = new Comparable[0];
        }
    }
```

```java
public void setCategoryKeys(Comparable[] categoryKeys) {
        if (categoryKeys == null) {
            throw new IllegalArgumentException(""Null 'categoryKeys' argument."");
        }
        if (this.startData == null || this.startData.length == 0) {
            this.categoryKeys = categoryKeys;
            fireDatasetChanged();
            return;
        }
        if (categoryKeys.length != this.startData[0].length) {
            throw new IllegalArgumentException(
                    ""The number of categories does not match the data."");
        }
        for (int i = 0; i < categoryKeys.length; i++) {
            if (categoryKeys[i] == null) {
                throw new IllegalArgumentException(
                    ""DefaultIntervalCategoryDataset.setCategoryKeys(): ""
                    + ""null category not permitted."");
            }
        }
        this.categoryKeys = categoryKeys;
        fireDatasetChanged();
    }
```"
0,root_c5,Chart_17_query,Chart_17,gen,0,0,10,,
0,root_c5,Chart_19_query,Chart_19,gen,0,0,10,,
0,root_c5,Chart_1_query,Chart_1,gen,1,10,10,np.nan,"```java
public LegendItemCollection getLegendItems() {
        LegendItemCollection result = new LegendItemCollection();
        if (this.plot == null) {
            return result;
        }
        int index = this.plot.getIndexOf(this);
        CategoryDataset dataset = this.plot.getDataset(index);
        if (dataset == null) {
            return result;
        }
        int seriesCount = dataset.getRowCount();
        if (plot.getRowRenderingOrder().equals(SortOrder.ASCENDING)) {
            for (int i = 0; i < seriesCount; i++) {
                if (isSeriesVisibleInLegend(i)) {
                    LegendItem item = getLegendItem(index, i);
                    if (item != null) {
                        result.add(item);
                    }
                }
            }
        }
        else {
            for (int i = seriesCount - 1; i >= 0; i--) {
                if (isSeriesVisibleInLegend(i)) {
                    LegendItem item = getLegendItem(index, i);
                    if (item != null) {
                        result.add(item);
                    }
                }
            }
        }
        return result;
    }
```"
0,root_c5,Chart_20_query,Chart_20,gen,1,10,10,np.nan,"```java
public ValueMarker(double value, Paint paint, Stroke stroke,
                       Paint outlinePaint, Stroke outlineStroke, float alpha) {
        super(paint, stroke, outlinePaint, outlineStroke, alpha);
        this.value = value;
    }
```"
0,root_c5,Chart_21_query,Chart_21,gen,0,0,10,,
0,root_c5,Chart_24_query,Chart_24,gen,1,10,10,np.nan,"```java
public Paint getPaint(double value) {
        double v = Math.max(value, this.lowerBound);
        v = Math.min(v, this.upperBound);
        int g = (int) ((v - this.lowerBound) / (this.upperBound 
                - this.lowerBound) * 255.0);
        g = Math.max(0, Math.min(g, 255));  // ensure g is between 0-255
        return new Color(g, g, g);
    }
```"
0,root_c5,Chart_25_query,Chart_25,gen,1,10,10,np.nan,"```java
protected void drawVerticalItem(Graphics2D g2,
                                    CategoryItemRendererState state,
                                    Rectangle2D dataArea,
                                    CategoryPlot plot,
                                    CategoryAxis domainAxis,
                                    ValueAxis rangeAxis,
                                    StatisticalCategoryDataset dataset,
                                    int row,
                                    int column) {
                                     
        RectangleEdge xAxisLocation = plot.getDomainAxisEdge();
        
        // BAR X
        double rectX = domainAxis.getCategoryStart(
            column, getColumnCount(), dataArea, xAxisLocation
        );

        int seriesCount = getRowCount();
        int categoryCount = getColumnCount();
        if (seriesCount > 1) {
            double seriesGap = dataArea.getWidth() * getItemMargin()
                               / (categoryCount * (seriesCount - 1));
            rectX = rectX + row * (state.getBarWidth() + seriesGap);
        }
        else {
            rectX = rectX + row * state.getBarWidth();
        }

        // BAR Y
        Number meanValue = dataset.getMeanValue(row, column);
        if (meanValue == null) {
            return;
        }

        double value = meanValue.doubleValue();
        double base = 0.0;
        double lclip = getLowerClip();
        double uclip = getUpperClip();

        if (uclip <= 0.0) {  // cases 1, 2, 3 and 4
            if (value >= uclip) {
                return; // bar is not visible
            }
            base = uclip;
            if (value <= lclip) {
                value = lclip;
            }
        }
        else if (lclip <= 0.0) { // cases 5, 6, 7 and 8
            if (value >= uclip) {
                value = uclip;
            }
            else {
                if (value <= lclip) {
                    value = lclip;
                }
            }
        }
        else { // cases 9, 10, 11 and 12
            if (value <= lclip) {
                return; // bar is not visible
            }
            base = getLowerClip();
            if (value >= uclip) {
               value = uclip;
            }
        }

        RectangleEdge yAxisLocation = plot.getRangeAxisEdge();
        double transY1 = rangeAxis.valueToJava2D(base, dataArea, yAxisLocation);
        double transY2 = rangeAxis.valueToJava2D(value, dataArea, 
                yAxisLocation);
        double rectY = Math.min(transY2, transY1);

        double rectWidth = state.getBarWidth();
        double rectHeight = Math.abs(transY2 - transY1);

        Rectangle2D bar = new Rectangle2D.Double(rectX, rectY, rectWidth, 
                rectHeight);
        Paint seriesPaint = getItemPaint(row, column);
        g2.setPaint(seriesPaint);
        g2.fill(bar);
        if (isDrawBarOutline() && state.getBarWidth() > 3) {
            g2.setStroke(getItemStroke(row, column));
            g2.setPaint(getItemOutlinePaint(row, column));
            g2.draw(bar);
        }

        // standard deviation lines
        Number stdDev = dataset.getStdDevValue(row, column);
        if (stdDev != null) {
            double valueDelta = stdDev.doubleValue();
            double highVal = rangeAxis.valueToJava2D(meanValue.doubleValue() 
                    + valueDelta, dataArea, yAxisLocation);
            double lowVal = rangeAxis.valueToJava2D(meanValue.doubleValue() 
                    - valueDelta, dataArea, yAxisLocation);

            if (this.errorIndicatorStroke != null) {
                g2.setStroke(this.errorIndicatorStroke);
            }
            else {
                g2.setStroke(getItemOutlineStroke(row, column));
            }
            if (this.errorIndicatorPaint != null) {
                g2.setPaint(this.errorIndicatorPaint);  
            }
            else {
                g2.setPaint(getItemOutlinePaint(row, column));   
            }
            Line2D line = null;
            line = new Line2D.Double(rectX + rectWidth / 2.0d, lowVal,
                                     rectX + rectWidth / 2.0d, highVal);
            g2.draw(line);
            line = new Line2D.Double(rectX + rectWidth / 2.0d - 5.0d, highVal,
                                     rectX + rectWidth / 2.0d + 5.0d, highVal);
            g2.draw(line);
            line = new Line2D.Double(rectX + rectWidth / 2.0d - 5.0d, lowVal,
                                     rectX + rectWidth / 2.0d + 5.0d, lowVal);
            g2.draw(line);
        }
        
        CategoryItemLabelGenerator generator = getItemLabelGenerator(row, 
                column);
        if (generator != null && isItemLabelVisible(row, column)) {
            drawItemLabel(g2, dataset, row, column, plot, generator, bar, 
                    (value < 0.0));
        }        

        // add an item entity, if this information is being collected
        EntityCollection entities = state.getEntityCollection();
        if (entities != null) {
            addItemEntity(entities, dataset, row, column, bar);
        }
    }
```

```java
protected void drawHorizontalItem(Graphics2D g2,
                                      CategoryItemRendererState state,
                                      Rectangle2D dataArea,
                                      CategoryPlot plot,
                                      CategoryAxis domainAxis,
                                      ValueAxis rangeAxis,
                                      StatisticalCategoryDataset dataset,
                                      int row,
                                      int column) {
                                     
        RectangleEdge xAxisLocation = plot.getDomainAxisEdge();
        
        // BAR Y
        double rectY = domainAxis.getCategoryStart(column, getColumnCount(), 
                dataArea, xAxisLocation);

        int seriesCount = getRowCount();
        int categoryCount = getColumnCount();
        if (seriesCount > 1) {
            double seriesGap = dataArea.getHeight() * getItemMargin()
                               / (categoryCount * (seriesCount - 1));
            rectY = rectY + row * (state.getBarWidth() + seriesGap);
        }
        else {
            rectY = rectY + row * state.getBarWidth();
        }

        // BAR X
        Number meanValue = dataset.getMeanValue(row, column);
        if (meanValue == null) {
            return;
        }

        double value = meanValue.doubleValue();
        double base = 0.0;
        double lclip = getLowerClip();
        double uclip = getUpperClip();

        if (uclip <= 0.0) {  // cases 1, 2, 3 and 4
            if (value >= uclip) {
                return; // bar is not visible
            }
            base = uclip;
            if (value <= lclip) {
                value = lclip;
            }
        }
        else if (lclip <= 0.0) { // cases 5, 6, 7 and 8
            if (value >= uclip) {
                value = uclip;
            }
            else {
                if (value <= lclip) {
                    value = lclip;
                }
            }
        }
        else { // cases 9, 10, 11 and 12
            if (value <= lclip) {
                return; // bar is not visible
            }
            base = getLowerClip();
            if (value >= uclip) {
               value = uclip;
            }
        }

        RectangleEdge yAxisLocation = plot.getRangeAxisEdge();
        double transY1 = rangeAxis.valueToJava2D(base, dataArea, yAxisLocation);
        double transY2 = rangeAxis.valueToJava2D(value, dataArea, 
                yAxisLocation);
        double rectX = Math.min(transY2, transY1);

        double rectHeight = state.getBarWidth();
        double rectWidth = Math.abs(transY2 - transY1);

        Rectangle2D bar = new Rectangle2D.Double(rectX, rectY, rectWidth, 
                rectHeight);
        Paint seriesPaint = getItemPaint(row, column);
        g2.setPaint(seriesPaint);
        g2.fill(bar);
        if (isDrawBarOutline() && state.getBarWidth() > 3) {
            g2.setStroke(getItemStroke(row, column));
            g2.setPaint(getItemOutlinePaint(row, column));
            g2.draw(bar);
        }

        // standard deviation lines
        Number stdDev = dataset.getStdDevValue(row, column);
        if (stdDev != null) {
            double valueDelta = stdDev.doubleValue();
            double highVal = rangeAxis.valueToJava2D(meanValue.doubleValue() 
                    + valueDelta, dataArea, yAxisLocation);
            double lowVal = rangeAxis.valueToJava2D(meanValue.doubleValue() 
                    - valueDelta, dataArea, yAxisLocation);

            if (this.errorIndicatorStroke != null) {
                g2.setStroke(this.errorIndicatorStroke);
            }
            else {
                g2.setStroke(getItemOutlineStroke(row, column));
            }
            if (this.errorIndicatorPaint != null) {
                g2.setPaint(this.errorIndicatorPaint);  
            }
            else {
                g2.setPaint(getItemOutlinePaint(row, column));   
            }
        
            Line2D line = null;
            line = new Line2D.Double(lowVal, rectY + rectHeight / 2.0d, 
                                     highVal, rectY + rectHeight / 2.0d);
            g2.draw(line);
            line = new Line2D.Double(highVal, rectY + rectHeight * 0.25, 
                                     highVal, rectY + rectHeight * 0.75);
            g2.draw(line);
            line = new Line2D.Double(lowVal, rectY + rectHeight * 0.25, 
                                     lowVal, rectY + rectHeight * 0.75);
            g2.draw(line);
        }
        
        CategoryItemLabelGenerator generator = getItemLabelGenerator(row, 
                column);
        if (generator != null && isItemLabelVisible(row, column)) {
            drawItemLabel(g2, dataset, row, column, plot, generator, bar, 
                    (value < 0.0));
        }        

        // add an item entity, if this information is being collected
        EntityCollection entities = state.getEntityCollection();
        if (entities != null) {
            addItemEntity(entities, dataset, row, column, bar);
        }
    }
```"
0,root_c5,Chart_26_query,Chart_26,gen,1,10,10,np.nan,"```java
protected AxisState drawLabel(String label, Graphics2D g2, 
            Rectangle2D plotArea, Rectangle2D dataArea, RectangleEdge edge, 
            AxisState state, PlotRenderingInfo plotState) {

        // it is unlikely that 'state' will be null, but check anyway...
        if (state == null) {
            throw new IllegalArgumentException(""Null 'state' argument."");
        }
        
        if ((label == null) || (label.equals(""""))) {
            return state;
        }

        Font font = getLabelFont();
        RectangleInsets insets = getLabelInsets();
        g2.setFont(font);
        g2.setPaint(getLabelPaint());
        FontMetrics fm = g2.getFontMetrics();
        Rectangle2D labelBounds = TextUtilities.getTextBounds(label, g2, fm);
        Shape hotspot = null;
        
        if (edge == RectangleEdge.TOP) {
            AffineTransform t = AffineTransform.getRotateInstance(
                    getLabelAngle(), labelBounds.getCenterX(), 
                    labelBounds.getCenterY());
            Shape rotatedLabelBounds = t.createTransformedShape(labelBounds);
            labelBounds = rotatedLabelBounds.getBounds2D();
            float w = (float) labelBounds.getWidth();
            float h = (float) labelBounds.getHeight();
            float labelx = (float) dataArea.getCenterX();
            float labely = (float) (state.getCursor() - insets.getBottom() 
                    - h / 2.0);
            TextUtilities.drawRotatedString(label, g2, labelx, labely, 
                    TextAnchor.CENTER, getLabelAngle(), TextAnchor.CENTER);
            hotspot = new Rectangle2D.Float(labelx - w / 2.0f, 
                    labely - h / 2.0f, w, h);
            state.cursorUp(insets.getTop() + labelBounds.getHeight() 
                    + insets.getBottom());
        }
        else if (edge == RectangleEdge.BOTTOM) {
            AffineTransform t = AffineTransform.getRotateInstance(
                    getLabelAngle(), labelBounds.getCenterX(), 
                    labelBounds.getCenterY());
            Shape rotatedLabelBounds = t.createTransformedShape(labelBounds);
            labelBounds = rotatedLabelBounds.getBounds2D();
            float w = (float) labelBounds.getWidth();
            float h = (float) labelBounds.getHeight();
            float labelx = (float) dataArea.getCenterX();
            float labely = (float) (state.getCursor() + insets.getTop() 
                    + h / 2.0);
            TextUtilities.drawRotatedString(label, g2, labelx, labely, 
                    TextAnchor.CENTER, getLabelAngle(), TextAnchor.CENTER);
            hotspot = new Rectangle2D.Float(labelx - w / 2.0f, 
                    labely - h / 2.0f, w, h);
            state.cursorDown(insets.getTop() + labelBounds.getHeight() 
                    + insets.getBottom());
        }
        else if (edge == RectangleEdge.LEFT) {
            AffineTransform t = AffineTransform.getRotateInstance(
                    getLabelAngle() - Math.PI / 2.0, labelBounds.getCenterX(), 
                    labelBounds.getCenterY());
            Shape rotatedLabelBounds = t.createTransformedShape(labelBounds);
            labelBounds = rotatedLabelBounds.getBounds2D();
            float w = (float) labelBounds.getWidth();
            float h = (float) labelBounds.getHeight();
            float labelx = (float) (state.getCursor() - insets.getRight() 
                    - w / 2.0);
            float labely = (float) dataArea.getCenterY();
            TextUtilities.drawRotatedString(label, g2, labelx, labely, 
                    TextAnchor.CENTER, getLabelAngle() - Math.PI / 2.0, 
                    TextAnchor.CENTER);
            hotspot = new Rectangle2D.Float(labelx - w / 2.0f, 
                    labely - h / 2.0f, w, h);
            state.cursorLeft(insets.getLeft() + labelBounds.getWidth() 
                    + insets.getRight());
        }
        else if (edge == RectangleEdge.RIGHT) {
            AffineTransform t = AffineTransform.getRotateInstance(
                    getLabelAngle() + Math.PI / 2.0, 
                    labelBounds.getCenterX(), labelBounds.getCenterY());
            Shape rotatedLabelBounds = t.createTransformedShape(labelBounds);
            labelBounds = rotatedLabelBounds.getBounds2D();
            float w = (float) labelBounds.getWidth();
            float h = (float) labelBounds.getHeight();
            float labelx = (float) (state.getCursor() 
                            + insets.getLeft() + w / 2.0);
            float labely = (float) dataArea.getCenterY();
            TextUtilities.drawRotatedString(label, g2, labelx, labely, 
                    TextAnchor.CENTER, getLabelAngle() + Math.PI / 2.0, 
                    TextAnchor.CENTER);
            hotspot = new Rectangle2D.Float(labelx - w / 2.0f, 
                    labely - h / 2.0f, w, h);
            state.cursorRight(insets.getLeft() + labelBounds.getWidth() 
                    + insets.getRight());
        }

        if (plotState != null && hotspot != null) {
            ChartRenderingInfo owner = plotState.getOwner();
            if (owner != null) {
                EntityCollection entities = owner.getEntityCollection();
                if (entities != null) {
                    entities.add(new AxisLabelEntity(this, hotspot, 
                            this.labelToolTip, this.labelURL));
                }
            }
        }
        return state;
    }
```"
0,root_c5,Chart_2_query,Chart_2,gen,0,0,10,,
0,root_c5,Chart_3_query,Chart_3,gen,0,0,10,,
0,root_c5,Chart_4_query,Chart_4,gen,1,10,10,np.nan,"Based on the error messages and test cases, the bug appears to be related to null pointer exceptions when handling annotations. Here's the fixed version of the function:

```java
public Range getDataRange(ValueAxis axis) {
    Range result = null;
    List mappedDatasets = new ArrayList();
    List includedAnnotations = new ArrayList();
    boolean isDomainAxis = true;

    // is it a domain axis?
    int domainIndex = getDomainAxisIndex(axis);
    if (domainIndex >= 0) {
        isDomainAxis = true;
        mappedDatasets.addAll(getDatasetsMappedToDomainAxis(
                new Integer(domainIndex)));
        if (domainIndex == 0 && this.annotations != null) {
            // grab the plot's annotations
            Iterator iterator = this.annotations.iterator();
            while (iterator.hasNext()) {
                XYAnnotation annotation = (XYAnnotation) iterator.next();
                if (annotation instanceof XYAnnotationBoundsInfo) {
                    includedAnnotations.add(annotation);
                }
            }
        }
    }

    // or is it a range axis?
    int rangeIndex = getRangeAxisIndex(axis);
    if (rangeIndex >= 0) {
        isDomainAxis = false;
        mappedDatasets.addAll(getDatasetsMappedToRangeAxis(
                new Integer(rangeIndex)));
        if (rangeIndex == 0 && this.annotations != null) {
            Iterator iterator = this.annotations.iterator();
            while (iterator.hasNext()) {
                XYAnnotation annotation = (XYAnnotation) iterator.next();
                if (annotation instanceof XYAnnotationBoundsInfo) {
                    includedAnnotations.add(annotation);
                }
            }
        }
    }

    // iterate through the datasets that map to the axis and get the union
    // of the ranges.
    Iterator iterator = mappedDatasets.iterator();
    while (iterator.hasNext()) {
        XYDataset d = (XYDataset) iterator.next();
        if (d != null) {
            XYItemRenderer r = getRendererForDataset(d);
            if (isDomainAxis) {
                if (r != null) {
                    result = Range.combine(result, r.findDomainBounds(d));
                }
                else {
                    result = Range.combine(result,
                            DatasetUtilities.findDomainBounds(d));
                }
            }
            else {
                if (r != null) {
                    result = Range.combine(result, r.findRangeBounds(d));
                }
                else {
                    result = Range.combine(result,
                            DatasetUtilities.findRangeBounds(d));
                }
            }
            
            if (r != null) {
                Collection c = r.getAnnotations();
                if (c != null) {
                    Iterator i = c.iterator();
                    while (i.hasNext()) {
                        XYAnnotation a = (XYAnnotation) i.next();
                        if (a instanceof XYAnnotationBoundsInfo) {
                            includedAnnotations.add(a);
                        }
                    }
                }
            }
        }
    }

    Iterator it = includedAnnotations.iterator();
    while (it.hasNext()) {
        XYAnnotationBoundsInfo xyabi = (XYAnnotationBoundsInfo) it.next();
        if (xyabi.getIncludeInDataBounds()) {
            if (isDomainAxis) {
                result = Range.combine(result, xyabi.getXRange());
            }
            else {
                result = Range.combine(result, xyabi.getYRange());
            }
        }
    }

    return result;
}
```

The main changes are:
1. Added null check for `this.annotations` before iterating
2. Added null check for renderer before getting annotations
3. Added null check for annotations collection before iterating
4. Fixed some syntax errors (extra parentheses)

These changes should prevent the null pointer exceptions while maintaining the same functionality."
0,root_c5,Chart_5_query,Chart_5,gen,1,4,10,np.nan,"```java
public XYDataItem addOrUpdate(Number x, Number y) {
        if (x == null) {
            throw new IllegalArgumentException(""Null 'x' argument."");
        }

        // if we get to here, we know that duplicate X values are not permitted
        XYDataItem overwritten = null;
        int index = indexOf(x);
        if (index >= 0 && !this.allowDuplicateXValues) {
            XYDataItem existing = (XYDataItem) this.data.get(index);
            try {
                overwritten = (XYDataItem) existing.clone();
            }
            catch (CloneNotSupportedException e) {
                throw new SeriesException(""Couldn't clone XYDataItem!"");
            }
            existing.setY(y);
        }
        else {
            // if the series is sorted, the negative index is a result from
            // Collections.binarySearch() and tells us where to insert the
            // new item...otherwise it will be just -1 and we should just
            // append the value to the list...
            if (this.autoSort) {
                this.data.add(Math.max(0, -index - 1), new XYDataItem(x, y));
            }
            else {
                this.data.add(new XYDataItem(x, y));
            }
            // check if this addition will exceed the maximum item count...
            if (getItemCount() > this.maximumItemCount) {
                this.data.remove(0);
            }
        }
        fireSeriesChanged();
        return overwritten;
    }
```"
0,root_c5,Chart_7_query,Chart_7,gen,1,10,10,np.nan,"```java
private void updateBounds(TimePeriod period, int index) {
        
        long start = period.getStart().getTime();
        long end = period.getEnd().getTime();
        long middle = start + ((end - start) / 2);

        if (this.minStartIndex >= 0) {
            long minStart = getDataItem(this.minStartIndex).getPeriod()
                .getStart().getTime();
            if (start < minStart) {
                this.minStartIndex = index;           
            }
        }
        else {
            this.minStartIndex = index;
        }
        
        if (this.maxStartIndex >= 0) {
            long maxStart = getDataItem(this.maxStartIndex).getPeriod()
                .getStart().getTime();
            if (start > maxStart) {
                this.maxStartIndex = index;           
            }
        }
        else {
            this.maxStartIndex = index;
        }
        
        if (this.minMiddleIndex >= 0) {
            long s = getDataItem(this.minMiddleIndex).getPeriod().getStart()
                .getTime();
            long e = getDataItem(this.minMiddleIndex).getPeriod().getEnd()
                .getTime();
            long minMiddle = s + (e - s) / 2;
            if (middle < minMiddle) {
                this.minMiddleIndex = index;           
            }
        }
        else {
            this.minMiddleIndex = index;
        }
        
        if (this.maxMiddleIndex >= 0) {
            long s = getDataItem(this.maxMiddleIndex).getPeriod().getStart()
                .getTime();
            long e = getDataItem(this.maxMiddleIndex).getPeriod().getEnd()
                .getTime();
            long maxMiddle = s + (e - s) / 2;
            if (middle > maxMiddle) {
                this.maxMiddleIndex = index;           
            }
        }
        else {
            this.maxMiddleIndex = index;
        }
        
        if (this.minEndIndex >= 0) {
            long minEnd = getDataItem(this.minEndIndex).getPeriod().getEnd()
                .getTime();
            if (end < minEnd) {
                this.minEndIndex = index;           
            }
        }
        else {
            this.minEndIndex = index;
        }
       
        if (this.maxEndIndex >= 0) {
            long maxEnd = getDataItem(this.maxEndIndex).getPeriod().getEnd()
                .getTime();
            if (end > maxEnd) {
                this.maxEndIndex = index;           
            }
        }
        else {
            this.maxEndIndex = index;
        }
    }
```"
0,root_c5,Chart_8_query,Chart_8,gen,1,10,10,np.nan,"```java
public Week(Date time, TimeZone zone) {
        // defer argument checking...
        this(time, zone, Locale.getDefault());
    }
```"
0,root_c5,Chart_9_query,Chart_9,gen,1,4,10,np.nan,"```java
public TimeSeries createCopy(RegularTimePeriod start, RegularTimePeriod end)
        throws CloneNotSupportedException {

        if (start == null) {
            throw new IllegalArgumentException(""Null 'start' argument."");
        }
        if (end == null) {
            throw new IllegalArgumentException(""Null 'end' argument."");
        }
        if (start.compareTo(end) > 0) {
            throw new IllegalArgumentException(""Requires start <= end."");
        }
        boolean emptyRange = false;
        int startIndex = getIndex(start);
        if (startIndex < 0) {
            startIndex = -(startIndex + 1);
            if (startIndex == this.data.size()) {
                emptyRange = true;  // start is after last data item
            }
        }
        int endIndex = getIndex(end);
        if (endIndex < 0) {             // end period is not in original series
            endIndex = -(endIndex + 1); // this is first item AFTER end period
            endIndex = endIndex - 1;    // so this is last item BEFORE end
            if (endIndex < 0) {
                emptyRange = true;
            }
        }
        if (emptyRange) {
            TimeSeries copy = (TimeSeries) super.clone();
            copy.data = new java.util.ArrayList();
            return copy;
        }
        else {
            return createCopy(startIndex, endIndex);
        }
    }
```"
0,root_c5,Gson_5_query,Gson_5,gen,1,10,10,np.nan,"```java
public static Date parse(String date, ParsePosition pos) throws ParseException {
        Exception fail = null;
        try {
            int offset = pos.getIndex();

            // extract year
            int year = parseInt(date, offset, offset += 4);
            if (checkOffset(date, offset, '-')) {
                offset += 1;
            }

            // extract month
            int month = parseInt(date, offset, offset += 2);
            if (checkOffset(date, offset, '-')) {
                offset += 1;
            }

            // extract day
            int day = parseInt(date, offset, offset += 2);
            // default time value
            int hour = 0;
            int minutes = 0;
            int seconds = 0;
            int milliseconds = 0; // always use 0 otherwise returned date will include millis of current time

            // if the value has no time component (and no time zone), we are done
            boolean hasT = checkOffset(date, offset, 'T');
            
            if (!hasT && (date.length() <= offset)) {
                Calendar calendar = new GregorianCalendar(year, month - 1, day);

                pos.setIndex(offset);
                return calendar.getTime();
            }

            if (hasT) {
                // extract hours, minutes, seconds and milliseconds
                hour = parseInt(date, offset += 1, offset += 2);
                if (checkOffset(date, offset, ':')) {
                    offset += 1;
                }

                minutes = parseInt(date, offset, offset += 2);
                if (checkOffset(date, offset, ':')) {
                    offset += 1;
                }
                // second and milliseconds can be optional
                if (date.length() > offset) {
                    char c = date.charAt(offset);
                    if (c != 'Z' && c != '+' && c != '-') {
                        seconds = parseInt(date, offset, offset += 2);
                        if (seconds > 59 && seconds < 63) seconds = 59; // truncate up to 3 leap seconds
                        // milliseconds can be optional in the format
                        if (checkOffset(date, offset, '.')) {
                            offset += 1;
                            int endOffset = indexOfNonDigit(date, offset + 1); // assume at least one digit
                            int parseEndOffset = Math.min(endOffset, offset + 3); // parse up to 3 digits
                            int fraction = parseInt(date, offset, parseEndOffset);
                            // compensate for ""missing"" digits
                            switch (parseEndOffset - offset) { // number of digits parsed
                            case 2:
                                milliseconds = fraction * 10;
                                break;
                            case 1:
                                milliseconds = fraction * 100;
                                break;
                            default:
                                milliseconds = fraction;
                            }
                            offset = endOffset;
                        }
                    }
                }
            }

            // extract timezone
            if (date.length() <= offset) {
                throw new IllegalArgumentException(""No time zone indicator"");
            }

            TimeZone timezone = null;
            char timezoneIndicator = date.charAt(offset);

            if (timezoneIndicator == 'Z') {
                timezone = TIMEZONE_UTC;
                offset += 1;
            } else if (timezoneIndicator == '+' || timezoneIndicator == '-') {
                String timezoneOffset = date.substring(offset);
                
                // Handle timezone offset with or without minutes
                if (timezoneOffset.length() == 3) { // +HH format
                    timezoneOffset += ""00""; // append minutes
                }
                offset += timezoneOffset.length();

                if (""+0000"".equals(timezoneOffset) || ""+00:00"".equals(timezoneOffset)) {
                    timezone = TIMEZONE_UTC;
                } else {
                    String timezoneId = ""GMT"" + timezoneOffset;
                    timezone = TimeZone.getTimeZone(timezoneId);

                    String act = timezone.getID();
                    if (!act.equals(timezoneId)) {
                        String cleaned = act.replace("":"", """");
                        if (!cleaned.equals(timezoneId)) {
                            throw new IndexOutOfBoundsException(""Mismatching time zone indicator: ""+timezoneId+"" given, resolves to ""
                                    +timezone.getID());
                        }
                    }
                }
            } else {
                throw new IndexOutOfBoundsException(""Invalid time zone indicator '"" + timezoneIndicator+""'"");
            }

            Calendar calendar = new GregorianCalendar(timezone);
            calendar.setLenient(false);
            calendar.set(Calendar.YEAR, year);
            calendar.set(Calendar.MONTH, month - 1);
            calendar.set(Calendar.DAY_OF_MONTH, day);
            calendar.set(Calendar.HOUR_OF_DAY, hour);
            calendar.set(Calendar.MINUTE, minutes);
            calendar.set(Calendar.SECOND, seconds);
            calendar.set(Calendar.MILLISECOND, milliseconds);

            pos.setIndex(offset);
            return calendar.getTime();
        } catch (IndexOutOfBoundsException e) {
            fail = e;
        } catch (NumberFormatException e) {
            fail = e;
        } catch (IllegalArgumentException e) {
            fail = e;
        }
        String input = (date == null) ? null : ('""' + date + ""'"");
        String msg = fail.getMessage();
        if (msg == null || msg.isEmpty()) {
            msg = ""(""+fail.getClass().getName()+"")"";
        }
        ParseException ex = new ParseException(""Failed to parse date ["" + input + ""]: "" + msg, pos.getIndex());
        ex.initCause(fail);
        throw ex;
    }
```"
0,root_c5,JacksonDatabind_104_query,JacksonDatabind_104,gen,0,0,10,,
0,root_c5,JacksonDatabind_36_query,JacksonDatabind_36,gen,0,0,10,,
0,root_c5,JacksonDatabind_6_query,JacksonDatabind_6,gen,1,1,10,np.nan,"```java
protected Date parseAsISO8601(String dateStr, ParsePosition pos)
    {
        /* 21-May-2009, tatu: DateFormat has very strict handling of
         * timezone  modifiers for ISO-8601. So we need to do some scrubbing.
         */

        /* First: do we have ""zulu"" format ('Z' == ""GMT"")? If yes, that's
         * quite simple because we already set date format timezone to be
         * GMT, and hence can just strip out 'Z' altogether
         */
        int len = dateStr.length();
        char c = dateStr.charAt(len-1);
        DateFormat df;

        // [JACKSON-200]: need to support ""plain"" date...
        if (len <= 10 && Character.isDigit(c)) {
            df = _formatPlain;
            if (df == null) {
                df = _formatPlain = _cloneFormat(DATE_FORMAT_PLAIN, DATE_FORMAT_STR_PLAIN, _timezone, _locale);
            }
        } else if (c == 'Z') {
            df = _formatISO8601_z;
            if (df == null) {
                df = _formatISO8601_z = _cloneFormat(DATE_FORMAT_ISO8601_Z, DATE_FORMAT_STR_ISO8601_Z, _timezone, _locale);
            }
            // [JACKSON-334]: may be missing milliseconds... if so, add
            if (dateStr.charAt(len-4) == ':') {
                StringBuilder sb = new StringBuilder(dateStr);
                sb.insert(len-1, "".000"");
                dateStr = sb.toString();
            }
        } else {
            // Let's see if we have timezone indicator or not...
            if (hasTimeZone(dateStr)) {
                c = dateStr.charAt(len-3);
                if (c == ':') { // remove optional colon
                    // remove colon
                    StringBuilder sb = new StringBuilder(dateStr);
                    sb.delete(len-3, len-2);
                    dateStr = sb.toString();
                } else if (c == '+' || c == '-') { // missing minutes
                    // let's just append '00'
                    dateStr += ""00"";
                }
                // Milliseconds partial or missing; and even seconds are optional
                len = dateStr.length();
                // Check if seconds are present
                int colonIndex = dateStr.indexOf(':', dateStr.indexOf('T') + 1);
                if (colonIndex < 0 || colonIndex > len-6) {
                    // No seconds, add them
                    StringBuilder sb = new StringBuilder(dateStr);
                    int tIndex = dateStr.indexOf('T');
                    sb.insert(tIndex + 6, "":00"");
                    dateStr = sb.toString();
                    len = dateStr.length();
                }
                // Check if milliseconds are present
                int dotIndex = dateStr.indexOf('.', dateStr.indexOf('T'));
                if (dotIndex < 0 || dotIndex > len-10) {
                    // No milliseconds, add them
                    StringBuilder sb = new StringBuilder(dateStr);
                    int tIndex = dateStr.indexOf('T');
                    int colon2Index = dateStr.indexOf(':', tIndex + 1);
                    sb.insert(colon2Index + 3, "".000"");
                    dateStr = sb.toString();
                }
                df = _formatISO8601;
                if (_formatISO8601 == null) {
                    df = _formatISO8601 = _cloneFormat(DATE_FORMAT_ISO8601, DATE_FORMAT_STR_ISO8601, _timezone, _locale);
                }
            } else {
                // If not, plain date. Easiest to just patch 'Z' in the end?
                StringBuilder sb = new StringBuilder(dateStr);
                // And possible also millisecond part if missing
                int timeLen = len - dateStr.lastIndexOf('T') - 1;
                if (timeLen <= 8) {
                    sb.append("".000"");
                }
                sb.append('Z');
                dateStr = sb.toString();
                df = _formatISO8601_z;
                if (df == null) {
                    df = _formatISO8601_z = _cloneFormat(DATE_FORMAT_ISO8601_Z, DATE_FORMAT_STR_ISO8601_Z,
                            _timezone, _locale);
                }
            }
        }
        return df.parse(dateStr, pos);
    }
```"
0,root_c5,Lang_21_query,Lang_21,gen,1,8,10,np.nan,"```java
public static boolean isSameLocalTime(Calendar cal1, Calendar cal2) {
    if (cal1 == null || cal2 == null) {
        throw new IllegalArgumentException(""The date must not be null"");
    }
    return (cal1.get(Calendar.MILLISECOND) == cal2.get(Calendar.MILLISECOND) &&
            cal1.get(Calendar.SECOND) == cal2.get(Calendar.SECOND) &&
            cal1.get(Calendar.MINUTE) == cal2.get(Calendar.MINUTE) &&
            cal1.get(Calendar.HOUR_OF_DAY) == cal2.get(Calendar.HOUR_OF_DAY) &&
            cal1.get(Calendar.DAY_OF_YEAR) == cal2.get(Calendar.DAY_OF_YEAR) &&
            cal1.get(Calendar.YEAR) == cal2.get(Calendar.YEAR) &&
            cal1.get(Calendar.ERA) == cal2.get(Calendar.ERA) &&
            cal1.getClass() == cal2.getClass());
}
```"
0,root_c5,Lang_26_query,Lang_26,gen,1,10,10,np.nan,"```java
public String format(Date date) {
        Calendar c = new GregorianCalendar(mTimeZone, mLocale);
        c.setTime(date);
        return applyRules(c, new StringBuffer(mMaxLengthEstimate)).toString();
    }
```"
0,root_c5,Lang_38_query,Lang_38,gen,0,0,10,,
0,root_c5,Lang_50_query,Lang_50,gen,1,10,10,np.nan,"```java
public static synchronized FastDateFormat getDateTimeInstance(int dateStyle, int timeStyle, TimeZone timeZone,
            Locale locale) {

        Object key = new Pair(new Integer(dateStyle), new Integer(timeStyle));
        if (timeZone != null) {
            key = new Pair(key, timeZone);
        }
        if (locale == null) {
            locale = Locale.getDefault();
        }
        key = new Pair(key, locale);

        FastDateFormat format = (FastDateFormat) cDateTimeInstanceCache.get(key);
        if (format == null) {
            try {
                SimpleDateFormat formatter = (SimpleDateFormat) DateFormat.getDateTimeInstance(dateStyle, timeStyle,
                        locale);
                String pattern = formatter.toPattern();
                format = getInstance(pattern, timeZone, locale);
                cDateTimeInstanceCache.put(key, format);

            } catch (ClassCastException ex) {
                throw new IllegalArgumentException(""No date time pattern for locale: "" + locale);
            }
        }
        return format;
    }
```

```java
public static synchronized FastDateFormat getDateInstance(int style, TimeZone timeZone, Locale locale) {
        Object key = new Integer(style);
        if (timeZone != null) {
            key = new Pair(key, timeZone);
        }
        if (locale == null) {
            locale = Locale.getDefault();
        }
        key = new Pair(key, locale);

        FastDateFormat format = (FastDateFormat) cDateInstanceCache.get(key);
        if (format == null) {
            try {
                SimpleDateFormat formatter = (SimpleDateFormat) DateFormat.getDateInstance(style, locale);
                String pattern = formatter.toPattern();
                format = getInstance(pattern, timeZone, locale);
                cDateInstanceCache.put(key, format);
                
            } catch (ClassCastException ex) {
                throw new IllegalArgumentException(""No date pattern for locale: "" + locale);
            }
        }
        return format;
    }
```"
0,root_c5,Lang_53_query,Lang_53,gen,1,10,10,np.nan,"```java
private static void modify(Calendar val, int field, boolean round) {
    if (val.get(Calendar.YEAR) > 280000000) {
        throw new ArithmeticException(""Calendar value too large for accurate calculations"");
    }
    
    if (field == Calendar.MILLISECOND) {
        return;
    }

    // ----------------- Fix for LANG-59 ---------------------- START ---------------
    // see http://issues.apache.org/jira/browse/LANG-59
    //
    // Manually truncate milliseconds, seconds and minutes, rather than using
    // Calendar methods.

    Date date = val.getTime();
    long time = date.getTime();
    boolean done = false;

    // truncate milliseconds
    int millisecs = val.get(Calendar.MILLISECOND);
    if (!round || millisecs < 500) {
        time = time - millisecs;
    } else {
        time = time + (1000 - millisecs);
    }
    if (field == Calendar.SECOND) {
        done = true;
    }

    // truncate seconds
    int seconds = val.get(Calendar.SECOND);
    if (!done) {
        if (!round || seconds < 30) {
            time = time - (seconds * 1000L);
        } else {
            time = time + ((60 - seconds) * 1000L);
        }
        if (field == Calendar.MINUTE) {
            done = true;
        }
    }

    // truncate minutes
    int minutes = val.get(Calendar.MINUTE);
    if (!done) {
        if (!round || minutes < 30) {
            time = time - (minutes * 60000L);
        } else {
            time = time + ((60 - minutes) * 60000L);
        }
    }

    // reset time
    if (date.getTime() != time) {
        date.setTime(time);
        val.setTime(date);
    }
    // ----------------- Fix for LANG-59 ----------------------- END ----------------

    boolean roundUp = false;
    for (int i = 0; i < fields.length; i++) {
        for (int j = 0; j < fields[i].length; j++) {
            if (fields[i][j] == field) {
                //This is our field... we stop looping
                if (round && roundUp) {
                    if (field == DateUtils.SEMI_MONTH) {
                        //This is a special case that's hard to generalize
                        //If the date is 1, we round up to 16, otherwise
                        //  we subtract 15 days and add 1 month
                        if (val.get(Calendar.DATE) == 1) {
                            val.add(Calendar.DATE, 15);
                        } else {
                            val.add(Calendar.DATE, -15);
                            val.add(Calendar.MONTH, 1);
                        }
                    } else {
                        //We need at add one to this field since the
                        //  last number causes us to round up
                        val.add(fields[i][0], 1);
                    }
                }
                return;
            }
        }
        //We have various fields that are not easy roundings
        int offset = 0;
        boolean offsetSet = false;
        //These are special types of fields that require different rounding rules
        switch (field) {
            case DateUtils.SEMI_MONTH:
                if (fields[i][0] == Calendar.DATE) {
                    //If we're going to drop the DATE field's value,
                    //  we want to do this our own way.
                    //We need to subtrace 1 since the date has a minimum of 1
                    offset = val.get(Calendar.DATE) - 1;
                    //If we're above 15 days adjustment, that means we're in the
                    //  bottom half of the month and should stay accordingly.
                    if (offset >= 15) {
                        offset -= 15;
                    }
                    //Record whether we're in the top or bottom half of that range
                    roundUp = offset > 7;
                    offsetSet = true;
                }
                break;
            case Calendar.AM_PM:
                if (fields[i][0] == Calendar.HOUR_OF_DAY) {
                    //If we're going to drop the HOUR field's value,
                    //  we want to do this our own way.
                    offset = val.get(Calendar.HOUR_OF_DAY);
                    if (offset >= 12) {
                        offset -= 12;
                    }
                    roundUp = offset > 6;
                    offsetSet = true;
                }
                break;
        }
        if (!offsetSet) {
            int min = val.getActualMinimum(fields[i][0]);
            int max = val.getActualMaximum(fields[i][0]);
            //Calculate the offset from the minimum allowed value
            offset = val.get(fields[i][0]) - min;
            //Set roundUp if this is more than half way between the minimum and maximum
            roundUp = offset > ((max - min) / 2);
        }
        //We need to remove this field
        if (offset != 0) {
            val.set(fields[i][0], val.get(fields[i][0]) - offset);
        }
    }
    throw new IllegalArgumentException(""The field "" + field + "" is not supported"");
}
```"
0,root_c5,Lang_63_query,Lang_63,gen,1,3,10,np.nan,"```java
static int reduceAndCorrect(Calendar start, Calendar end, int field, int difference) {
        end.add( field, -1 * difference );
        int endValue = end.get(field);
        int startValue = start.get(field);
        if (endValue < startValue) {
            int newdiff = startValue - endValue;
            end.add( field, newdiff );
            return newdiff;
        } else {
            return 0;
        }
    }
```

```java
public static String formatPeriod(long startMillis, long endMillis, String format, boolean padWithZeros, 
            TimeZone timezone) {

        long millis = endMillis - startMillis;
        if (millis < 28 * DateUtils.MILLIS_PER_DAY) {
            return formatDuration(millis, format, padWithZeros);
        }

        Token[] tokens = lexx(format);

        // timezones get funky around 0, so normalizing everything to GMT 
        // stops the hours being off
        Calendar start = Calendar.getInstance(timezone);
        start.setTime(new Date(startMillis));
        Calendar end = Calendar.getInstance(timezone);
        end.setTime(new Date(endMillis));

        // initial estimates
        int milliseconds = end.get(Calendar.MILLISECOND) - start.get(Calendar.MILLISECOND);
        int seconds = end.get(Calendar.SECOND) - start.get(Calendar.SECOND);
        int minutes = end.get(Calendar.MINUTE) - start.get(Calendar.MINUTE);
        int hours = end.get(Calendar.HOUR_OF_DAY) - start.get(Calendar.HOUR_OF_DAY);
        int days = end.get(Calendar.DAY_OF_MONTH) - start.get(Calendar.DAY_OF_MONTH);
        int months = end.get(Calendar.MONTH) - start.get(Calendar.MONTH);
        int years = end.get(Calendar.YEAR) - start.get(Calendar.YEAR);

        // each initial estimate is adjusted in case it is under 0
        while (milliseconds < 0) {
            milliseconds += 1000;
            seconds -= 1;
        }
        while (seconds < 0) {
            seconds += 60;
            minutes -= 1;
        }
        while (minutes < 0) {
            minutes += 60;
            hours -= 1;
        }
        while (hours < 0) {
            hours += 24;
            days -= 1;
        }
        while (days < 0) {
            days += end.getActualMaximum(Calendar.DAY_OF_MONTH);
            months -= 1;
        }
        while (months < 0) {
            months += 12;
            years -= 1;
        }
        milliseconds -= reduceAndCorrect(start, end, Calendar.MILLISECOND, milliseconds);
        seconds -= reduceAndCorrect(start, end, Calendar.SECOND, seconds);
        minutes -= reduceAndCorrect(start, end, Calendar.MINUTE, minutes);
        hours -= reduceAndCorrect(start, end, Calendar.HOUR_OF_DAY, hours);
        days -= reduceAndCorrect(start, end, Calendar.DAY_OF_MONTH, days);
        months -= reduceAndCorrect(start, end, Calendar.MONTH, months);
        years -= reduceAndCorrect(start, end, Calendar.YEAR, years);

        // This next block of code adds in values that 
        // aren't requested. This allows the user to ask for the 
        // number of months and get the real count and not just 0->11.
        if (!Token.containsTokenWithValue(tokens, y)) {
            if (Token.containsTokenWithValue(tokens, M)) {
                months += 12 * years;
                years = 0;
            } else {
                // TODO: this is a bit weak, needs work to know about leap years
                days += 365 * years;
                years = 0;
            }
        }
        if (!Token.containsTokenWithValue(tokens, M)) {
            days += end.get(Calendar.DAY_OF_YEAR) - start.get(Calendar.DAY_OF_YEAR);
            months = 0;
        }
        if (!Token.containsTokenWithValue(tokens, d)) {
            hours += 24 * days;
            days = 0;
        }
        if (!Token.containsTokenWithValue(tokens, H)) {
            minutes += 60 * hours;
            hours = 0;
        }
        if (!Token.containsTokenWithValue(tokens, m)) {
            seconds += 60 * minutes;
            minutes = 0;
        }
        if (!Token.containsTokenWithValue(tokens, s)) {
            milliseconds += 1000 * seconds;
            seconds = 0;
        }

        return format(tokens, years, months, days, hours, minutes, seconds, milliseconds, padWithZeros);
    }
```"
0,root_c5,Lang_65_query,Lang_65,gen,0,0,10,,
0,root_c5,Lang_9_query,Lang_9,gen,0,0,10,,
0,root_c5,Math_75_query,Math_75,gen,1,10,10,np.nan,"```java
@Deprecated
    public double getPct(Object v) {
        if (getSumFreq() == 0) {
            return Double.NaN;
        }
        return (double) getCount(v) / (double) getSumFreq();
    }
```"
0,root_c5,Time_12_query,Time_12,gen,0,0,10,,
0,root_c5,Time_13_query,Time_13,gen,0,0,10,,
0,root_c5,Time_14_query,Time_14,gen,0,0,10,,
0,root_c5,Time_16_query,Time_16,gen,1,5,10,np.nan,"```java
public int parseInto(ReadWritableInstant instant, String text, int position) {
        DateTimeParser parser = requireParser();
        if (instant == null) {
            throw new IllegalArgumentException(""Instant must not be null"");
        }
        
        long instantMillis = instant.getMillis();
        Chronology chrono = instant.getChronology();
        long instantLocal = instantMillis + chrono.getZone().getOffset(instantMillis);
        chrono = selectChronology(chrono);
        
        // Use the year from the instant as default year
        int defaultYear = chrono.year().get(instantMillis);
        DateTimeParserBucket bucket = new DateTimeParserBucket(
            instantLocal, chrono, iLocale, iPivotYear, defaultYear);
        
        int newPos = parser.parseInto(bucket, text, position);
        instant.setMillis(bucket.computeMillis(false, text));
        
        if (iOffsetParsed && bucket.getOffsetInteger() != null) {
            int parsedOffset = bucket.getOffsetInteger();
            DateTimeZone parsedZone = DateTimeZone.forOffsetMillis(parsedOffset);
            chrono = chrono.withZone(parsedZone);
        } else if (bucket.getZone() != null) {
            chrono = chrono.withZone(bucket.getZone());
        }
        instant.setChronology(chrono);
        if (iZone != null) {
            instant.setZone(iZone);
        }
        return newPos;
    }
```"
0,root_c5,Time_17_query,Time_17,gen,0,0,10,,
0,root_c5,Time_18_query,Time_18,gen,1,5,10,np.nan,"```java
public long getDateTimeMillis(int year, int monthOfYear, int dayOfMonth,
                                  int hourOfDay, int minuteOfHour,
                                  int secondOfMinute, int millisOfSecond)
        throws IllegalArgumentException
    {
        Chronology base;
        if ((base = getBase()) != null) {
            return base.getDateTimeMillis
                (year, monthOfYear, dayOfMonth,
                 hourOfDay, minuteOfHour, secondOfMinute, millisOfSecond);
        }

        // Try Julian chronology first for historical dates
        if (year < iCutoverYear || 
            (year == iCutoverYear && monthOfYear < iCutoverMonth) ||
            (year == iCutoverYear && monthOfYear == iCutoverMonth && dayOfMonth < iCutoverDay)) {
            return iJulianChronology.getDateTimeMillis
                (year, monthOfYear, dayOfMonth,
                 hourOfDay, minuteOfHour, secondOfMinute, millisOfSecond);
        }

        // Try Gregorian chronology for modern dates
        try {
            return iGregorianChronology.getDateTimeMillis
                (year, monthOfYear, dayOfMonth,
                 hourOfDay, minuteOfHour, secondOfMinute, millisOfSecond);
        } catch (IllegalFieldValueException e) {
            // If Gregorian fails, try Julian (for cases like 1500-02-29)
            try {
                return iJulianChronology.getDateTimeMillis
                    (year, monthOfYear, dayOfMonth,
                     hourOfDay, minuteOfHour, secondOfMinute, millisOfSecond);
            } catch (IllegalFieldValueException e2) {
                throw new IllegalArgumentException(""Specified date does not exist"");
            }
        }
    }
```"
0,root_c5,Time_19_query,Time_19,gen,0,0,10,,
0,root_c5,Time_1_query,Time_1,gen,0,0,10,,
0,root_c5,Time_20_query,Time_20,gen,1,7,10,np.nan,"```java
public int parseInto(DateTimeParserBucket bucket, String text, int position) {
            String str = text.substring(position);
            for (String id : ALL_IDS) {
                if (str.startsWith(id)) {
                    // Check if the matched ID is followed by whitespace or end of string
                    if (str.length() == id.length() || Character.isWhitespace(str.charAt(id.length()))) {
                        bucket.setZone(DateTimeZone.forID(id));
                        return position + id.length();
                    }
                }
            }
            return ~position;
        }
```"
0,root_c5,Time_22_query,Time_22,gen,0,0,10,,
0,root_c5,Time_23_query,Time_23,gen,1,9,10,np.nan,"```java
private static synchronized String getConvertedId(String id) {
        Map<String, String> map = cZoneIdConversion;
        if (map == null) {
            // Backwards compatibility with TimeZone.
            map = new HashMap<String, String>();
            map.put(""GMT"", ""UTC"");
            map.put(""MIT"", ""Pacific/Apia"");
            map.put(""HST"", ""Pacific/Honolulu"");  // JDK 1.1 compatible
            map.put(""AST"", ""America/Anchorage"");
            map.put(""PST"", ""America/Los_Angeles"");
            map.put(""MST"", ""America/Denver"");  // JDK 1.1 compatible
            map.put(""PNT"", ""America/Phoenix"");
            map.put(""CST"", ""America/Chicago"");
            map.put(""EST"", ""America/New_York"");  // JDK 1.1 compatible
            map.put(""IET"", ""America/Indiana/Indianapolis"");
            map.put(""PRT"", ""America/Puerto_Rico"");
            map.put(""CNT"", ""America/St_Johns"");
            map.put(""AGT"", ""America/Argentina/Buenos_Aires"");
            map.put(""BET"", ""America/Sao_Paulo"");
            map.put(""WET"", ""WET"");
            map.put(""ECT"", ""CET"");
            map.put(""ART"", ""Africa/Cairo"");
            map.put(""CAT"", ""Africa/Harare"");
            map.put(""EET"", ""EET"");
            map.put(""EAT"", ""Africa/Addis_Ababa"");
            map.put(""MET"", ""CET"");
            map.put(""NET"", ""Asia/Yerevan"");
            map.put(""PLT"", ""Asia/Karachi"");
            map.put(""IST"", ""Asia/Kolkata"");
            map.put(""BST"", ""Asia/Dhaka"");
            map.put(""VST"", ""Asia/Ho_Chi_Minh"");
            map.put(""CTT"", ""Asia/Shanghai"");
            map.put(""JST"", ""Asia/Tokyo"");
            map.put(""ACT"", ""Australia/Darwin"");
            map.put(""AET"", ""Australia/Sydney"");
            map.put(""SST"", ""Pacific/Guadalcanal"");
            map.put(""NST"", ""Pacific/Auckland"");
            cZoneIdConversion = map;
        }
        return map.get(id);
    }
```"
0,root_c5,Time_24_query,Time_24,gen,0,0,10,,
0,root_c5,Time_25_query,Time_25,gen,0,0,10,,
0,root_c5,Time_26_query,Time_26,gen,0,0,10,,
0,root_c5,Time_27_query,Time_27,gen,1,9,10,np.nan,"```java
private static PeriodFormatter toFormatter(List<Object> elementPairs, boolean notPrinter, boolean notParser) {
    if (notPrinter && notParser) {
        throw new IllegalStateException(""Builder has created neither a printer nor a parser"");
    }
    int size = elementPairs.size();
    if (size >= 2 && elementPairs.get(0) instanceof Separator) {
        Separator sep = (Separator) elementPairs.get(0);
        if (sep.iAfterParser == null && sep.iAfterPrinter == null) {
            // separator can't be used as both printer and parser
            PeriodFormatter f = toFormatter(elementPairs.subList(2, size), notPrinter, notParser);
            sep = sep.finish(f.getPrinter(), f.getParser());
            return new PeriodFormatter(sep, sep);
        }
    }
    Object[] comp = createComposite(elementPairs);
    if (notPrinter) {
        return new PeriodFormatter(null, (PeriodParser) comp[1]);
    } else if (notParser) {
        return new PeriodFormatter((PeriodPrinter) comp[0], null);
    } else {
        return new PeriodFormatter((PeriodPrinter) comp[0], (PeriodParser) comp[1]);
    }
}
```"
0,root_c5,Time_2_query,Time_2,gen,0,0,10,,
0,root_c5,Time_3_query,Time_3,gen,0,0,10,,
0,root_c5,Time_4_query,Time_4,gen,0,0,10,,
0,root_c5,Time_5_query,Time_5,gen,0,0,10,,
0,root_c5,Time_6_query,Time_6,gen,0,0,10,,
0,root_c5,Time_7_query,Time_7,gen,0,0,10,,
0,root_c5,Time_8_query,Time_8,gen,1,9,10,np.nan,"```java
public static DateTimeZone forOffsetHoursMinutes(int hoursOffset, int minutesOffset) throws IllegalArgumentException {
        if (hoursOffset == 0 && minutesOffset == 0) {
            return DateTimeZone.UTC;
        }
        if (hoursOffset < -23 || hoursOffset > 23) {
            throw new IllegalArgumentException(""Hours out of range: "" + hoursOffset);
        }
        if (minutesOffset < -59 || minutesOffset > 59) {
            throw new IllegalArgumentException(""Minutes out of range: "" + minutesOffset);
        }
        if (hoursOffset > 0 && minutesOffset < 0) {
            throw new IllegalArgumentException(""Positive hours must have positive minutes: "" + minutesOffset);
        }
        int offset = 0;
        try {
            int hoursInMinutes = hoursOffset * 60;
            if (hoursInMinutes < 0) {
                minutesOffset = hoursInMinutes - Math.abs(minutesOffset);
            } else {
                minutesOffset = hoursInMinutes + minutesOffset;
            }
            offset = FieldUtils.safeMultiply(minutesOffset, DateTimeConstants.MILLIS_PER_MINUTE);
        } catch (ArithmeticException ex) {
            throw new IllegalArgumentException(""Offset is too large"");
        }
        return forOffsetMillis(offset);
    }
```"
0,root_c6,Cli_3_query,Cli_3,gen,1,9,10,np.nan,"```java
public static Number createNumber(String str) {
    try {
        if (str.contains(""."")) {
            return Double.valueOf(str);
        } else {
            return Long.valueOf(str);
        }
    } catch (NumberFormatException nfe) {
        System.err.println(nfe.getMessage());
    }
    return null;
}
```"
0,root_c6,Closure_128_query,Closure_128,gen,0,0,10,,
0,root_c6,Closure_38_query,Closure_38,gen,0,0,10,,
0,root_c6,Closure_51_query,Closure_51,gen,1,9,10,np.nan,"```java
void addNumber(double x) {
    // This is not pretty printing. This is to prevent misparsing of x- -4 as
    // x--4 (which is a syntax error).
    char prev = getLastChar();
    if (x < 0 && prev == '-') {
      add("" "");
    }

    if (x == 0 && 1/x < 0) {
      add(""-0.0"");
      return;
    }

    if ((long) x == x) {
      long value = (long) x;
      long mantissa = value;
      int exp = 0;
      if (Math.abs(x) >= 100) {
        while (mantissa / 10 * Math.pow(10, exp + 1) == value) {
          mantissa /= 10;
          exp++;
        }
      }
      if (exp > 2) {
        add(Long.toString(mantissa) + ""E"" + Integer.toString(exp));
      } else {
        add(Long.toString(value));
      }
    } else {
      add(String.valueOf(x));
    }
  }
```"
0,root_c6,Closure_52_query,Closure_52,gen,1,8,10,np.nan,"```java
static boolean isSimpleNumber(String s) {
    int len = s.length();
    if (len == 0) {
        return false;
    }
    // Don't treat numbers with leading zeros as simple numbers
    // unless they are exactly ""0""
    if (len > 1 && s.charAt(0) == '0') {
        return false;
    }
    for (int index = 0; index < len; index++) {
        char c = s.charAt(index);
        if (c < '0' || c > '9') {
            return false;
        }
    }
    return true;
}
```"
0,root_c6,Closure_75_query,Closure_75,gen,0,0,10,,
0,root_c6,Gson_13_query,Gson_13,gen,0,0,10,,
0,root_c6,JacksonCore_19_query,JacksonCore_19,gen,1,8,10,np.nan,"```java
private final JsonToken _parseNumber2(boolean neg, int startPtr) throws IOException
    {
        _inputPtr = neg ? (startPtr+1) : startPtr;
        char[] outBuf = _textBuffer.emptyAndGetCurrentSegment();
        int outPtr = 0;

        // Need to prepend sign?
        if (neg) {
            outBuf[outPtr++] = '-';
        }

        // This is the place to do leading-zero check(s) too:
        int intLen = 0;
        char c = (_inputPtr < _inputEnd) ? _inputBuffer[_inputPtr++] : getNextChar(""No digit following minus sign"");
        if (c == '0') {
            c = _verifyNoLeadingZeroes();
        }
        boolean eof = false;

        // Ok, first the obligatory integer part:
        int_loop:
        while (c >= '0' && c <= '9') {
            ++intLen;
            if (outPtr >= outBuf.length) {
                outBuf = _textBuffer.expandCurrentSegment();
                outPtr = 0;
            }
            outBuf[outPtr++] = c;
            if (_inputPtr >= _inputEnd && !loadMore()) {
                // EOF is legal for main level int values
                c = CHAR_NULL;
                eof = true;
                break int_loop;
            }
            c = _inputBuffer[_inputPtr++];
        }
        // Also, integer part is not optional
        if (intLen == 0) {
            return _handleInvalidNumberStart(c, neg);
        }

        int fractLen = 0;
        // And then see if we get other parts
        if (c == '.') { // yes, fraction
            if (outPtr >= outBuf.length) {
                outBuf = _textBuffer.expandCurrentSegment();
                outPtr = 0;
            }
            outBuf[outPtr++] = c;

            fract_loop:
            while (true) {
                if (_inputPtr >= _inputEnd && !loadMore()) {
                    eof = true;
                    break fract_loop;
                }
                c = _inputBuffer[_inputPtr++];
                if (c < INT_0 || c > INT_9) {
                    break fract_loop;
                }
                ++fractLen;
                if (outPtr >= outBuf.length) {
                    outBuf = _textBuffer.expandCurrentSegment();
                    outPtr = 0;
                }
                outBuf[outPtr++] = c;
            }
            // must be followed by sequence of ints, one minimum
            if (fractLen == 0) {
                reportUnexpectedNumberChar(c, ""Decimal point not followed by a digit"");
            }
        }

        int expLen = 0;
        if (c == 'e' || c == 'E') { // exponent?
            if (outPtr >= outBuf.length) {
                outBuf = _textBuffer.expandCurrentSegment();
                outPtr = 0;
            }
            outBuf[outPtr++] = c;
            // Not optional, can require that we get one more char
            c = (_inputPtr < _inputEnd) ? _inputBuffer[_inputPtr++]
                : getNextChar(""expected a digit for number exponent"");
            // Sign indicator?
            if (c == '-' || c == '+') {
                if (outPtr >= outBuf.length) {
                    outBuf = _textBuffer.expandCurrentSegment();
                    outPtr = 0;
                }
                outBuf[outPtr++] = c;
                // Likewise, non optional:
                c = (_inputPtr < _inputEnd) ? _inputBuffer[_inputPtr++]
                    : getNextChar(""expected a digit for number exponent"");
            }

            exp_loop:
            while (c <= INT_9 && c >= INT_0) {
                ++expLen;
                if (outPtr >= outBuf.length) {
                    outBuf = _textBuffer.expandCurrentSegment();
                    outPtr = 0;
                }
                outBuf[outPtr++] = c;
                if (_inputPtr >= _inputEnd && !loadMore()) {
                    eof = true;
                    break exp_loop;
                }
                c = _inputBuffer[_inputPtr++];
            }
            // must be followed by sequence of ints, one minimum
            if (expLen == 0) {
                reportUnexpectedNumberChar(c, ""Exponent indicator not followed by a digit"");
            }
        }

        // Ok; unless we hit end-of-input, need to push last char read back
        if (!eof) {
            --_inputPtr;
            if (_parsingContext.inRoot()) {
                _verifyRootSpace(c);
            }
        }
        _textBuffer.setCurrentLength(outPtr);
        // And there we have it!
        return reset(neg, intLen, fractLen, expLen);
    }
```"
0,root_c6,JacksonCore_1_query,JacksonCore_1,gen,0,0,10,,
0,root_c6,JacksonCore_24_query,JacksonCore_24,gen,0,0,10,,
0,root_c6,JacksonCore_2_query,JacksonCore_2,gen,0,0,10,,
0,root_c6,JacksonCore_5_query,JacksonCore_5,gen,1,10,10,np.nan,"```java
private final static int _parseIndex(String str) {
        final int len = str.length();
        // [Issue#133]: beware of super long indexes; assume we never
        // have arrays over 2 billion entries so ints are fine.
        if (len == 0 || len > 10) {
            return -1;
        }
        for (int i = 0; i < len; ++i) {
            char c = str.charAt(i);
            if (c > '9' || c < '0') {
                return -1;
            }
        }
        if (len == 10) {
            long l = NumberInput.parseLong(str);
            if (l > Integer.MAX_VALUE) {
                return -1;
            }
        }
        return NumberInput.parseInt(str);
    }
```"
0,root_c6,JacksonCore_6_query,JacksonCore_6,gen,1,10,10,np.nan,"```java
private final static int _parseIndex(String str) {
        final int len = str.length();
        // [core#133]: beware of super long indexes; assume we never
        // have arrays over 2 billion entries so ints are fine.
        if (len == 0 || len > 10) {
            return -1;
        }
        // [core#176]: no leading zeroes allowed
        if (len > 1 && str.charAt(0) == '0') {
            return -1;
        }
        for (int i = 0; i < len; ++i) {
            char c = str.charAt(i);
            if (c > '9' || c < '0') {
                return -1;
            }
        }
        if (len == 10) {
            long l = NumberInput.parseLong(str);
            if (l > Integer.MAX_VALUE) {
                return -1;
            }
        }
        return NumberInput.parseInt(str);
    }
```"
0,root_c6,Lang_16_query,Lang_16,gen,1,5,9,np.nan,"```java
public static Number createNumber(String str) throws NumberFormatException {
    if (str == null) {
        return null;
    }
    if (StringUtils.isBlank(str)) {
        throw new NumberFormatException(""A blank string is not a valid number"");
    }  
    if (str.startsWith(""--"")) {
        return null;
    }
    String lowerStr = str.toLowerCase();
    if (lowerStr.startsWith(""0x"") || lowerStr.startsWith(""-0x"")) {
        return createInteger(str);
    }   
    char lastChar = str.charAt(str.length() - 1);
    String mant;
    String dec;
    String exp;
    int decPos = str.indexOf('.');
    int expPos = str.indexOf('e') + str.indexOf('E') + 1;

    if (decPos > -1) {
        if (expPos > -1) {
            if (expPos < decPos || expPos > str.length()) {
                throw new NumberFormatException(str + "" is not a valid number."");
            }
            dec = str.substring(decPos + 1, expPos);
        } else {
            dec = str.substring(decPos + 1);
        }
        mant = str.substring(0, decPos);
    } else {
        if (expPos > -1) {
            if (expPos > str.length()) {
                throw new NumberFormatException(str + "" is not a valid number."");
            }
            mant = str.substring(0, expPos);
        } else {
            mant = str;
        }
        dec = null;
    }
    if (!Character.isDigit(lastChar) && lastChar != '.') {
        if (expPos > -1 && expPos < str.length() - 1) {
            exp = str.substring(expPos + 1, str.length() - 1);
        } else {
            exp = null;
        }
        String numeric = str.substring(0, str.length() - 1);
        boolean allZeros = isAllZeros(mant) && isAllZeros(exp);
        switch (lastChar) {
            case 'l' :
            case 'L' :
                if (dec == null
                    && exp == null
                    && (numeric.charAt(0) == '-' && isDigits(numeric.substring(1)) || isDigits(numeric)) {
                    try {
                        return createLong(numeric);
                    } catch (NumberFormatException nfe) {
                        return createBigInteger(numeric);
                    }
                }
                throw new NumberFormatException(str + "" is not a valid number."");
            case 'f' :
            case 'F' :
                try {
                    Float f = NumberUtils.createFloat(numeric);
                    if (!(f.isInfinite() || (f.floatValue() == 0.0F && !allZeros))) {
                        return f;
                    }
                } catch (NumberFormatException nfe) {
                    // ignore
                }
                //$FALL-THROUGH$
            case 'd' :
            case 'D' :
                try {
                    Double d = NumberUtils.createDouble(numeric);
                    if (!(d.isInfinite() || (d.floatValue() == 0.0D && !allZeros))) {
                        return d;
                    }
                } catch (NumberFormatException nfe) {
                    // ignore
                }
                try {
                    return createBigDecimal(numeric);
                } catch (NumberFormatException e) {
                    // ignore
                }
                //$FALL-THROUGH$
            default :
                throw new NumberFormatException(str + "" is not a valid number."");
        }
    } else {
        if (expPos > -1 && expPos < str.length() - 1) {
            exp = str.substring(expPos + 1, str.length());
        } else {
            exp = null;
        }
        if (dec == null && exp == null) {
            try {
                return createInteger(str);
            } catch (NumberFormatException nfe) {
                try {
                    return createLong(str);
                } catch (NumberFormatException nfe) {
                    return createBigInteger(str);
                }
            }
        } else {
            boolean allZeros = isAllZeros(mant) && isAllZeros(exp);
            try {
                Float f = createFloat(str);
                if (!(f.isInfinite() || (f.floatValue() == 0.0F && !allZeros))) {
                    return f;
                }
            } catch (NumberFormatException nfe) {
                // ignore
            }
            try {
                Double d = createDouble(str);
                if (!(d.isInfinite() || (d.doubleValue() == 0.0D && !allZeros))) {
                    return d;
                }
            } catch (NumberFormatException nfe) {
                // ignore
            }
            return createBigDecimal(str);
        }
    }
}
```"
0,root_c6,Lang_1_query,Lang_1,gen,0,0,10,,
0,root_c6,Lang_24_query,Lang_24,gen,1,10,10,np.nan,"```java
public static boolean isNumber(String str) {
    if (StringUtils.isEmpty(str)) {
        return false;
    }
    char[] chars = str.toCharArray();
    int sz = chars.length;
    boolean hasExp = false;
    boolean hasDecPoint = false;
    boolean allowSigns = false;
    boolean foundDigit = false;
    // deal with any possible sign up front
    int start = (chars[0] == '-') ? 1 : 0;
    if (sz > start + 1 && chars[start] == '0' && chars[start + 1] == 'x') {
        int i = start + 2;
        if (i == sz) {
            return false; // str == ""0x""
        }
        // checking hex (it can't be anything else)
        for (; i < chars.length; i++) {
            if ((chars[i] < '0' || chars[i] > '9')
                && (chars[i] < 'a' || chars[i] > 'f')
                && (chars[i] < 'A' || chars[i] > 'F')) {
                return false;
            }
        }
        return true;
    }
    sz--; // don't want to loop to the last char, check it afterwords
          // for type qualifiers
    int i = start;
    // loop to the next to last char or to the last char if we need another digit to
    // make a valid number (e.g. chars[0..5] = ""1234E"")
    while (i < sz || (i < sz + 1 && allowSigns && !foundDigit)) {
        if (chars[i] >= '0' && chars[i] <= '9') {
            foundDigit = true;
            allowSigns = false;
        } else if (chars[i] == '.') {
            if (hasDecPoint || hasExp) {
                // two decimal points or dec in exponent   
                return false;
            }
            hasDecPoint = true;
        } else if (chars[i] == 'e' || chars[i] == 'E') {
            // we've already taken care of hex.
            if (hasExp) {
                // two E's
                return false;
            }
            if (!foundDigit) {
                return false;
            }
            hasExp = true;
            allowSigns = true;
        } else if (chars[i] == '+' || chars[i] == '-') {
            if (!allowSigns) {
                return false;
            }
            allowSigns = false;
            foundDigit = false; // we need a digit after the E
        } else {
            return false;
        }
        i++;
    }
    if (i < chars.length) {
        if (chars[i] >= '0' && chars[i] <= '9') {
            // no type qualifier, OK
            return true;
        }
        if (chars[i] == 'e' || chars[i] == 'E') {
            // can't have an E at the last byte
            return false;
        }
        if (chars[i] == '.') {
            if (hasDecPoint || hasExp) {
                // two decimal points or dec in exponent
                return false;
            }
            // single trailing decimal point after non-exponent is ok
            return foundDigit;
        }
        if (!allowSigns
            && (chars[i] == 'd'
                || chars[i] == 'D'
                || chars[i] == 'f'
                || chars[i] == 'F')) {
            return foundDigit;
        }
        if (chars[i] == 'l'
            || chars[i] == 'L') {
            // not allowing L with an exponent or decimal point
            return foundDigit && !hasExp && !hasDecPoint;
        }
        // last character is illegal
        return false;
    }
    // allowSigns is true iff the val ends in 'E'
    // found digit it to make sure weird stuff like '.' and '1E-' doesn't pass
    return !allowSigns && foundDigit;
}
```"
0,root_c6,Lang_27_query,Lang_27,gen,1,4,10,np.nan,"Here's the fixed version of the `createNumber` function:

```java
public static Number createNumber(String str) throws NumberFormatException {
    if (str == null) {
        return null;
    }
    if (StringUtils.isBlank(str)) {
        throw new NumberFormatException(""A blank string is not a valid number"");
    }  
    if (str.startsWith(""--"")) {
        return null;
    }
    if (str.startsWith(""0x"") || str.startsWith(""-0x"")) {
        return createInteger(str);
    }   
    char lastChar = str.charAt(str.length() - 1);
    String mant;
    String dec;
    String exp;
    int decPos = str.indexOf('.');
    int expPos = str.indexOf('e') + str.indexOf('E') + 1;

    if (decPos > -1) {
        if (expPos > -1) {
            if (expPos < decPos || expPos > str.length()) {
                throw new NumberFormatException(str + "" is not a valid number."");
            }
            dec = str.substring(decPos + 1, expPos);
        } else {
            dec = str.substring(decPos + 1);
        }
        mant = str.substring(0, decPos);
    } else {
        if (expPos > -1 && expPos < str.length()) {
            mant = str.substring(0, expPos);
        } else {
            mant = str;
        }
        dec = null;
    }
    if (!Character.isDigit(lastChar) && lastChar != '.') {
        if (expPos > -1 && expPos < str.length() - 1) {
            exp = str.substring(expPos + 1, str.length() - 1);
        } else {
            exp = null;
        }
        String numeric = str.substring(0, str.length() - 1);
        boolean allZeros = isAllZeros(mant) && isAllZeros(exp);
        switch (lastChar) {
            case 'l':
            case 'L':
                if (dec == null
                    && exp == null
                    && (numeric.charAt(0) == '-' && isDigits(numeric.substring(1)) || isDigits(numeric))) {
                    try {
                        return createLong(numeric);
                    } catch (NumberFormatException nfe) {
                        return createBigInteger(numeric);
                    }
                }
                throw new NumberFormatException(str + "" is not a valid number."");
            case 'f':
            case 'F':
                try {
                    Float f = NumberUtils.createFloat(numeric);
                    if (!(f.isInfinite() || (f.floatValue() == 0.0F && !allZeros))) {
                        return f;
                    }
                } catch (NumberFormatException nfe) {}
                // fall through
            case 'd':
            case 'D':
                try {
                    Double d = NumberUtils.createDouble(numeric);
                    if (!(d.isInfinite() || (d.floatValue() == 0.0D && !allZeros))) {
                        return d;
                    }
                } catch (NumberFormatException nfe) {}
                try {
                    return createBigDecimal(numeric);
                } catch (NumberFormatException e) {}
                // fall through
            default:
                throw new NumberFormatException(str + "" is not a valid number."");
        }
    } else {
        if (expPos > -1 && expPos < str.length() - 1) {
            exp = str.substring(expPos + 1);
        } else {
            exp = null;
        }
        if (dec == null && exp == null) {
            try {
                return createInteger(str);
            } catch (NumberFormatException nfe) {}
            try {
                return createLong(str);
            } catch (NumberFormatException nfe) {}
            return createBigInteger(str);
        } else {
            boolean allZeros = isAllZeros(mant) && isAllZeros(exp);
            try {
                Float f = createFloat(str);
                if (!(f.isInfinite() || (f.floatValue() == 0.0F && !allZeros))) {
                    return f;
                }
            } catch (NumberFormatException nfe) {}
            try {
                Double d = createDouble(str);
                if (!(d.isInfinite() || (d.doubleValue() == 0.0D && !allZeros))) {
                    return d;
                }
            } catch (NumberFormatException nfe) {}
            return createBigDecimal(str);
        }
    }
}
```

The main fixes include:
1. Added bounds checking for `expPos` to prevent StringIndexOutOfBoundsException
2. Simplified the logic flow
3. Fixed the handling of exponent positions
4. Improved error handling for invalid number formats
5. Made the code more robust against edge cases"
0,root_c6,Lang_36_query,Lang_36,gen,0,0,10,,
0,root_c6,Lang_3_query,Lang_3,gen,1,3,10,np.nan,"```java
public static Number createNumber(final String str) throws NumberFormatException {
    if (str == null) {
        return null;
    }
    if (StringUtils.isBlank(str)) {
        throw new NumberFormatException(""A blank string is not a valid number"");
    }
    // Handle hex numbers
    final String[] hex_prefixes = {""0x"", ""0X"", ""-0x"", ""-0X"", ""#"", ""-#""};
    int pfxLen = 0;
    for(final String pfx : hex_prefixes) {
        if (str.startsWith(pfx)) {
            pfxLen = pfx.length();
            break;
        }
    }
    if (pfxLen > 0) {
        final int hexDigits = str.length() - pfxLen;
        if (hexDigits > 16) {
            return createBigInteger(str);
        }
        if (hexDigits > 8) {
            return createLong(str);
        }
        return createInteger(str);
    }

    char lastChar = str.charAt(str.length() - 1);
    String mant;
    String dec;
    String exp;
    final int decPos = str.indexOf('.');
    final int expPos = str.indexOf('e') + str.indexOf('E') + 1;

    if (decPos > -1) {
        if (expPos > -1) {
            if (expPos < decPos) {
                throw new NumberFormatException(str + "" is not a valid number."");
            }
            dec = str.substring(decPos + 1, expPos);
        } else {
            dec = str.substring(decPos + 1);
        }
        mant = str.substring(0, decPos);
    } else {
        if (expPos > -1) {
            mant = str.substring(0, expPos);
        } else {
            mant = str;
        }
        dec = null;
    }

    if (!Character.isDigit(lastChar) && lastChar != '.') {
        if (expPos > -1 && expPos < str.length() - 1) {
            exp = str.substring(expPos + 1, str.length() - 1);
        } else {
            exp = null;
        }
        String numeric = str.substring(0, str.length() - 1);
        boolean allZeros = isAllZeros(mant) && isAllZeros(exp);
        switch (lastChar) {
            case 'l':
            case 'L':
                if (dec == null && exp == null &&
                    (numeric.charAt(0) == '-' && isDigits(numeric.substring(1)) || isDigits(numeric)) {
                    try {
                        return createLong(numeric);
                    } catch (NumberFormatException nfe) {
                        return createBigInteger(numeric);
                    }
                }
                throw new NumberFormatException(str + "" is not a valid number."");
            case 'f':
            case 'F':
                try {
                    Float f = createFloat(numeric);
                    if (!(f.isInfinite() || (f == 0.0f && !allZeros))) {
                        return f;
                    }
                } catch (NumberFormatException nfe) {}
                break;
            case 'd':
            case 'D':
                try {
                    Double d = createDouble(numeric);
                    if (!(d.isInfinite() || (d == 0.0d && !allZeros))) {
                        return d;
                    }
                } catch (NumberFormatException nfe) {}
                return createBigDecimal(numeric);
            default:
                throw new NumberFormatException(str + "" is not a valid number."");
        }
    }

    if (expPos > -1 && expPos < str.length() - 1) {
        exp = str.substring(expPos + 1);
    } else {
        exp = null;
    }

    if (dec == null && exp == null) {
        try {
            return createInteger(str);
        } catch (NumberFormatException nfe) {}
        try {
            return createLong(str);
        } catch (NumberFormatException nfe) {}
        return createBigInteger(str);
    }

    boolean allZeros = isAllZeros(mant) && isAllZeros(exp);
    try {
        Float f = createFloat(str);
        if (!(f.isInfinite() || (f == 0.0f && !allZeros))) {
            return f;
        }
    } catch (NumberFormatException nfe) {}

    try {
        Double d = createDouble(str);
        if (!(d.isInfinite() || (d == 0.0d && !allZeros))) {
            return d;
        }
    } catch (NumberFormatException nfe) {}

    return createBigDecimal(str);
}
```"
0,root_c6,Lang_44_query,Lang_44,gen,1,1,10,np.nan,"```java
public static Number createNumber(String val) throws NumberFormatException {
    if (val == null) {
        return null;
    }
    if (val.length() == 0) {
        throw new NumberFormatException(""\""\"" is not a valid number."");
    }
    if (val.startsWith(""--"")) {
        return null;
    }
    if (val.startsWith(""0x"") || val.startsWith(""-0x"")) {
        return createInteger(val);
    }   
    char lastChar = val.charAt(val.length() - 1);
    String mant;
    String dec;
    String exp;
    int decPos = val.indexOf('.');
    int expPos = val.indexOf('e') + val.indexOf('E') + 1;

    if (decPos > -1) {
        if (expPos > -1) {
            if (expPos < decPos) {
                throw new NumberFormatException(val + "" is not a valid number."");
            }
            dec = val.substring(decPos + 1, expPos);
        } else {
            dec = val.substring(decPos + 1);
        }
        mant = val.substring(0, decPos);
    } else {
        if (expPos > -1) {
            mant = val.substring(0, expPos);
        } else {
            mant = val;
        }
        dec = null;
    }
    if (!Character.isDigit(lastChar) {
        if (expPos > -1 && expPos < val.length() - 1) {
            exp = val.substring(expPos + 1, val.length() - 1);
        } else {
            exp = null;
        }
        //Requesting a specific type..
        String numeric = val.substring(0, val.length() - 1);
        boolean allZeros = isAllZeros(mant) && isAllZeros(exp);
        switch (lastChar) {
            case 'l' :
            case 'L' :
                if (dec == null
                    && exp == null
                    && numeric.length() > 0
                    && (numeric.charAt(0) == '-' && isDigits(numeric.substring(1)) || isDigits(numeric))) {
                    try {
                        return createLong(numeric);
                    } catch (NumberFormatException nfe) {
                        //Too big for a long
                    }
                    return createBigInteger(numeric);
                }
                throw new NumberFormatException(val + "" is not a valid number."");
            case 'f' :
            case 'F' :
                try {
                    Float f = NumberUtils.createFloat(numeric);
                    if (!(f.isInfinite() || (f.floatValue() == 0.0F && !allZeros))) {
                        return f;
                    }
                } catch (NumberFormatException e) {
                    // ignore the bad number
                }
                //Fall through
            case 'd' :
            case 'D' :
                try {
                    Double d = NumberUtils.createDouble(numeric);
                    if (!(d.isInfinite() || (d.floatValue() == 0.0D && !allZeros))) {
                        return d;
                    }
                } catch (NumberFormatException nfe) {
                    // empty catch
                }
                try {
                    return createBigDecimal(numeric);
                } catch (NumberFormatException e) {
                    // empty catch
                }
                //Fall through
            default :
                throw new NumberFormatException(val + "" is not a valid number."");
        }
    } else {
        //User doesn't have a preference on the return type, so let's start
        //small and go from there...
        if (expPos > -1 && expPos < val.length() - 1) {
            exp = val.substring(expPos + 1, val.length());
        } else {
            exp = null;
        }
        if (dec == null && exp == null) {
            //Must be an int,long,bigint
            try {
                return createInteger(val);
            } catch (NumberFormatException nfe) {
                // empty catch
            }
            try {
                return createLong(val);
            } catch (NumberFormatException nfe) {
                // empty catch
            }
            return createBigInteger(val);
        } else {
            //Must be a float,double,BigDec
            boolean allZeros = isAllZeros(mant) && isAllZeros(exp);
            try {
                Float f = createFloat(val);
                if (!(f.isInfinite() || (f.floatValue() == 0.0F && !allZeros))) {
                    return f;
                }
            } catch (NumberFormatException nfe) {
                // empty catch
            }
            try {
                Double d = createDouble(val);
                if (!(d.isInfinite() || (d.doubleValue() == 0.0D && !allZeros))) {
                    return d;
                }
            } catch (NumberFormatException nfe) {
                // empty catch
            }
            return createBigDecimal(val);
        }
    }
}
```"
0,root_c6,Lang_58_query,Lang_58,gen,1,3,10,np.nan,"```java
public static Number createNumber(String str) throws NumberFormatException {
    if (str == null) {
        return null;
    }
    if (StringUtils.isBlank(str)) {
        throw new NumberFormatException(""A blank string is not a valid number"");
    }  
    if (str.startsWith(""--"")) {
        return null;
    }
    if (str.startsWith(""0x"") || str.startsWith(""-0x"")) {
        return createInteger(str);
    }   
    char lastChar = str.charAt(str.length() - 1);
    String mant;
    String dec;
    String exp;
    int decPos = str.indexOf('.');
    int expPos = str.indexOf('e') + str.indexOf('E') + 1;

    if (decPos > -1) {
        if (expPos > -1) {
            if (expPos < decPos) {
                throw new NumberFormatException(str + "" is not a valid number."");
            }
            dec = str.substring(decPos + 1, expPos);
        } else {
            dec = str.substring(decPos + 1);
        }
        mant = str.substring(0, decPos);
    } else {
        if (expPos > -1) {
            mant = str.substring(0, expPos);
        } else {
            mant = str;
        }
        dec = null;
    }
    if (!Character.isDigit(lastChar) && lastChar != '.') {
        if (expPos > -1 && expPos < str.length() - 1) {
            exp = str.substring(expPos + 1, str.length() - 1);
        } else {
            exp = null;
        }
        String numeric = str.substring(0, str.length() - 1);
        boolean allZeros = isAllZeros(mant) && isAllZeros(exp);
        switch (lastChar) {
            case 'l':
            case 'L':
                if (dec == null
                    && exp == null
                    && (numeric.charAt(0) == '-' && isDigits(numeric.substring(1)) 
                    || isDigits(numeric)) {
                    try {
                        return createLong(numeric);
                    } catch (NumberFormatException nfe) {
                        return createBigInteger(numeric);
                    }
                }
                throw new NumberFormatException(str + "" is not a valid number."");
            case 'f':
            case 'F':
                try {
                    Float f = NumberUtils.createFloat(numeric);
                    if (!(f.isInfinite() || (f.floatValue() == 0.0F && !allZeros))) {
                        return f;
                    }
                } catch (NumberFormatException nfe) {
                }
            case 'd':
            case 'D':
                try {
                    Double d = NumberUtils.createDouble(numeric);
                    if (!(d.isInfinite() || (d.floatValue() == 0.0D && !allZeros))) {
                        return d;
                    }
                } catch (NumberFormatException nfe) {
                }
                try {
                    return createBigDecimal(numeric);
                } catch (NumberFormatException e) {
                }
            default:
                throw new NumberFormatException(str + "" is not a valid number."");
        }
    } else {
        if (expPos > -1 && expPos < str.length() - 1) {
            exp = str.substring(expPos + 1, str.length());
        } else {
            exp = null;
        }
        if (dec == null && exp == null) {
            try {
                return createInteger(str);
            } catch (NumberFormatException nfe) {
            }
            try {
                return createLong(str);
            } catch (NumberFormatException nfe) {
            }
            return createBigInteger(str);
        } else {
            boolean allZeros = isAllZeros(mant) && isAllZeros(exp);
            try {
                Float f = createFloat(str);
                if (!(f.isInfinite() || (f.floatValue() == 0.0F && !allZeros))) {
                    return f;
                }
            } catch (NumberFormatException nfe) {
            }
            try {
                Double d = createDouble(str);
                if (!(d.isInfinite() || (d.doubleValue() == 0.0D && !allZeros))) {
                    return d;
                }
            } catch (NumberFormatException nfe) {
            }
            return createBigDecimal(str);
        }
    }
}
```"
0,root_c6,Lang_7_query,Lang_7,gen,1,3,10,np.nan,"```java
public static BigDecimal createBigDecimal(String str) {
    if (str == null) {
        return null;
    }
    // handle JDK1.3.1 bug where """" throws IndexOutOfBoundsException
    if (StringUtils.isBlank(str)) {
        throw new NumberFormatException(""A blank string is not a valid number"");
    }
    if (str.trim().startsWith(""--"")) {
        // this is protection for poorness in java.lang.BigDecimal.
        // it accepts this as a legal value, but it does not appear 
        // to be in specification of class. OS X Java parses it to 
        // a wrong value.
        throw new NumberFormatException(str + "" is not a valid number."");
    }
    return new BigDecimal(str);
}
```

```java
public static Number createNumber(String str) throws NumberFormatException {
    if (str == null) {
        return null;
    }
    if (StringUtils.isBlank(str)) {
        throw new NumberFormatException(""A blank string is not a valid number"");
    }  
    if (str.startsWith(""--"")) {
        throw new NumberFormatException(str + "" is not a valid number"");
    }
    if (str.startsWith(""0x"") || str.startsWith(""-0x"") || str.startsWith(""0X"") || str.startsWith(""-0X"")) {
        int hexDigits = str.length() - 2; // drop 0x
        if (str.startsWith(""-"")) { // drop -
            hexDigits--;
        }
        if (hexDigits > 8) { // too many for an int
            return createLong(str);
        }
        return createInteger(str);
    }   
    // Rest of the method remains the same as original
    ...
}
```"
0,root_c6,Math_101_query,Math_101,gen,0,0,0,,
0,root_c6,Math_106_query,Math_106,gen,1,10,10,np.nan,"```java
public Fraction parse(String source, ParsePosition pos) {
        // try to parse improper fraction
        Fraction ret = super.parse(source, pos);
        if (ret != null) {
            return ret;
        }
        
        int initialIndex = pos.getIndex();

        // parse whitespace
        parseAndIgnoreWhitespace(source, pos);

        // parse whole
        Number whole = getWholeFormat().parse(source, pos);
        if (whole == null) {
            pos.setIndex(initialIndex);
            return null;
        }

        // parse whitespace
        parseAndIgnoreWhitespace(source, pos);
        
        // parse numerator
        Number num = getNumeratorFormat().parse(source, pos);
        if (num == null) {
            pos.setIndex(initialIndex);
            return null;
        }
        
        // Check for minus sign in numerator
        if (num.intValue() < 0) {
            pos.setIndex(initialIndex);
            pos.setErrorIndex(pos.getIndex());
            return null;
        }

        // parse '/'
        int startIndex = pos.getIndex();
        char c = parseNextCharacter(source, pos);
        switch (c) {
        case 0 :
            return new Fraction(num.intValue(), 1);
        case '/' :
            break;
        default :
            pos.setIndex(initialIndex);
            pos.setErrorIndex(startIndex);
            return null;
        }

        // parse whitespace
        parseAndIgnoreWhitespace(source, pos);

        // parse denominator
        Number den = getDenominatorFormat().parse(source, pos);
        if (den == null) {
            pos.setIndex(initialIndex);
            return null;
        }
        
        // Check for minus sign in denominator
        if (den.intValue() < 0) {
            pos.setIndex(initialIndex);
            pos.setErrorIndex(pos.getIndex());
            return null;
        }

        int w = whole.intValue();
        int n = num.intValue();
        int d = den.intValue();
        return new Fraction(((Math.abs(w) * d) + n) * MathUtils.sign(w), d);
    }
```"
0,root_c7,Chart_10_query,Chart_10,gen,1,10,10,np.nan,"```java
public String generateToolTipFragment(String toolTipText) {
        return "" title=\"""" + toolTipText.replace(""\"""", ""&quot;"")
            + ""\"" alt=\""\"""";
    }
```"
0,root_c7,Chart_18_query,Chart_18,gen,1,1,10,np.nan,"```java
public void removeValue(Comparable key) {
    if (key == null) {
        throw new IllegalArgumentException(""Null 'key' argument."");
    }
    int index = getIndex(key);
    if (index < 0) {
        throw new UnknownKeyException(""Key not found: "" + key);
    }
    removeValue(index);
}
```

```java
public void removeColumn(Comparable columnKey) {
    if (columnKey == null) {
        throw new IllegalArgumentException(""Null 'columnKey' argument."");
    }
    if (!this.columnKeys.contains(columnKey)) {
        throw new UnknownKeyException(""Unknown column key: "" + columnKey);
    }
    
    Iterator iterator = this.rows.iterator();
    while (iterator.hasNext()) {
        DefaultKeyedValues rowData = (DefaultKeyedValues) iterator.next();
        rowData.removeValue(columnKey);
    }
    this.columnKeys.remove(columnKey);
}
```

```java
public void removeValue(int index) {
    if (index < 0 || index >= this.keys.size()) {
        throw new IndexOutOfBoundsException(""Index out of bounds: "" + index);
    }
    this.keys.remove(index);
    this.values.remove(index);
    rebuildIndex();
}
```"
0,root_c7,Chart_22_query,Chart_22,gen,0,0,10,,
0,root_c7,Chart_6_query,Chart_6,gen,1,10,10,np.nan,"```java
public boolean equals(Object obj) {
    if (obj == this) {
        return true;
    }
    if (!(obj instanceof ShapeList)) {
        return false;
    }
    ShapeList that = (ShapeList) obj;
    if (this.size() != that.size()) {
        return false;
    }
    for (int i = 0; i < this.size(); i++) {
        if (!ShapeUtilities.equal(this.getShape(i), that.getShape(i))) {
            return false;
        }
    }
    return true;
}
```"
0,root_c7,Cli_11_query,Cli_11,gen,1,10,10,np.nan,"```java
private static void appendOption(final StringBuffer buff, 
                                     final Option option, 
                                     final boolean required)
    {
        if (!required)
        {
            buff.append(""["");
        }

        if (option.getOpt() != null)
        {
            buff.append(""-"").append(option.getOpt());
        }
        else
        {
            buff.append(""--"").append(option.getLongOpt());
        }

        // if the Option has a value
        if (option.hasArg() && (option.getArgName() != null && !option.getArgName().isEmpty()))
        {
            buff.append("" <"").append(option.getArgName()).append("">"");
        }

        // if the Option is not a required option
        if (!required)
        {
            buff.append(""]"");
        }
    }
```"
0,root_c7,Cli_12_query,Cli_12,gen,1,8,10,np.nan,"```java
protected String[] flatten(Options options, String[] arguments, boolean stopAtNonOption) {
    List tokens = new ArrayList();

    boolean eatTheRest = false;

    for (int i = 0; i < arguments.length; i++) {
        String arg = arguments[i];

        if (""--"".equals(arg)) {
            eatTheRest = true;
            tokens.add(""--"");
        }
        else if (""-"".equals(arg)) {
            tokens.add(""-"");
        }
        else if (arg.startsWith(""-"")) {
            String opt = Util.stripLeadingHyphens(arg);

            if (options.hasOption(opt)) {
                tokens.add(arg);
            }
            else {
                if (opt.indexOf('=') != -1 && options.hasOption(opt.substring(0, opt.indexOf('=')))) {
                    // handle --foo=value or -foo=value
                    tokens.add(arg.substring(0, arg.indexOf('='))); // --foo
                    tokens.add(arg.substring(arg.indexOf('=') + 1)); // value
                }
                else if (arg.length() > 2 && options.hasOption(arg.substring(0, 2))) {
                    // handle -Dproperty=value
                    tokens.add(arg.substring(0, 2)); // -D
                    tokens.add(arg.substring(2)); // property=value
                }
                else {
                    eatTheRest = stopAtNonOption;
                    tokens.add(arg);
                }
            }
        }
        else {
            tokens.add(arg);
        }

        if (eatTheRest) {
            for (i++; i < arguments.length; i++) {
                tokens.add(arguments[i]);
            }
        }
    }

    return (String[]) tokens.toArray(new String[tokens.size()]);
}
```"
0,root_c7,Cli_13_query,Cli_13,gen,0,0,10,,
0,root_c7,Cli_14_query,Cli_14,gen,0,0,9,,
0,root_c7,Cli_15_query,Cli_15,gen,0,0,10,,
0,root_c7,Cli_17_query,Cli_17,gen,0,0,10,,
0,root_c7,Cli_18_query,Cli_18,gen,0,0,10,,
0,root_c7,Cli_19_query,Cli_19,gen,0,0,10,,
0,root_c7,Cli_20_query,Cli_20,gen,0,0,10,,
0,root_c7,Cli_23_query,Cli_23,gen,1,7,10,np.nan,"Here's the fixed version of the `renderWrappedText` function:

```java
protected StringBuffer renderWrappedText(StringBuffer sb, int width, 
                                             int nextLineTabStop, String text)
{
    int pos = findWrapPos(text, width, 0);

    if (pos == -1)
    {
        sb.append(rtrim(text));
        return sb;
    }
    sb.append(rtrim(text.substring(0, pos))).append(defaultNewLine);

    // all following lines must be padded with nextLineTabStop space 
    // characters
    final String padding = createPadding(nextLineTabStop);

    while (true)
    {
        text = padding + text.substring(pos).trim();
        pos = findWrapPos(text, width, 0);

        if (pos == -1)
        {
            sb.append(text);
            return sb;
        }
        else if (pos <= padding.length())
        {
            // If we can't wrap at least one character after padding,
            // we'll force wrap at the padding length + 1
            pos = padding.length() + 1;
        }

        sb.append(rtrim(text.substring(0, pos))).append(defaultNewLine);
    }
}
```

The key changes made are:
1. Removed the check for `pos == lastPos` which was causing infinite loop detection
2. Added a new check for when `pos <= padding.length()` to handle cases where the text is too long for the line
3. In such cases, force a wrap at `padding.length() + 1` to ensure progress is made
4. Simplified the loop logic while maintaining all the required functionality

This version should handle long lines gracefully without getting stuck in infinite loops while still properly wrapping text according to the specified width and tab stop parameters."
0,root_c7,Cli_24_query,Cli_24,gen,1,2,10,np.nan,"```java
protected StringBuffer renderWrappedText(StringBuffer sb, int width,
                                             int nextLineTabStop, String text)
    {
        int pos = findWrapPos(text, width, 0);

        if (pos == -1)
        {
            sb.append(rtrim(text));
            return sb;
        }
        sb.append(rtrim(text.substring(0, pos))).append(defaultNewLine);

        if (nextLineTabStop >= width)
        {
            // fall back to simple splitting when width is too small
            nextLineTabStop = 1;
        }

        // all following lines must be padded with nextLineTabStop space 
        // characters
        final String padding = createPadding(nextLineTabStop);

        while (true)
        {
            text = padding + text.substring(pos).trim();
            pos = findWrapPos(text, width, 0);

            if (pos == -1)
            {
                sb.append(text);
                return sb;
            }
            
            if ( (text.length() > width) && (pos == nextLineTabStop - 1) ) 
            {
                pos = width;
            }

            sb.append(rtrim(text.substring(0, pos))).append(defaultNewLine);
        }
    }
```"
0,root_c7,Cli_25_query,Cli_25,gen,0,0,10,,
0,root_c7,Cli_26_query,Cli_26,gen,0,0,10,,
0,root_c7,Cli_27_query,Cli_27,gen,1,9,10,np.nan,"```java
public void setSelected(Option option) throws AlreadySelectedException
    {
        if (option == null)
        {
            // reset the option previously selected
            selected = null;
            return;
        }
        
        // if no option has already been selected or the 
        // same option is being reselected then set the
        // selected member variable
        if (selected == null || selected.equals(option.getOpt()) || selected.equals(option.getLongOpt()))
        {
            selected = option.getOpt() != null ? option.getOpt() : option.getLongOpt();
        }
        else
        {
            throw new AlreadySelectedException(this, option);
        }
    }
```"
0,root_c7,Cli_28_query,Cli_28,gen,1,7,10,np.nan,"```java
protected void processProperties(Properties properties) {
    if (properties == null) {
        return;
    }

    for (Enumeration e = properties.propertyNames(); e.hasMoreElements();) {
        String option = e.nextElement().toString();

        if (!cmd.hasOption(option)) {
            Option opt = getOptions().getOption(option);

            // get the value from the properties instance
            String value = properties.getProperty(option);

            if (opt.hasArg()) {
                if (opt.getValues() == null || opt.getValues().length == 0) {
                    try {
                        opt.addValueForProcessing(value);
                        cmd.addOption(opt);
                    } catch (RuntimeException exp) {
                        // if we cannot add the value don't worry about it
                    }
                }
            } else {
                if (""yes"".equalsIgnoreCase(value)
                    || ""true"".equalsIgnoreCase(value) 
                    || ""1"".equalsIgnoreCase(value)) {
                    cmd.addOption(opt);
                }
            }
        }
    }
}
```"
0,root_c7,Cli_29_query,Cli_29,gen,0,0,10,,
0,root_c7,Cli_30_query,Cli_30,gen,0,0,10,,
0,root_c7,Cli_32_query,Cli_32,gen,1,2,10,np.nan,"```java
protected int findWrapPos(String text, int width, int startPos) {
    int pos;
    
    // the line ends before the max wrap pos or a new line char found
    if (((pos = text.indexOf('\n', startPos)) != -1 && pos <= startPos + width)
            || ((pos = text.indexOf('\t', startPos)) != -1 && pos <= startPos + width)) {
        return pos + 1;
    }
    else if (startPos + width >= text.length()) {
        return -1;
    }

    // look for the last whitespace character before startPos+width
    pos = startPos + width;
    if (pos > text.length()) {
        pos = text.length();
    }

    char c;
    while ((pos >= startPos) && ((c = text.charAt(pos)) != ' ')
            && (c != '\n') && (c != '\r')) {
        --pos;
    }

    // if we found it - just return
    if (pos > startPos) {
        return pos;
    }
    
    // if we didn't find one, simply chop at startPos+width
    pos = startPos + width;
    if (pos >= text.length()) {
        return -1;
    }
    
    while ((pos < text.length()) && ((c = text.charAt(pos)) != ' ')
           && (c != '\n') && (c != '\r')) {
        ++pos;
    }        
    return pos == text.length() ? -1 : pos;
}
```"
0,root_c7,Cli_33_query,Cli_33,gen,0,0,10,,
0,root_c7,Cli_35_query,Cli_35,gen,1,10,10,np.nan,"```java
public List<String> getMatchingOptions(String opt)
{
    opt = Util.stripLeadingHyphens(opt);
    
    List<String> matchingOpts = new ArrayList<String>();

    // for a perfect match return the single option only
    if (longOpts.containsKey(opt))
    {
        matchingOpts.add(opt);
        return matchingOpts;
    }

    for (String longOpt : longOpts.keySet())
    {
        if (longOpt.startsWith(opt))
        {
            matchingOpts.add(longOpt);
        }
    }
    
    return matchingOpts;
}
```"
0,root_c7,Cli_37_query,Cli_37,gen,0,0,10,,
0,root_c7,Cli_38_query,Cli_38,gen,0,0,10,,
0,root_c7,Cli_39_query,Cli_39,gen,1,1,10,np.nan,"```java
public static Object createValue(final String str, final Class<?> clazz) throws ParseException
    {
        if (PatternOptionBuilder.STRING_VALUE == clazz)
        {
            return str;
        }
        else if (PatternOptionBuilder.OBJECT_VALUE == clazz)
        {
            return createObject(str);
        }
        else if (PatternOptionBuilder.NUMBER_VALUE == clazz)
        {
            return createNumber(str);
        }
        else if (PatternOptionBuilder.DATE_VALUE == clazz)
        {
            return createDate(str);
        }
        else if (PatternOptionBuilder.CLASS_VALUE == clazz)
        {
            return createClass(str);
        }
        else if (PatternOptionBuilder.FILE_VALUE == clazz)
        {
            return createFile(str);
        }
        else if (PatternOptionBuilder.EXISTING_FILE_VALUE == clazz)
        {
            File file = createFile(str);
            if (file.exists() && file.canRead()) {
                return new FileInputStream(file);
            }
            return null;
        }
        else if (PatternOptionBuilder.FILES_VALUE == clazz)
        {
            return createFiles(str);
        }
        else if (PatternOptionBuilder.URL_VALUE == clazz)
        {
            return createURL(str);
        }
        else
        {
            return null;
        }
    }
```"
0,root_c7,Cli_40_query,Cli_40,gen,1,10,10,np.nan,"```java
@SuppressWarnings(""unchecked"") // returned value will have type T because it is fixed by clazz
    public static <T> T createValue(final String str, final Class<T> clazz) throws ParseException
    {
        if (PatternOptionBuilder.STRING_VALUE == clazz)
        {
            return (T) str;
        }
        else if (PatternOptionBuilder.OBJECT_VALUE == clazz)
        {
            return (T) createObject(str);
        }
        else if (PatternOptionBuilder.NUMBER_VALUE == clazz)
        {
            return (T) createNumber(str);
        }
        else if (PatternOptionBuilder.DATE_VALUE == clazz)
        {
            return (T) createDate(str);
        }
        else if (PatternOptionBuilder.CLASS_VALUE == clazz)
        {
            return (T) createClass(str);
        }
        else if (PatternOptionBuilder.FILE_VALUE == clazz)
        {
            return (T) createFile(str);
        }
        else if (PatternOptionBuilder.EXISTING_FILE_VALUE == clazz)
        {
            return (T) openFile(str);
        }
        else if (PatternOptionBuilder.FILES_VALUE == clazz)
        {
            return (T) createFiles(str);
        }
        else if (PatternOptionBuilder.URL_VALUE == clazz)
        {
            return (T) createURL(str);
        }
        else if (clazz != null && Number.class.isAssignableFrom(clazz))
        {
            try {
                return (T) createNumber(str);
            } catch (NumberFormatException e) {
                throw new ParseException(""Unable to parse number: "" + str);
            }
        }
        else
        {
            throw new ParseException(""Unable to handle the class: "" + clazz);
        }
    }
```"
0,root_c7,Cli_4_query,Cli_4,gen,1,10,10,np.nan,"```java
private void checkRequiredOptions()
        throws MissingOptionException
    {
        // if there are required options that have not been
        // processsed
        if (requiredOptions.size() > 0)
        {
            Iterator iter = requiredOptions.iterator();
            StringBuffer buff = new StringBuffer();

            // add proper prefix based on number of missing options
            if (requiredOptions.size() == 1) {
                buff.append(""Missing required option: "");
            } else {
                buff.append(""Missing required options: "");
            }

            // loop through the required options
            while (iter.hasNext())
            {
                buff.append(iter.next());
            }

            throw new MissingOptionException(buff.toString());
        }
    }
```"
0,root_c7,Cli_5_query,Cli_5,gen,1,10,10,np.nan,"```java
static String stripLeadingHyphens(String str)
    {
        if (str == null) {
            return null;
        }
        if (str.startsWith(""--""))
        {
            return str.substring(2, str.length());
        }
        else if (str.startsWith(""-""))
        {
            return str.substring(1, str.length());
        }

        return str;
    }
```"
0,root_c7,Cli_8_query,Cli_8,gen,1,1,10,np.nan,"```java
protected StringBuffer renderWrappedText(StringBuffer sb, int width, 
                                             int nextLineTabStop, String text)
    {
        int pos = findWrapPos(text, width, 0);

        if (pos == -1)
        {
            sb.append(rtrim(text));
            return sb;
        }
        sb.append(rtrim(text.substring(0, pos))).append(defaultNewLine);

        if (nextLineTabStop >= width)
        {
            // stops infinite loop happening
            nextLineTabStop = width - 1;
        }

        // all following lines must be padded with nextLineTabStop space 
        // characters
        final String padding = createPadding(nextLineTabStop);

        while (true)
        {
            text = padding + text.substring(pos).trim();
            pos = findWrapPos(text, width, nextLineTabStop);

            if (pos == -1)
            {
                sb.append(text);
                return sb;
            }

            if (pos == nextLineTabStop + 1)
            {
                // handles case where text is longer than width but contains
                // no whitespace
                pos = width;
            }

            sb.append(rtrim(text.substring(0, pos))).append(defaultNewLine);
        }
    }
```"
0,root_c7,Cli_9_query,Cli_9,gen,1,10,10,np.nan,"```java
protected void checkRequiredOptions()
        throws MissingOptionException
    {
        // if there are required options that have not been
        // processsed
        if (getRequiredOptions().size() > 0)
        {
            Iterator iter = getRequiredOptions().iterator();
            StringBuffer buff = new StringBuffer(""Missing required option"");
            buff.append(getRequiredOptions().size() == 1 ? """" : ""s"");
            buff.append("": "");

            // loop through the required options
            while (iter.hasNext())
            {
                buff.append(iter.next());
                if (iter.hasNext()) {
                    buff.append("", "");
                }
            }

            throw new MissingOptionException(buff.toString());
        }
    }
```"
0,root_c7,Closure_62_query,Closure_62,gen,1,10,10,np.nan,"```java
private String format(JSError error, boolean warning) {
    // extract source excerpt
    SourceExcerptProvider source = getSource();
    String sourceExcerpt = source == null ? null :
        excerpt.get(
            source, error.sourceName, error.lineNumber, excerptFormatter);

    // formatting the message
    StringBuilder b = new StringBuilder();
    if (error.sourceName != null) {
      b.append(error.sourceName);
      if (error.lineNumber > 0) {
        b.append(':');
        b.append(error.lineNumber);
      }
      b.append("": "");
    }

    b.append(getLevelName(warning ? CheckLevel.WARNING : CheckLevel.ERROR));
    b.append("" - "");

    b.append(error.description);
    b.append('\n');
    if (sourceExcerpt != null) {
      b.append(sourceExcerpt);
      b.append('\n');
      int charno = error.getCharno();

      // padding equal to the excerpt and arrow at the end
      // charno == sourceExpert.length() means something is missing
      // at the end of the line
      if (excerpt.equals(LINE)
          && 0 <= charno && charno <= sourceExcerpt.length()) {
        for (int i = 0; i < charno; i++) {
          char c = sourceExcerpt.charAt(i);
          if (Character.isWhitespace(c)) {
            b.append(c);
          } else {
            b.append(' ');
          }
        }
        b.append(""^\n"");
      }
    }
    return b.toString();
  }
```"
0,root_c7,Closure_83_query,Closure_83,gen,0,0,10,,
0,root_c7,Codec_10_query,Codec_10,gen,1,10,10,np.nan,"```java
public String caverphone(String txt) {
        // NOTE: Version 1.0 of Caverphone is easily derivable from this code 
        // by commenting out the 2.0 lines and adding in the 1.0 lines

        if( txt == null || txt.length() == 0 ) {
            return ""1111111111"";
        }

        // 1. Convert to lowercase
        txt = txt.toLowerCase(java.util.Locale.ENGLISH);

        // 2. Remove anything not A-Z
        txt = txt.replaceAll(""[^a-z]"", """");

        // 2.5. Remove final e
        txt = txt.replaceAll(""e$"", """");             // 2.0 only

        // 3. Handle various start options
        txt = txt.replaceAll(""^cough"", ""cou2f"");
        txt = txt.replaceAll(""^rough"", ""rou2f"");
        txt = txt.replaceAll(""^tough"", ""tou2f"");
        txt = txt.replaceAll(""^enough"", ""enou2f"");  // 2.0 only
        txt = txt.replaceAll(""^trough"", ""trou2f"");  // 2.0 only - note the spec says ^enough here again, c+p error I assume
        txt = txt.replaceAll(""^gn"", ""2n"");

        // End 
        txt = txt.replaceAll(""mb$"", ""m2"");

        // 4. Handle replacements
        txt = txt.replaceAll(""cq"", ""2q"");
        txt = txt.replaceAll(""ci"", ""si"");
        txt = txt.replaceAll(""ce"", ""se"");
        txt = txt.replaceAll(""cy"", ""sy"");
        txt = txt.replaceAll(""tch"", ""2ch"");
        txt = txt.replaceAll(""c"", ""k"");
        txt = txt.replaceAll(""q"", ""k"");
        txt = txt.replaceAll(""x"", ""k"");
        txt = txt.replaceAll(""v"", ""f"");
        txt = txt.replaceAll(""dg"", ""2g"");
        txt = txt.replaceAll(""tio"", ""sio"");
        txt = txt.replaceAll(""tia"", ""sia"");
        txt = txt.replaceAll(""d"", ""t"");
        txt = txt.replaceAll(""ph"", ""fh"");
        txt = txt.replaceAll(""b"", ""p"");
        txt = txt.replaceAll(""sh"", ""s2"");
        txt = txt.replaceAll(""z"", ""s"");
        txt = txt.replaceAll(""^[aeiou]"", ""A"");
        txt = txt.replaceAll(""[aeiou]"", ""3"");
        txt = txt.replaceAll(""j"", ""y"");        // 2.0 only
        txt = txt.replaceAll(""^y3"", ""Y3"");     // 2.0 only
        txt = txt.replaceAll(""^y"", ""A"");       // 2.0 only
        txt = txt.replaceAll(""y"", ""3"");        // 2.0 only
        txt = txt.replaceAll(""3gh3"", ""3kh3"");
        txt = txt.replaceAll(""gh"", ""22"");
        txt = txt.replaceAll(""g"", ""k"");
        txt = txt.replaceAll(""s+"", ""S"");
        txt = txt.replaceAll(""t+"", ""T"");
        txt = txt.replaceAll(""p+"", ""P"");
        txt = txt.replaceAll(""k+"", ""K"");
        txt = txt.replaceAll(""f+"", ""F"");
        txt = txt.replaceAll(""m+"", ""M"");
        txt = txt.replaceAll(""n+"", ""N"");
        txt = txt.replaceAll(""w3"", ""W3"");
        txt = txt.replaceAll(""wh3"", ""Wh3"");
        txt = txt.replaceAll(""w$"", ""3"");       // 2.0 only
        txt = txt.replaceAll(""w"", ""2"");
        txt = txt.replaceAll(""^h"", ""A"");
        txt = txt.replaceAll(""h"", ""2"");
        txt = txt.replaceAll(""r3"", ""R3"");
        txt = txt.replaceAll(""r$"", ""3"");       // 2.0 only
        txt = txt.replaceAll(""r"", ""2"");
        txt = txt.replaceAll(""l3"", ""L3"");
        txt = txt.replaceAll(""l$"", ""3"");       // 2.0 only
        txt = txt.replaceAll(""l"", ""2"");

        // 5. Handle removals
        txt = txt.replaceAll(""2"", """");
        txt = txt.replaceAll(""3$"", ""A"");       // 2.0 only
        txt = txt.replaceAll(""3"", """");

        // 6. put ten 1s on the end
        txt = txt + ""111111"" + ""1111"";        // 1.0 only has 6 1s

        // 7. take the first six characters as the code
        return txt.substring(0, 10);          // 1.0 truncates to 6
    }
```"
0,root_c7,Codec_15_query,Codec_15,gen,0,0,10,,
0,root_c7,Codec_17_query,Codec_17,gen,1,10,10,np.nan,"```java
public static String newStringIso8859_1(final byte[] bytes) {
        if (bytes == null) {
            return null;
        }
        return new String(bytes, Charsets.ISO_8859_1);
    }
```"
0,root_c7,Codec_18_query,Codec_18,gen,1,10,10,np.nan,"```java
public static boolean equals(final CharSequence cs1, final CharSequence cs2) {
    if (cs1 == cs2) {
        return true;
    }
    if (cs1 == null || cs2 == null) {
        return false;
    }
    if (cs1.length() != cs2.length()) {
        return false;
    }
    if (cs1 instanceof String && cs2 instanceof String) {
        return cs1.equals(cs2);
    }
    return CharSequenceUtils.regionMatches(cs1, false, 0, cs2, 0, cs1.length());
}
```"
0,root_c7,Codec_1_query,Codec_1,gen,1,1,10,np.nan,"Based on the error messages and test cases, here are the fixed versions of the functions:

```java
public String caverphone(String txt) {
        if( txt == null || txt.length() == 0 ) {
            return ""1111111111"";
        }

        // Convert to lowercase using English locale
        txt = txt.toLowerCase(java.util.Locale.ENGLISH);

        // Remove anything not A-Z
        txt = txt.replaceAll(""[^a-z]"", """");

        // Remove final e
        txt = txt.replaceAll(""e$"", """");

        // Handle various start options
        txt = txt.replaceAll(""^cough"", ""cou2f"");
        txt = txt.replaceAll(""^rough"", ""rou2f"");
        txt = txt.replaceAll(""^tough"", ""tou2f"");
        txt = txt.replaceAll(""^enough"", ""enou2f"");
        txt = txt.replaceAll(""^trough"", ""trou2f"");
        txt = txt.replaceAll(""^gn"", ""2n"");
        txt = txt.replaceAll(""^mb"", ""m2"");

        // Handle replacements
        txt = txt.replaceAll(""cq"", ""2q"");
        txt = txt.replaceAll(""ci"", ""si"");
        txt = txt.replaceAll(""ce"", ""se"");
        txt = txt.replaceAll(""cy"", ""sy"");
        txt = txt.replaceAll(""tch"", ""2ch"");
        txt = txt.replaceAll(""c"", ""k"");
        txt = txt.replaceAll(""q"", ""k"");
        txt = txt.replaceAll(""x"", ""k"");
        txt = txt.replaceAll(""v"", ""f"");
        txt = txt.replaceAll(""dg"", ""2g"");
        txt = txt.replaceAll(""tio"", ""sio"");
        txt = txt.replaceAll(""tia"", ""sia"");
        txt = txt.replaceAll(""d"", ""t"");
        txt = txt.replaceAll(""ph"", ""fh"");
        txt = txt.replaceAll(""b"", ""p"");
        txt = txt.replaceAll(""sh"", ""s2"");
        txt = txt.replaceAll(""z"", ""s"");
        txt = txt.replaceAll(""^[aeiou]"", ""A"");
        txt = txt.replaceAll(""[aeiou]"", ""3"");
        txt = txt.replaceAll(""j"", ""y"");
        txt = txt.replaceAll(""^y3"", ""Y3"");
        txt = txt.replaceAll(""^y"", ""A"");
        txt = txt.replaceAll(""y"", ""3"");
        txt = txt.replaceAll(""3gh3"", ""3kh3"");
        txt = txt.replaceAll(""gh"", ""22"");
        txt = txt.replaceAll(""g"", ""k"");
        txt = txt.replaceAll(""s+"", ""S"");
        txt = txt.replaceAll(""t+"", ""T"");
        txt = txt.replaceAll(""p+"", ""P"");
        txt = txt.replaceAll(""k+"", ""K"");
        txt = txt.replaceAll(""f+"", ""F"");
        txt = txt.replaceAll(""m+"", ""M"");
        txt = txt.replaceAll(""n+"", ""N"");
        txt = txt.replaceAll(""w3"", ""W3"");
        txt = txt.replaceAll(""wh3"", ""Wh3"");
        txt = txt.replaceAll(""w$"", ""3"");
        txt = txt.replaceAll(""w"", ""2"");
        txt = txt.replaceAll(""^h"", ""A"");
        txt = txt.replaceAll(""h"", ""2"");
        txt = txt.replaceAll(""r3"", ""R3"");
        txt = txt.replaceAll(""r$"", ""3"");
        txt = txt.replaceAll(""r"", ""2"");
        txt = txt.replaceAll(""l3"", ""L3"");
        txt = txt.replaceAll(""l$"", ""3"");
        txt = txt.replaceAll(""l"", ""2"");

        // Handle removals
        txt = txt.replaceAll(""2"", """");
        txt = txt.replaceAll(""3$"", ""A"");
        txt = txt.replaceAll(""3"", """");

        // Put ten 1s on the end
        txt = txt + ""111111"" + ""1111"";

        // Take the first ten characters as the code
        return txt.substring(0, 10);
    }
```

```java
static String clean(String str) {
        if (str == null || str.length() == 0) {
            return str;
        }
        int len = str.length();
        char[] chars = new char[len];
        int count = 0;
        for (int i = 0; i < len; i++) {
            char c = str.charAt(i);
            if (Character.isLetter(c)) {
                chars[count++] = Character.toUpperCase(c, java.util.Locale.ENGLISH);
            }
        }
        if (count == len) {
            return new String(chars);
        }
        return new String(chars, 0, count);
    }
```

```java
public String metaphone(String txt) {
        boolean hard = false;
        if ((txt == null) || (txt.length() == 0)) {
            return """";
        }
        if (txt.length() == 1) {
            return txt.toUpperCase(java.util.Locale.ENGLISH);
        }
      
        char[] inwd = txt.toUpperCase(java.util.Locale.ENGLISH).toCharArray();
      
        StringBuffer local = new StringBuffer(40);
        StringBuffer code = new StringBuffer(10);
        
        switch(inwd[0]) {
        case 'K': 
        case 'G': 
        case 'P': 
            if (inwd[1] == 'N') {
                local.append(inwd, 1, inwd.length - 1);
            } else {
                local.append(inwd);
            }
            break;
        case 'A':
            if (inwd[1] == 'E') {
                local.append(inwd, 1, inwd.length - 1);
            } else {
                local.append(inwd);
            }
            break;
        case 'W':
            if (inwd[1] == 'R') {
                local.append(inwd, 1, inwd.length - 1); 
                break;
            }
            if (inwd[1] == 'H') {
                local.append(inwd, 1, inwd.length - 1);
                local.setCharAt(0, 'W');
            } else {
                local.append(inwd);
            }
            break;
        case 'X':
            inwd[0] = 'S';
            local.append(inwd);
            break;
        default:
            local.append(inwd);
        }

        int wdsz = local.length();
        int n = 0;

        while ((code.length() < this.getMaxCodeLen()) && (n < wdsz)) {
            char symb = local.charAt(n);
            if ((symb != 'C') && (isPreviousChar(local, n, symb))) {
                n++;
            } else {
                switch(symb) {
                case 'A': case 'E': case 'I': case 'O': case 'U':
                    if (n == 0) { 
                        code.append(symb);
                    }
                    break;
                case 'B':
                    if (isPreviousChar(local, n, 'M') && isLastChar(wdsz, n)) {
                        break;
                    }
                    code.append(symb);
                    break;
                case 'C':
                    if (isPreviousChar(local, n, 'S') && !isLastChar(wdsz, n) && 
                        (FRONTV.indexOf(local.charAt(n + 1)) >= 0)) { 
                        break;
                    }
                    if (regionMatch(local, n, ""CIA"")) {
                        code.append('X'); 
                        break;
                    }
                    if (!isLastChar(wdsz, n) && (FRONTV.indexOf(local.charAt(n + 1)) >= 0)) {
                        code.append('S');
                        break;
                    }
                    if (isPreviousChar(local, n, 'S') && isNextChar(local, n, 'H')) {
                        code.append('K');
                        break;
                    }
                    if (isNextChar(local, n, 'H')) {
                        if ((n == 0) && (wdsz >= 3) && isVowel(local,2)) {
                            code.append('K');
                        } else { 
                            code.append('X');
                        }
                    } else { 
                        code.append('K');
                    }
                    break;
                case 'D':
                    if (!isLastChar(wdsz, n + 1) && isNextChar(local, n, 'G') && 
                        (FRONTV.indexOf(local.charAt(n + 2)) >= 0)) {
                        code.append('J'); n += 2;
                    } else { 
                        code.append('T');
                    }
                    break;
                case 'G':
                    if (isLastChar(wdsz, n + 1) && isNextChar(local, n, 'H')) {
                        break;
                    }
                    if (!isLastChar(wdsz, n + 1) && isNextChar(local,n,'H') && !isVowel(local,n+2)) {
                        break;
                    }
                    if ((n > 0) && (regionMatch(local, n, ""GN"") || regionMatch(local, n, ""GNED""))) {
                        break;
                    }
                    if (isPreviousChar(local, n, 'G')) {
                        hard = true;
                    } else {
                        hard = false;
                    }
                    if (!isLastChar(wdsz, n) && (FRONTV.indexOf(local.charAt(n + 1)) >= 0) && (!hard)) {
                        code.append('J');
                    } else {
                        code.append('K');
                    }
                    break;
                case 'H':
                    if (isLastChar(wdsz, n)) {
                        break;
                    }
                    if ((n > 0) && (VARSON.indexOf(local.charAt(n - 1)) >= 0)) {
                        break;
                    }
                    if (isVowel(local,n+1)) {
                        code.append('H');
                    }
                    break;
                case 'F': 
                case 'J': 
                case 'L':
                case 'M': 
                case 'N': 
                case 'R':
                    code.append(symb); 
                    break;
                case 'K':
                    if (n > 0) {
                        if (!isPreviousChar(local, n, 'C')) {
                            code.append(symb);
                        }
                    } else {
                        code.append(symb);
                    }
                    break;
                case 'P':
                    if (isNextChar(local,n,'H')) {
                        code.append('F');
                    } else {
                        code.append(symb);
                    }
                    break;
                case 'Q':
                    code.append('K');
                    break;
                case 'S':
                    if (regionMatch(local,n,""SH"") || regionMatch(local,n,""SIO"") || regionMatch(local,n,""SIA"")) {
                        code.append('X');
                    } else {
                        code.append('S');
                    }
                    break;
                case 'T':
                    if (regionMatch(local,n,""TIA"") || regionMatch(local,n,""TIO"")) {
                        code.append('X'); 
                        break;
                    }
                    if (regionMatch(local,n,""TCH"")) {
                        break;
                    }
                    if (regionMatch(local,n,""TH"")) {
                        code.append('0');
                    } else {
                        code.append('T');
                    }
                    break;
                case 'V':
                    code.append('F'); break;
                case 'W': case 'Y':
                    if (!isLastChar(wdsz,n) && isVowel(local,n+1)) {
                        code.append(symb);
                    }
                    break;
                case 'X':
                    code.append('K'); code.append('S');
                    break;
                case 'Z':
                    code.append('S'); break;
                }
                n++;
            }
            if (code.length() > this.getMaxCodeLen()) { 
                code.setLength(this.getMaxCodeLen()); 
            }
        }
        return code.toString();
    }
```"
0,root_c7,Codec_3_query,Codec_3,gen,1,6,10,np.nan,"```java
private int handleG(String value, 
                        DoubleMetaphoneResult result, 
                        int index, 
                        boolean slavoGermanic) {
        if (charAt(value, index + 1) == 'H') {
            index = handleGH(value, result, index);
        } else if (charAt(value, index + 1) == 'N') {
            if (index == 1 && isVowel(charAt(value, 0)) && !slavoGermanic) {
                result.append(""KN"", ""N"");
            } else if (!contains(value, index + 2, 2, ""EY"") && 
                       charAt(value, index + 1) != 'Y' && !slavoGermanic) {
                result.append(""N"", ""KN"");
            } else {
                result.append(""KN"");
            }
            index = index + 2;
        } else if (contains(value, index + 1, 2, ""LI"") && !slavoGermanic) {
            result.append(""KL"", ""L"");
            index += 2;
        } else if (index == 0 && (charAt(value, index + 1) == 'Y' || contains(value, index + 1, 2, ES_EP_EB_EL_EY_IB_IL_IN_IE_EI_ER))) {
            //-- -ges-, -gep-, -gel-, -gie- at beginning --//
            result.append('K', 'J');
            index += 2;
        } else if ((contains(value, index + 1, 2, ""ER"") || 
                    charAt(value, index + 1) == 'Y') &&
                   !contains(value, 0, 6, ""DANGER"", ""RANGER"", ""MANGER"") &&
                   !contains(value, index - 1, 1, ""E"", ""I"") && 
                   !contains(value, index - 1, 3, ""RGY"", ""OGY"")) {
            //-- -ger-, -gy- --//
            result.append('K', 'J');
            index += 2;
        } else if (contains(value, index + 1, 1, ""E"", ""I"", ""Y"") || 
                   contains(value, index - 1, 4, ""AGGI"", ""OGGI"")) {
            //-- Italian ""biaggi"" --//
            if (contains(value, index + 1, 3, ""IER"")) {
                result.append('J');
            } else if ((contains(value, 0 ,4, ""VAN "", ""VON "") || contains(value, 0, 3, ""SCH"")) || 
                       contains(value, index + 1, 2, ""ET"")) {
                //-- obvious germanic --//
                result.append('K');
            } else {
                result.append('J', 'K');
            }
            index += 2;
        } else if (charAt(value, index + 1) == 'G') {
            index += 2;
            result.append('K');
        } else {
            index++;
            result.append('K');
        }
        return index;
    }
```"
0,root_c7,Collections_12_query,Collections_12,gen,0,0,10,,
0,root_c7,Collections_13_query,Collections_13,gen,1,1,10,np.nan,"```java
public static ExtendedProperties convertProperties(Properties props) {
    ExtendedProperties c = new ExtendedProperties();

    if (props != null) {
        // Process current properties
        for (Enumeration<?> e = props.propertyNames(); e.hasMoreElements();) {
            String s = (String) e.nextElement();
            String value = props.getProperty(s);
            if (value != null) {
                c.setProperty(s, value);
            }
        }

        // Process defaults if they exist
        Properties defaults = props.defaults;
        if (defaults != null) {
            for (Enumeration<?> e = defaults.propertyNames(); e.hasMoreElements();) {
                String s = (String) e.nextElement();
                String value = defaults.getProperty(s);
                if (value != null && !c.containsKey(s)) {
                    c.setProperty(s, value);
                }
            }
        }
    }

    return c;
}
```"
0,root_c7,Collections_14_query,Collections_14,gen,0,0,10,,
0,root_c7,Collections_15_query,Collections_15,gen,0,0,10,,
0,root_c7,Collections_16_query,Collections_16,gen,0,0,10,,
0,root_c7,Collections_18_query,Collections_18,gen,0,0,10,,
0,root_c7,Collections_19_query,Collections_19,gen,1,1,10,np.nan,"```java
@Override
    public E set(final int index, final E object) {
        final int pos = indexOf(object);
        final E removed = super.set(index, object);

        if (pos != -1 && pos != index) {
            // the object is already in the uniq list
            // (and it hasn't been swapped with itself)
            super.remove(pos); // remove the duplicate by index
            set.remove(removed); // remove the old object from set
        }
        set.add(object); // add new object to set
        return removed; // return the item deleted by the set
    }
```"
0,root_c7,Collections_1_query,Collections_1,gen,0,0,10,,
0,root_c7,Collections_20_query,Collections_20,gen,0,0,10,,
0,root_c7,Collections_22_query,Collections_22,gen,0,0,10,,
0,root_c7,Collections_23_query,Collections_23,gen,1,10,10,np.nan,"```java
public static <K, V> UnmodifiableTrie<K, V> unmodifiableTrie(final Trie<K, ? extends V> trie) {
    if (trie == null) {
        throw new IllegalArgumentException(""Trie must not be null"");
    }
    if (trie instanceof UnmodifiableTrie) {
        return (UnmodifiableTrie<K, V>) trie;
    }
    return new UnmodifiableTrie<K, V>(trie);
}
```"
0,root_c7,Collections_25_query,Collections_25,gen,0,0,10,,
0,root_c7,Collections_26_query,Collections_26,gen,0,0,10,,
0,root_c7,Collections_28_query,Collections_28,gen,0,0,10,,
0,root_c7,Collections_3_query,Collections_3,gen,1,10,10,np.nan,"```java
public static Collection removeAll(Collection collection, Collection remove) {
        if (collection == null || remove == null) {
            throw new NullPointerException(""The collections must not be null"");
        }
        Collection result = new ArrayList(collection);
        result.removeAll(remove);
        return result;
    }
```"
0,root_c7,Collections_4_query,Collections_4,gen,0,0,10,,
0,root_c7,Collections_5_query,Collections_5,gen,1,5,10,np.nan,"```java
public boolean addAll(int index, Collection coll) {
        // gets initial size
        final int sizeBefore = size();
        int insertionIndex = index;
        
        // adds all elements
        for (final Iterator it = coll.iterator(); it.hasNext();) {
            Object element = it.next();
            if (!contains(element)) {
                add(insertionIndex++, element);
            }
        }

        // compares sizes to detect if collection changed
        return sizeBefore != size();
    }
```"
0,root_c7,Collections_6_query,Collections_6,gen,0,0,10,,
0,root_c7,Collections_7_query,Collections_7,gen,0,0,10,,
0,root_c7,Collections_8_query,Collections_8,gen,0,0,10,,
0,root_c7,Collections_9_query,Collections_9,gen,0,0,10,,
0,root_c7,Csv_10_query,Csv_10,gen,1,10,10,np.nan,"```java
public CSVPrinter(final Appendable out, final CSVFormat format) throws IOException {
    Assertions.notNull(out, ""out"");
    Assertions.notNull(format, ""format"");

    this.out = out;
    this.format = format;
    this.format.validate();
    
    if (format.getHeader() != null) {
        printRecord(format.getHeader());
    }
}
```"
0,root_c7,Csv_11_query,Csv_11,gen,1,10,10,np.nan,"```java
private Map<String, Integer> initializeHeader() throws IOException {
    Map<String, Integer> hdrMap = null;
    final String[] formatHeader = this.format.getHeader();
    if (formatHeader != null) {
        hdrMap = new LinkedHashMap<String, Integer>();

        String[] headerRecord = null;
        if (formatHeader.length == 0) {
            // read the header from the first line of the file
            final CSVRecord nextRecord = this.nextRecord();
            if (nextRecord != null) {
                headerRecord = nextRecord.values();
            }
        } else {
            if (this.format.getSkipHeaderRecord()) {
                this.nextRecord();
            }
            headerRecord = formatHeader;
        }

        // build the name to index mappings
        if (headerRecord != null) {
            for (int i = 0; i < headerRecord.length; i++) {
                final String header = headerRecord[i];
                if (header == null && this.format.getNullString() != null) {
                    continue;
                }
                final boolean containsHeader = hdrMap.containsKey(header);
                final boolean emptyHeader = header == null || header.trim().isEmpty();
                if (containsHeader && (!emptyHeader || (emptyHeader && !this.format.getIgnoreEmptyHeaders()))) {
                    throw new IllegalArgumentException(""The header contains a duplicate name: \"""" + header +
                            ""\"" in "" + Arrays.toString(headerRecord));
                }
                if (!emptyHeader || (emptyHeader && !this.format.getIgnoreEmptyHeaders())) {
                    hdrMap.put(header, Integer.valueOf(i));
                }
            }
        }
    }
    return hdrMap;
}
```"
0,root_c7,Csv_14_query,Csv_14,gen,0,0,10,,
0,root_c7,Csv_15_query,Csv_15,gen,1,2,10,np.nan,"```java
private void printAndQuote(final Object object, final CharSequence value, final int offset, final int len,
            final Appendable out, final boolean newRecord) throws IOException {
        boolean quote = false;
        int start = offset;
        int pos = offset;
        final int end = offset + len;

        final char delimChar = getDelimiter();
        final char quoteChar = getQuoteCharacter().charValue();

        QuoteMode quoteModePolicy = getQuoteMode();
        if (quoteModePolicy == null) {
            quoteModePolicy = QuoteMode.MINIMAL;
        }
        switch (quoteModePolicy) {
        case ALL:
        case ALL_NON_NULL:
            quote = true;
            break;
        case NON_NUMERIC:
            quote = !(object instanceof Number);
            break;
        case NONE:
            // Use the existing escaping code
            printAndEscape(value, offset, len, out);
            return;
        case MINIMAL:
            if (len <= 0) {
                // always quote an empty token that is the first
                // on the line, as it may be the only thing on the
                // line. If it were not quoted in that case,
                // an empty line has no tokens.
                if (newRecord) {
                    quote = true;
                }
            } else {
                char c = value.charAt(pos);

                if (newRecord && (c < 0x20 || c > 0x21 && c < 0x23 || c > 0x2B && c < 0x2D || c > 0x7E)) {
                    quote = true;
                } else if (c <= COMMENT && c != EURO_CH) {  // Modified condition to exclude euro symbol
                    // Some other chars at the start of a value caused the parser to fail, so for now
                    // encapsulate if we start in anything less than '#'. We are being conservative
                    // by including the default comment char too.
                    quote = true;
                } else {
                    while (pos < end) {
                        c = value.charAt(pos);
                        if (c == LF || c == CR || c == quoteChar || c == delimChar) {
                            quote = true;
                            break;
                        }
                        pos++;
                    }

                    if (!quote) {
                        pos = end - 1;
                        c = value.charAt(pos);
                        // Some other chars at the end caused the parser to fail, so for now
                        // encapsulate if we end in anything less than ' '
                        if (c <= SP) {
                            quote = true;
                        }
                    }
                }
            }

            if (!quote) {
                // no encapsulation needed - write out the original value
                out.append(value, start, end);
                return;
            }
            break;
        default:
            throw new IllegalStateException(""Unexpected Quote value: "" + quoteModePolicy);
        }

        if (!quote) {
            // no encapsulation needed - write out the original value
            out.append(value, start, end);
            return;
        }

        // we hit something that needed encapsulation
        out.append(quoteChar);

        // Pick up where we left off: pos should be positioned on the first character that caused
        // the need for encapsulation.
        while (pos < end) {
            final char c = value.charAt(pos);
            if (c == quoteChar) {
                // write out the chunk up until this point

                // add 1 to the length to write out the encapsulator also
                out.append(value, start, pos + 1);
                // put the next starting position on the encapsulator so we will
                // write it out again with the next string (effectively doubling it)
                start = pos;
            }
            pos++;
        }

        // write the last segment
        out.append(value, start, pos);
        out.append(quoteChar);
    }
```"
0,root_c7,Csv_1_query,Csv_1,gen,0,0,10,,
0,root_c7,Csv_2_query,Csv_2,gen,1,10,10,np.nan,"```java
public String get(final String name) {
    if (mapping == null) {
        throw new IllegalStateException(
                ""No header mapping was specified, the record values can't be accessed by name"");
    }
    final Integer index = mapping.get(name);
    if (index == null) {
        return null;
    }
    if (index < 0 || index >= values.length) {
        throw new IllegalArgumentException(""Record is inconsistent"");
    }
    return values[index];
}
```"
0,root_c7,Csv_3_query,Csv_3,gen,1,2,10,np.nan,"```java
int readEscape() throws IOException {
        // the escape char has just been read (normally a backslash)
        final int c = in.read();
        switch (c) {
        case 'r':
            return CR;
        case 'n':
            return LF;
        case 't':
            return TAB;
        case 'b':
            return BACKSPACE;
        case 'f':
            return FF;
        case CR:
        case LF:
        case FF:
        case TAB:
        case BACKSPACE:
            return c;
        case END_OF_STREAM:
            throw new IOException(""EOF whilst processing escape sequence"");
        default:
            // Now check for meta-characters
            if (c == escape || c == quoteChar || c == delimiter) {
                return c;
            }
            // indicate unexpected char - available from in.getLastChar()
            return END_OF_STREAM;
        }
    }
```"
0,root_c7,Csv_4_query,Csv_4,gen,1,10,10,np.nan,"```java
public Map<String, Integer> getHeaderMap() {
        return this.headerMap == null ? null : new LinkedHashMap<String, Integer>(this.headerMap);
    }
```"
0,root_c7,Csv_5_query,Csv_5,gen,1,10,10,np.nan,"```java
public void println() throws IOException {
    final String recordSeparator = format.getRecordSeparator();
    if (recordSeparator != null) {
        out.append(recordSeparator);
    }
    newRecord = true;
}
```"
0,root_c7,Csv_6_query,Csv_6,gen,1,10,10,np.nan,"```java
<M extends Map<String, String>> M putIn(final M map) {
        for (final Entry<String, Integer> entry : mapping.entrySet()) {
            final int col = entry.getValue().intValue();
            if (col < values.length) {
                map.put(entry.getKey(), values[col]);
            } else {
                map.put(entry.getKey(), null);
            }
        }
        return map;
    }
```"
0,root_c7,Csv_8_query,Csv_8,gen,0,0,10,,
0,root_c7,Csv_9_query,Csv_9,gen,1,10,10,np.nan,"```java
<M extends Map<String, String>> M putIn(final M map) {
        if (mapping != null) {
            for (final Entry<String, Integer> entry : mapping.entrySet()) {
                final int col = entry.getValue().intValue();
                if (col < values.length) {
                    map.put(entry.getKey(), values[col]);
                }
            }
        }
        return map;
    }
```"
0,root_c7,JacksonCore_10_query,JacksonCore_10,gen,0,0,10,,
0,root_c7,JacksonCore_11_query,JacksonCore_11,gen,0,0,10,,
0,root_c7,JacksonCore_14_query,JacksonCore_14,gen,1,10,10,np.nan,"```java
private IllegalArgumentException wrongBuf() {
        // sanity check failed; trying to return different, smaller buffer.
        return new IllegalArgumentException(""smaller than original"");
    }
```

```java
protected final void _verifyRelease(char[] toRelease, char[] src) {
        // 07-Mar-2016, tatu: As per [core#255], only prevent shrinking of buffer
        if ((toRelease != src) && (toRelease.length < src.length)) { throw wrongBuf(); }
    }
```

```java
protected final void _verifyRelease(byte[] toRelease, byte[] src) {
        // 07-Mar-2016, tatu: As per [core#255], only prevent shrinking of buffer
        if ((toRelease != src) && (toRelease.length < src.length)) { throw wrongBuf(); }
    }
```"
0,root_c7,JacksonCore_23_query,JacksonCore_23,gen,1,10,10,np.nan,"```java
@Override
    public DefaultPrettyPrinter createInstance() {
        throw new IllegalStateException(""DefaultPrettyPrinter sub-class ""+getClass().getName()
            +"" does not override createInstance()"");
    }
```"
0,root_c7,JacksonCore_4_query,JacksonCore_4,gen,0,0,10,,
0,root_c7,JacksonCore_8_query,JacksonCore_8,gen,1,10,10,np.nan,"```java
public char[] getTextBuffer()
    {
        // Are we just using shared input buffer?
        if (_inputStart >= 0) return _inputBuffer;
        if (_resultArray != null)  return _resultArray;
        if (_resultString != null) {
            return (_resultArray = _resultString.toCharArray());
        }
        // Nope; but does it fit in just one segment?
        if (!_hasSegments && _currentSegment != null)  return _currentSegment;
        // Nope, need to have/create a non-segmented array and return it
        return contentsAsArray();
    }
```"
0,root_c7,Jsoup_48_query,Jsoup_48,gen,1,10,10,np.nan,"```java
void processResponseHeaders(Map<String, List<String>> resHeaders) {
    for (Map.Entry<String, List<String>> entry : resHeaders.entrySet()) {
        String name = entry.getKey();
        if (name == null)
            continue; // http/1.1 line

        List<String> values = entry.getValue();
        if (name.equalsIgnoreCase(""Set-Cookie"")) {
            for (String value : values) {
                if (value == null)
                    continue;
                TokenQueue cd = new TokenQueue(value);
                String cookieName = cd.chompTo(""="").trim();
                String cookieVal = cd.consumeTo("";"").trim();
                // ignores path, date, domain, validateTLSCertificates et al. req'd?
                // name not blank, value not null
                if (cookieName.length() > 0)
                    cookie(cookieName, cookieVal);
            }
        } else { // combine same header names with comma: http://www.w3.org/Protocols/rfc2616/rfc2616-sec4.html#sec4.2
            if (!values.isEmpty()) {
                StringBuilder sb = new StringBuilder();
                for (String value : values) {
                    if (sb.length() > 0)
                        sb.append("", "");
                    sb.append(value);
                }
                header(name, sb.toString());
            }
        }
    }
}
```"
0,root_c7,Jsoup_89_query,Jsoup_89,gen,1,10,10,np.nan,"```java
public String setValue(String val) {
        String oldVal = this.val;
        if (parent != null) {
            int i = parent.indexOfKey(this.key);
            if (i != Attributes.NotFound)
                parent.vals[i] = val;
        }
        this.val = Attributes.checkNotNull(val);
        return oldVal;
    }
```"
0,root_c7,Lang_10_query,Lang_10,gen,0,0,9,,
0,root_c7,Lang_11_query,Lang_11,gen,1,10,10,np.nan,"```java
public static String random(int count, int start, int end, boolean letters, boolean numbers,
                                char[] chars, Random random) {
        if (count == 0) {
            return """";
        } else if (count < 0) {
            throw new IllegalArgumentException(""Requested random string length "" + count + "" is less than 0."");
        }
        if (chars != null && chars.length == 0) {
            throw new IllegalArgumentException(""The chars array must not be empty"");
        }

        if (start == 0 && end == 0) {
            if (chars != null) {
                end = chars.length;
            } else {
                if (!letters && !numbers) {
                    end = Integer.MAX_VALUE;
                } else {
                    end = 'z' + 1;
                    start = ' ';                
                }
            }
        } else if (end <= start) {
            throw new IllegalArgumentException(""Parameter end ("" + end + "") must be greater than start ("" + start + "")"");
        }

        char[] buffer = new char[count];
        int gap = end - start;

        while (count-- != 0) {
            char ch;
            if (chars == null) {
                ch = (char) (random.nextInt(gap) + start);
            } else {
                ch = chars[random.nextInt(gap) + start];
            }
            if (letters && Character.isLetter(ch)
                    || numbers && Character.isDigit(ch)
                    || !letters && !numbers) {
                if(ch >= 56320 && ch <= 57343) {
                    if(count == 0) {
                        count++;
                    } else {
                        // low surrogate, insert high surrogate after putting it in
                        buffer[count] = ch;
                        count--;
                        buffer[count] = (char) (55296 + random.nextInt(128));
                    }
                } else if(ch >= 55296 && ch <= 56191) {
                    if(count == 0) {
                        count++;
                    } else {
                        // high surrogate, insert low surrogate before putting it in
                        buffer[count] = (char) (56320 + random.nextInt(128));
                        count--;
                        buffer[count] = ch;
                    }
                } else if(ch >= 56192 && ch <= 56319) {
                    // private high surrogate, no effing clue, so skip it
                    count++;
                } else {
                    buffer[count] = ch;
                }
            } else {
                count++;
            }
        }
        return new String(buffer);
    }
```"
0,root_c7,Lang_12_query,Lang_12,gen,1,9,10,np.nan,"```java
public static String random(int count, int start, int end, boolean letters, boolean numbers,
                                char[] chars, Random random) {
        if (count == 0) {
            return """";
        } else if (count < 0) {
            throw new IllegalArgumentException(""Requested random string length "" + count + "" is less than 0."");
        }
        if (chars != null && chars.length == 0) {
            throw new IllegalArgumentException(""The chars array must not be empty"");
        }

        if (start == 0 && end == 0) {
            if (chars != null) {
                end = chars.length;
            } else {
                if (!letters && !numbers) {
                    end = Integer.MAX_VALUE;
                } else {
                    end = 'z' + 1;
                    start = ' ';                
                }
            }
        } else {
            if (chars != null && end > chars.length) {
                throw new ArrayIndexOutOfBoundsException(""The end index must be less than or equal to "" + chars.length);
            }
        }

        char[] buffer = new char[count];
        int gap = end - start;

        while (count-- != 0) {
            char ch;
            if (chars == null) {
                ch = (char) (random.nextInt(gap) + start);
            } else {
                ch = chars[random.nextInt(gap) + start];
            }
            if (letters && Character.isLetter(ch)
                    || numbers && Character.isDigit(ch)
                    || !letters && !numbers) {
                if(ch >= 56320 && ch <= 57343) {
                    if(count == 0) {
                        count++;
                    } else {
                        // low surrogate, insert high surrogate after putting it in
                        buffer[count] = ch;
                        count--;
                        buffer[count] = (char) (55296 + random.nextInt(128));
                    }
                } else if(ch >= 55296 && ch <= 56191) {
                    if(count == 0) {
                        count++;
                    } else {
                        // high surrogate, insert low surrogate before putting it in
                        buffer[count] = (char) (56320 + random.nextInt(128));
                        count--;
                        buffer[count] = ch;
                    }
                } else if(ch >= 56192 && ch <= 56319) {
                    // private high surrogate, no effing clue, so skip it
                    count++;
                } else {
                    buffer[count] = ch;
                }
            } else {
                count++;
            }
        }
        return new String(buffer);
    }
```"
0,root_c7,Lang_14_query,Lang_14,gen,1,10,10,np.nan,"```java
public static boolean equals(CharSequence cs1, CharSequence cs2) {
    if (cs1 == cs2) {
        return true;
    }
    if (cs1 == null || cs2 == null) {
        return false;
    }
    if (cs1.length() != cs2.length()) {
        return false;
    }
    if (cs1 instanceof String && cs2 instanceof String) {
        return cs1.equals(cs2);
    }
    // Step through each character sequence and compare
    for (int i = 0; i < cs1.length(); i++) {
        if (cs1.charAt(i) != cs2.charAt(i)) {
            return false;
        }
    }
    return true;
}
```"
0,root_c7,Lang_20_query,Lang_20,gen,1,10,10,np.nan,"```java
public static String join(Object[] array, String separator, int startIndex, int endIndex) {
        if (array == null) {
            return null;
        }
        if (separator == null) {
            separator = EMPTY;
        }

        // endIndex - startIndex > 0:   Len = NofStrings *(len(firstString) + len(separator))
        //           (Assuming that all Strings are roughly equally long)
        int noOfItems = (endIndex - startIndex);
        if (noOfItems <= 0) {
            return EMPTY;
        }

        StringBuilder buf = new StringBuilder(noOfItems * 16);
        for (int i = startIndex; i < endIndex; i++) {
            if (i > startIndex) {
                buf.append(separator);
            }
            if (array[i] != null) {
                buf.append(array[i]);
            }
        }
        return buf.toString();
    }
```

```java
public static String join(Object[] array, char separator, int startIndex, int endIndex) {
        if (array == null) {
            return null;
        }
        int noOfItems = (endIndex - startIndex);
        if (noOfItems <= 0) {
            return EMPTY;
        }
        
        StringBuilder buf = new StringBuilder(noOfItems * 16);
        for (int i = startIndex; i < endIndex; i++) {
            if (i > startIndex) {
                buf.append(separator);
            }
            if (array[i] != null) {
                buf.append(array[i]);
            }
        }
        return buf.toString();
    }
```"
0,root_c7,Lang_29_query,Lang_29,gen,1,10,10,np.nan,"```java
static int toJavaVersionInt(String version) {
        return (int)toVersionInt(toJavaVersionIntArray(version, JAVA_VERSION_TRIM_SIZE));
    }
```"
0,root_c7,Lang_30_query,Lang_30,gen,0,0,10,,
0,root_c7,Lang_31_query,Lang_31,gen,1,9,10,np.nan,"```java
public static boolean containsAny(CharSequence cs, char[] searchChars) {
    if (isEmpty(cs) || ArrayUtils.isEmpty(searchChars)) {
        return false;
    }
    int csLength = cs.length();
    int searchLength = searchChars.length;
    for (int i = 0; i < csLength; i++) {
        char ch = cs.charAt(i);
        if (Character.isHighSurrogate(ch)) {
            if (i < csLength - 1) {
                char ch2 = cs.charAt(i + 1);
                if (Character.isLowSurrogate(ch2)) {
                    for (int j = 0; j < searchLength; j++) {
                        if (j < searchLength - 1 && 
                            searchChars[j] == ch && 
                            searchChars[j+1] == ch2) {
                            return true;
                        }
                    }
                    i++; // skip the low surrogate
                    continue;
                }
            }
        }
        for (int j = 0; j < searchLength; j++) {
            if (searchChars[j] == ch) {
                return true;
            }
        }
    }
    return false;
}
```"
0,root_c7,Lang_33_query,Lang_33,gen,1,10,10,np.nan,"```java
public static Class<?>[] toClass(Object[] array) {
    if (array == null) {
        return null;
    } else if (array.length == 0) {
        return ArrayUtils.EMPTY_CLASS_ARRAY;
    }
    Class<?>[] classes = new Class[array.length];
    for (int i = 0; i < array.length; i++) {
        classes[i] = (array[i] == null) ? null : array[i].getClass();
    }
    return classes;
}
```"
0,root_c7,Lang_34_query,Lang_34,gen,1,10,10,np.nan,"```java
static boolean isRegistered(Object value) {
        Map<Object, Object> m = getRegistry();
        return m != null && m.containsKey(value);
    }
```

```java
static Map<Object, Object> getRegistry() {
        return REGISTRY.get();
    }
```"
0,root_c7,Lang_35_query,Lang_35,gen,0,0,10,,
0,root_c7,Lang_37_query,Lang_37,gen,1,10,10,np.nan,"```java
@SuppressWarnings(""unchecked"")
public static <T> T[] addAll(T[] array1, T... array2) {
    if (array1 == null) {
        return clone(array2);
    } else if (array2 == null) {
        return clone(array1);
    }
    final Class<?> type1 = array1.getClass().getComponentType();
    final Class<?> type2 = array2.getClass().getComponentType();
    
    if (!type1.isAssignableFrom(type2)) {
        throw new IllegalArgumentException(""Cannot store "" + type2.getName() + "" in an array of "" + type1.getName());
    }
    
    T[] joinedArray = (T[]) Array.newInstance(type1, array1.length + array2.length);
    System.arraycopy(array1, 0, joinedArray, 0, array1.length);
    System.arraycopy(array2, 0, joinedArray, array1.length, array2.length);
    return joinedArray;
}
```"
0,root_c7,Lang_39_query,Lang_39,gen,1,9,10,np.nan,"```java
private static String replaceEach(String text, String[] searchList, String[] replacementList, 
                                      boolean repeat, int timeToLive) 
    {
        // if recursing, this shouldnt be less than 0
        if (timeToLive < 0) {
            throw new IllegalStateException(""TimeToLive of "" + timeToLive + "" is less than 0: "" + text);
        }

        if (text == null || text.length() == 0 || searchList == null || 
            searchList.length == 0 || replacementList == null || replacementList.length == 0) 
        {
            return text;
        }

        // make sure lengths are ok, these need to be equal
        if (searchList.length != replacementList.length) {
            throw new IllegalArgumentException(""Search and Replace array lengths don't match: ""
                + searchList.length
                + "" vs ""
                + replacementList.length);
        }

        // keep track of which still have matches
        boolean[] noMoreMatchesForReplIndex = new boolean[searchList.length];

        // index on index that the match was found
        int textIndex = -1;
        int replaceIndex = -1;
        int tempIndex = -1;

        // index of replace array that will replace the search string found
        for (int i = 0; i < searchList.length; i++) {
            if (noMoreMatchesForReplIndex[i] || searchList[i] == null || 
                searchList[i].length() == 0 || replacementList[i] == null) 
            {
                continue;
            }
            tempIndex = text.indexOf(searchList[i]);

            // see if we need to keep searching for this
            if (tempIndex == -1) {
                noMoreMatchesForReplIndex[i] = true;
            } else {
                if (textIndex == -1 || tempIndex < textIndex) {
                    textIndex = tempIndex;
                    replaceIndex = i;
                }
            }
        }

        // no search strings found, we are done
        if (textIndex == -1) {
            return text;
        }

        int start = 0;
        int increase = 0;

        // count the replacement text elements that are larger than their corresponding text being replaced
        for (int i = 0; i < searchList.length; i++) {
            if (searchList[i] != null && replacementList[i] != null) {
                int greater = replacementList[i].length() - searchList[i].length();
                if (greater > 0) {
                    increase += 3 * greater; // assume 3 matches
                }
            }
        }
        // have upper-bound at 20% increase, then let Java take over
        increase = Math.min(increase, text.length() / 5);

        StringBuilder buf = new StringBuilder(text.length() + increase);

        while (textIndex != -1) {
            for (int i = start; i < textIndex; i++) {
                buf.append(text.charAt(i));
            }
            buf.append(replacementList[replaceIndex]);

            start = textIndex + searchList[replaceIndex].length();

            textIndex = -1;
            replaceIndex = -1;
            // find the next earliest match
            for (int i = 0; i < searchList.length; i++) {
                if (noMoreMatchesForReplIndex[i] || searchList[i] == null || 
                    searchList[i].length() == 0 || replacementList[i] == null) 
                {
                    continue;
                }
                tempIndex = text.indexOf(searchList[i], start);

                // see if we need to keep searching for this
                if (tempIndex == -1) {
                    noMoreMatchesForReplIndex[i] = true;
                } else {
                    if (textIndex == -1 || tempIndex < textIndex) {
                        textIndex = tempIndex;
                        replaceIndex = i;
                    }
                }
            }
        }

        int textLength = text.length();
        for (int i = start; i < textLength; i++) {
            buf.append(text.charAt(i));
        }
        String result = buf.toString();
        if (!repeat) {
            return result;
        }

        return replaceEach(result, searchList, replacementList, repeat, timeToLive - 1);
    }
```"
0,root_c7,Lang_40_query,Lang_40,gen,1,5,10,np.nan,"```java
public static boolean containsIgnoreCase(String str, String searchStr) {
    if (str == null || searchStr == null) {
        return false;
    }
    final int len = searchStr.length();
    if (len == 0) {
        return true;
    }
    final char firstLo = Character.toLowerCase(searchStr.charAt(0));
    final char firstUp = Character.toUpperCase(searchStr.charAt(0));
    
    for (int i = str.length() - len; i >= 0; i--) {
        final char ch = str.charAt(i);
        if (ch != firstLo && ch != firstUp) {
            continue;
        }
        if (str.regionMatches(true, i, searchStr, 0, len)) {
            return true;
        }
    }
    return false;
}
```"
0,root_c7,Lang_41_query,Lang_41,gen,0,0,10,,
0,root_c7,Lang_43_query,Lang_43,gen,0,0,10,,
0,root_c7,Lang_45_query,Lang_45,gen,1,10,10,np.nan,"```java
public static String abbreviate(String str, int lower, int upper, String appendToEnd) {
    // initial parameter checks
    if (str == null) {
        return null;
    }
    if (str.length() == 0) {
        return StringUtils.EMPTY;
    }

    // if the lower value is greater than the length of the string,
    // set to the length of the string
    if (lower > str.length()) {
        lower = str.length();
    }
    // if the upper value is -1 (i.e. no limit) or is greater
    // than the length of the string, set to the length of the string
    if (upper == -1 || upper > str.length()) {
        upper = str.length();
    }
    // if upper is less than lower, raise it to lower
    if (upper < lower) {
        upper = lower;
    }

    StringBuffer result = new StringBuffer();
    int index = StringUtils.indexOf(str, "" "", lower);
    if (index == -1) {
        result.append(str.substring(0, Math.min(upper, str.length())));
        // only if abbreviation has occurred do we append the appendToEnd value
        if (upper != str.length()) {
            result.append(StringUtils.defaultString(appendToEnd));
        }
    } else if (index > upper) {
        result.append(str.substring(0, Math.min(upper, str.length())));
        result.append(StringUtils.defaultString(appendToEnd));
    } else {
        result.append(str.substring(0, Math.min(index, str.length())));
        result.append(StringUtils.defaultString(appendToEnd));
    }
    return result.toString();
}
```"
0,root_c7,Lang_47_query,Lang_47,gen,0,0,10,,
0,root_c7,Lang_51_query,Lang_51,gen,1,6,10,np.nan,"```java
public static boolean toBoolean(String str) {
        if (str == null) {
            return false;
        }
        switch (str.length()) {
            case 2: {
                char ch0 = str.charAt(0);
                char ch1 = str.charAt(1);
                return 
                    (ch0 == 'o' || ch0 == 'O') &&
                    (ch1 == 'n' || ch1 == 'N');
            }
            case 3: {
                char ch = str.charAt(0);
                if (ch == 'y' || ch == 'Y') {
                    return 
                        (str.charAt(1) == 'e' || str.charAt(1) == 'E') &&
                        (str.charAt(2) == 's' || str.charAt(2) == 'S');
                }
            }
            case 4: {
                char ch = str.charAt(0);
                if (ch == 't' || ch == 'T') {
                    return 
                        (str.charAt(1) == 'r' || str.charAt(1) == 'R') &&
                        (str.charAt(2) == 'u' || str.charAt(2) == 'U') &&
                        (str.charAt(3) == 'e' || str.charAt(3) == 'E');
                }
            }
        }
        return false;
    }
```"
0,root_c7,Lang_54_query,Lang_54,gen,1,1,10,np.nan,"```java
public static Locale toLocale(String str) {
    if (str == null) {
        return null;
    }
    if (str.isEmpty()) {
        throw new IllegalArgumentException(""Invalid locale format: "" + str);
    }
    if (str.equals(""#"")) {
        throw new IllegalArgumentException(""Invalid locale format: "" + str);
    }

    // Check if the string starts with language code
    if (str.length() < 2) {
        throw new IllegalArgumentException(""Invalid locale format: "" + str);
    }
    char ch0 = str.charAt(0);
    char ch1 = str.charAt(1);
    if (ch0 < 'a' || ch0 > 'z' || ch1 < 'a' || ch1 > 'z') {
        throw new IllegalArgumentException(""Invalid locale format: "" + str);
    }

    if (str.length() == 2) {
        return new Locale(str, """");
    }

    // Check for country code
    if (str.length() < 5) {
        throw new IllegalArgumentException(""Invalid locale format: "" + str);
    }
    if (str.charAt(2) != '_') {
        throw new IllegalArgumentException(""Invalid locale format: "" + str);
    }

    // Handle case where country code is empty (e.g. ""fr__POSIX"")
    if (str.charAt(3) == '_') {
        String language = str.substring(0, 2);
        String variant = str.substring(4);
        return new Locale(language, """", variant);
    }

    char ch3 = str.charAt(3);
    char ch4 = str.charAt(4);
    if (ch3 < 'A' || ch3 > 'Z' || ch4 < 'A' || ch4 > 'Z') {
        throw new IllegalArgumentException(""Invalid locale format: "" + str);
    }

    if (str.length() == 5) {
        return new Locale(str.substring(0, 2), str.substring(3, 5));
    }

    // Check for variant
    if (str.charAt(5) != '_') {
        throw new IllegalArgumentException(""Invalid locale format: "" + str);
    }
    return new Locale(str.substring(0, 2), str.substring(3, 5), str.substring(6));
}
```"
0,root_c7,Lang_55_query,Lang_55,gen,1,10,10,np.nan,"```java
public void stop() {
        if(this.runningState != STATE_RUNNING && this.runningState != STATE_SUSPENDED) {
            throw new IllegalStateException(""Stopwatch is not running. "");
        }
        if (this.runningState == STATE_RUNNING) {
            stopTime = System.currentTimeMillis();
        }
        this.runningState = STATE_STOPPED;
    }
```"
0,root_c7,Lang_57_query,Lang_57,gen,0,0,10,,
0,root_c7,Lang_59_query,Lang_59,gen,1,10,10,np.nan,"```java
public StrBuilder appendFixedWidthPadRight(Object obj, int width, char padChar) {
    if (width > 0) {
        ensureCapacity(size + width);
        String str = (obj == null ? getNullText() : obj.toString());
        int strLen = str.length();
        if (strLen >= width) {
            str.getChars(0, width, buffer, size);  // Only copy up to width chars
        } else {
            int padLen = width - strLen;
            str.getChars(0, strLen, buffer, size);
            for (int i = 0; i < padLen; i++) {
                buffer[size + strLen + i] = padChar;
            }
        }
        size += width;
    }
    return this;
}
```"
0,root_c7,Lang_5_query,Lang_5,gen,1,7,10,np.nan,"```java
public static Locale toLocale(final String str) {
    if (str == null) {
        return null;
    }
    if (str.isEmpty()) {
        throw new IllegalArgumentException(""Invalid locale format: "" + str);
    }
    if (str.startsWith(""_"")) {
        if (str.length() < 3) {
            throw new IllegalArgumentException(""Invalid locale format: "" + str);
        }
        final char ch1 = str.charAt(1);
        final char ch2 = str.charAt(2);
        if (!Character.isUpperCase(ch1) || !Character.isUpperCase(ch2)) {
            throw new IllegalArgumentException(""Invalid locale format: "" + str);
        }
        if (str.length() == 3) {
            return new Locale("""", str.substring(1, 3));
        }
        if (str.length() < 5) {
            throw new IllegalArgumentException(""Invalid locale format: "" + str);
        }
        if (str.charAt(3) != '_') {
            throw new IllegalArgumentException(""Invalid locale format: "" + str);
        }
        return new Locale("""", str.substring(1, 3), str.substring(4));
    }

    final int len = str.length();
    if (len < 2) {
        throw new IllegalArgumentException(""Invalid locale format: "" + str);
    }
    final char ch0 = str.charAt(0);
    final char ch1 = str.charAt(1);
    if (!Character.isLowerCase(ch0) || !Character.isLowerCase(ch1)) {
        throw new IllegalArgumentException(""Invalid locale format: "" + str);
    }
    if (len == 2) {
        return new Locale(str);
    }
    if (len < 5) {
        throw new IllegalArgumentException(""Invalid locale format: "" + str);
    }
    if (str.charAt(2) != '_') {
        throw new IllegalArgumentException(""Invalid locale format: "" + str);
    }
    final char ch3 = str.charAt(3);
    if (ch3 == '_') {
        return new Locale(str.substring(0, 2), """", str.substring(4));
    }
    final char ch4 = str.charAt(4);
    if (!Character.isUpperCase(ch3) || !Character.isUpperCase(ch4)) {
        throw new IllegalArgumentException(""Invalid locale format: "" + str);
    }
    if (len == 5) {
        return new Locale(str.substring(0, 2), str.substring(3, 5));
    }
    if (len < 7) {
        throw new IllegalArgumentException(""Invalid locale format: "" + str);
    }
    if (str.charAt(5) != '_') {
        throw new IllegalArgumentException(""Invalid locale format: "" + str);
    }
    return new Locale(str.substring(0, 2), str.substring(3, 5), str.substring(6));
}
```"
0,root_c7,Lang_60_query,Lang_60,gen,1,10,10,np.nan,"```java
public int indexOf(char ch, int startIndex) {
        startIndex = (startIndex < 0 ? 0 : startIndex);
        if (startIndex >= size) {
            return -1;
        }
        char[] thisBuf = buffer;
        for (int i = startIndex; i < size; i++) {
            if (thisBuf[i] == ch) {
                return i;
            }
        }
        return -1;
    }
```

```java
public boolean contains(char ch) {
        char[] thisBuf = buffer;
        for (int i = 0; i < size; i++) {
            if (thisBuf[i] == ch) {
                return true;
            }
        }
        return false;
    }
```"
0,root_c7,Lang_61_query,Lang_61,gen,1,10,10,np.nan,"```java
public int indexOf(String str, int startIndex) {
        startIndex = (startIndex < 0 ? 0 : startIndex);
        if (str == null || startIndex >= size) {
            return -1;
        }
        int strLen = str.length();
        if (strLen == 1) {
            return indexOf(str.charAt(0), startIndex);
        }
        if (strLen == 0) {
            return startIndex;
        }
        if (strLen > size) {
            return -1;
        }
        char[] thisBuf = buffer;
        int len = size - strLen + 1;
        outer:
        for (int i = startIndex; i < len; i++) {
            for (int j = 0; j < strLen; j++) {
                if (str.charAt(j) != thisBuf[i + j]) {
                    continue outer;
                }
            }
            return i;
        }
        return -1;
    }
```"
0,root_c7,Lang_64_query,Lang_64,gen,1,10,10,np.nan,"```java
public int compareTo(Object other) {
        if (other.getClass() != this.getClass()) {
            throw new ClassCastException(""Different enum class"");
        }
        return iValue - ((ValuedEnum) other).iValue;
    }
```"
0,root_c7,Math_34_query,Math_34,gen,1,10,10,np.nan,"```java
public Iterator<Chromosome> iterator() {
        return Collections.unmodifiableList(chromosomes).iterator();
    }
```"
0,root_c7,Math_56_query,Math_56,gen,0,0,10,,
0,root_c7,Math_89_query,Math_89,gen,1,10,10,np.nan,"```java
@Deprecated
    public void addValue(Object v) {
        if (!(v instanceof Comparable)) {
            throw new IllegalArgumentException(""Object must implement Comparable"");
        }
        addValue((Comparable<?>) v);            
    }
```"
0,root_c7,Math_90_query,Math_90,gen,0,0,10,,
0,root_c7,Math_9_query,Math_9,gen,0,0,10,,
0,root_c7,Mockito_11_query,Mockito_11,gen,0,0,10,,
0,root_c7,Mockito_13_query,Mockito_13,gen,1,10,10,np.nan,"```java
public Object handle(Invocation invocation) throws Throwable {
    if (invocationContainerImpl.hasAnswersForStubbing()) {
        // stubbing voids with stubVoid() or doAnswer() style
        InvocationMatcher invocationMatcher = matchersBinder.bindMatchers(mockingProgress
                        .getArgumentMatcherStorage(), invocation);
        invocationContainerImpl.setMethodForStubbing(invocationMatcher);
        return null;
    }
    VerificationMode verificationMode = mockingProgress.pullVerificationMode();

    InvocationMatcher invocationMatcher = matchersBinder.bindMatchers(mockingProgress.getArgumentMatcherStorage(),
                    invocation);

    mockingProgress.validateState();

    //if verificationMode is not null then someone is doing verify()        
    if (verificationMode != null) {
        //We need to check if verification was started on the correct mock 
        // - see VerifyingWithAnExtraCallToADifferentMockTest (bug 138)
        if (verificationMode instanceof MockAwareVerificationMode && ((MockAwareVerificationMode) verificationMode).getMock() == invocation.getMock()) {                
            VerificationDataImpl data = new VerificationDataImpl(invocationContainerImpl, invocationMatcher);            
            verificationMode.verify(data);
            return null;
        } else {
            // this means there is an invocation on a different mock. Re-adding verification mode 
            // - see VerifyingWithAnExtraCallToADifferentMockTest (bug 138)
            mockingProgress.verificationStarted(verificationMode);
        }
    }
    
    invocationContainerImpl.setInvocationForPotentialStubbing(invocationMatcher);
    OngoingStubbingImpl<T> ongoingStubbing = new OngoingStubbingImpl<T>(invocationContainerImpl);
    mockingProgress.reportOngoingStubbing(ongoingStubbing);

    StubbedInvocationMatcher stubbedInvocation = invocationContainerImpl.findAnswerFor(invocation);

    if (stubbedInvocation != null) {
        stubbedInvocation.captureArgumentsFrom(invocation);
        return stubbedInvocation.answer(invocation);
    } else {
        Object ret = mockSettings.getDefaultAnswer().answer(invocation);

        // redo setting invocation for potential stubbing in case of partial
        // mocks / spies.
        // Without it, the real method inside 'when' might have delegated
        // to other self method and overwrite the intended stubbed method
        // with a different one. The reset is required to avoid runtime exception that validates return type with stubbed method signature.
        invocationContainerImpl.resetInvocationForPotentialStubbing(invocationMatcher);
        return ret;
    }
}
```"
0,root_c7,Mockito_16_query,Mockito_16,gen,0,0,10,,
0,root_c7,Mockito_18_query,Mockito_18,gen,0,0,10,,
0,root_c7,Mockito_1_query,Mockito_1,gen,0,0,10,,
0,root_c7,Mockito_24_query,Mockito_24,gen,1,10,10,np.nan,"```java
public Object answer(InvocationOnMock invocation) {
        if (methodsGuru.isToString(invocation.getMethod())) {
            Object mock = invocation.getMock();
            MockName name = mockUtil.getMockName(mock);
            if (name.isDefault()) {
                return ""Mock for "" + mockUtil.getMockSettings(mock).getTypeToMock().getSimpleName() + "", hashCode: "" + mock.hashCode();
            } else {
                return name.toString();
            }
        } else if (methodsGuru.isCompareToMethod(invocation.getMethod())) {
            Object mock = invocation.getMock();
            Object arg = invocation.getArguments()[0];
            // Return 0 if comparing to self, otherwise 1 to maintain consistency with equals
            return mock == arg ? 0 : 1;
        }
        
        Class<?> returnType = invocation.getMethod().getReturnType();
        return returnValueFor(returnType);
    }
```"
0,root_c7,Mockito_27_query,Mockito_27,gen,0,0,10,,
0,root_c7,Mockito_29_query,Mockito_29,gen,1,10,10,np.nan,"```java
public void describeTo(Description description) {
        description.appendText(""same("");
        appendQuoting(description);
        if (wanted != null) {
            description.appendText(wanted.toString());
        } else {
            description.appendText(""null"");
        }
        appendQuoting(description);
        description.appendText("")"");
    }
```"
0,root_c7,Mockito_30_query,Mockito_30,gen,1,1,10,np.nan,"```java
public Object intercept(Object obj, Method method, Object[] args, MethodProxy proxy) throws Throwable {
            if (new ObjectMethodsGuru().isToString(method)) {
                return ""SmartNull returned by unstubbed "" + formatMethodCall()  + "" method on mock"";
            }

            new Reporter().smartNullPointerException(location, args);
            return null;
        }
```

```java
public void smartNullPointerException(Location location, Object[] args) {
        throw new SmartNullPointerException(join(
                ""You have a NullPointerException here:"",
                new Location(),
                ""Because this method was *not* stubbed correctly:"",
                location,
                """",
                ""Arguments passed to this method: "" + Arrays.toString(args)
                ));
    }
```"
0,root_c7,Mockito_33_query,Mockito_33,gen,0,0,10,,
0,root_c7,Mockito_34_query,Mockito_34,gen,1,7,10,np.nan,"```java
public void captureArgumentsFrom(Invocation i) {
        int k = 0;
        Object[] arguments = i.getArguments();
        for (Matcher m : matchers) {
            if (m instanceof CapturesArguments) {
                if (k < arguments.length) {
                    ((CapturesArguments) m).captureFrom(arguments[k]);
                }
            }
            k++;
        }
    }
```"
0,root_c7,Mockito_35_query,Mockito_35,gen,0,0,10,,
0,root_c7,Mockito_37_query,Mockito_37,gen,0,0,10,,
0,root_c7,Mockito_38_query,Mockito_38,gen,1,10,10,np.nan,"```java
private boolean toStringEquals(Matcher m, Object arg) {
        if (arg == null) {
            return false;
        }
        return StringDescription.toString(m).equals(arg.toString());
    }
```"
0,root_c7,Mockito_3_query,Mockito_3,gen,0,0,10,,
0,root_c7,Mockito_4_query,Mockito_4,gen,0,0,10,,
0,root_c7,Mockito_5_query,Mockito_5,gen,0,0,10,,
0,root_c7,Mockito_6_query,Mockito_6,gen,0,0,10,,
0,root_c8,Closure_133_query,Closure_133,sr,0,0,10,,
0,root_c8,Closure_32_query,Closure_32,sr,0,0,10,,
0,root_c8,Closure_44_query,Closure_44,sr,1,7,10,,
0,root_c8,Closure_65_query,Closure_65,sr,1,10,10,,
0,root_c8,Closure_73_query,Closure_73,sr,1,10,10,,
0,root_c8,Closure_77_query,Closure_77,sr,1,10,10,,
0,root_c8,Jsoup_10_query,Jsoup_10,sr,1,10,10,,
0,root_c8,Jsoup_11_query,Jsoup_11,sr,0,0,10,,
0,root_c8,Jsoup_12_query,Jsoup_12,sr,0,0,10,,
0,root_c8,Jsoup_13_query,Jsoup_13,sr,0,0,10,,
0,root_c8,Jsoup_14_query,Jsoup_14,sr,0,0,10,,
0,root_c8,Jsoup_15_query,Jsoup_15,sr,1,4,10,,
0,root_c8,Jsoup_18_query,Jsoup_18,sr,1,1,10,,
0,root_c8,Jsoup_19_query,Jsoup_19,sr,0,0,10,,
0,root_c8,Jsoup_1_query,Jsoup_1,sr,1,8,10,,
0,root_c8,Jsoup_20_query,Jsoup_20,sr,1,10,10,,
0,root_c8,Jsoup_21_query,Jsoup_21,sr,0,0,10,,
0,root_c8,Jsoup_22_query,Jsoup_22,sr,0,0,10,,
0,root_c8,Jsoup_23_query,Jsoup_23,sr,0,0,8,,
0,root_c8,Jsoup_24_query,Jsoup_24,sr,1,1,10,,
0,root_c8,Jsoup_26_query,Jsoup_26,sr,1,10,10,,
0,root_c8,Jsoup_27_query,Jsoup_27,sr,0,0,10,,
0,root_c8,Jsoup_2_query,Jsoup_2,sr,0,0,10,,
0,root_c8,Jsoup_32_query,Jsoup_32,sr,1,5,10,,
0,root_c8,Jsoup_33_query,Jsoup_33,sr,0,0,10,,
0,root_c8,Jsoup_34_query,Jsoup_34,sr,1,10,10,,
0,root_c8,Jsoup_35_query,Jsoup_35,sr,0,0,10,,
0,root_c8,Jsoup_37_query,Jsoup_37,sr,0,0,10,,
0,root_c8,Jsoup_38_query,Jsoup_38,sr,0,0,10,,
0,root_c8,Jsoup_39_query,Jsoup_39,sr,1,8,10,,
0,root_c8,Jsoup_40_query,Jsoup_40,sr,1,9,10,,
0,root_c8,Jsoup_41_query,Jsoup_41,sr,1,3,10,,
0,root_c8,Jsoup_42_query,Jsoup_42,sr,0,0,6,,
0,root_c8,Jsoup_43_query,Jsoup_43,sr,0,0,5,,
0,root_c8,Jsoup_44_query,Jsoup_44,sr,0,0,5,,
0,root_c8,Jsoup_45_query,Jsoup_45,sr,1,5,5,,
0,root_c8,Jsoup_46_query,Jsoup_46,sr,1,5,5,,
0,root_c8,Jsoup_47_query,Jsoup_47,sr,0,0,5,,
0,root_c8,Jsoup_49_query,Jsoup_49,sr,0,0,5,,
0,root_c8,Jsoup_50_query,Jsoup_50,sr,0,0,5,,
0,root_c8,Jsoup_51_query,Jsoup_51,sr,1,4,5,,
0,root_c8,Jsoup_53_query,Jsoup_53,sr,0,0,6,,
0,root_c8,Jsoup_54_query,Jsoup_54,sr,1,5,10,,
0,root_c8,Jsoup_55_query,Jsoup_55,sr,0,0,10,,
0,root_c8,Jsoup_57_query,Jsoup_57,sr,1,8,10,,
0,root_c8,Jsoup_59_query,Jsoup_59,sr,1,8,10,,
0,root_c8,Jsoup_5_query,Jsoup_5,sr,0,0,10,,
0,root_c8,Jsoup_60_query,Jsoup_60,sr,1,6,10,,
0,root_c8,Jsoup_61_query,Jsoup_61,sr,1,8,10,,
0,root_c8,Jsoup_62_query,Jsoup_62,sr,0,0,10,,
0,root_c8,Jsoup_64_query,Jsoup_64,sr,0,0,10,,
0,root_c8,Jsoup_65_query,Jsoup_65,sr,0,0,10,,
0,root_c8,Jsoup_68_query,Jsoup_68,sr,1,10,10,,
0,root_c8,Jsoup_6_query,Jsoup_6,sr,1,4,9,,
0,root_c8,Jsoup_70_query,Jsoup_70,sr,1,10,10,,
0,root_c8,Jsoup_72_query,Jsoup_72,sr,1,2,10,,
0,root_c8,Jsoup_74_query,Jsoup_74,sr,1,1,10,,
0,root_c8,Jsoup_75_query,Jsoup_75,sr,1,4,10,,
0,root_c8,Jsoup_76_query,Jsoup_76,sr,0,0,10,,
0,root_c8,Jsoup_77_query,Jsoup_77,sr,1,9,10,,
0,root_c8,Jsoup_80_query,Jsoup_80,sr,1,1,10,,
0,root_c8,Jsoup_82_query,Jsoup_82,sr,1,3,10,,
0,root_c8,Jsoup_83_query,Jsoup_83,sr,0,0,10,,
0,root_c8,Jsoup_84_query,Jsoup_84,sr,0,0,10,,
0,root_c8,Jsoup_85_query,Jsoup_85,sr,1,10,10,,
0,root_c8,Jsoup_86_query,Jsoup_86,sr,0,0,10,,
0,root_c8,Jsoup_88_query,Jsoup_88,sr,1,10,10,,
0,root_c8,Jsoup_8_query,Jsoup_8,sr,0,0,10,,
0,root_c8,Jsoup_93_query,Jsoup_93,sr,1,9,10,,
0,root_c8,JxPath_12_query,JxPath_12,sr,0,0,10,,
0,root_c8,JxPath_16_query,JxPath_16,sr,0,0,10,,
0,root_c8,JxPath_19_query,JxPath_19,sr,0,0,5,,
0,root_c8,JxPath_1_query,JxPath_1,sr,0,0,10,,
0,root_c8,JxPath_22_query,JxPath_22,sr,0,0,10,,
0,root_c8,Lang_17_query,Lang_17,sr,0,0,10,,
0,root_c8,Lang_19_query,Lang_19,sr,0,0,10,,
0,root_c8,Lang_28_query,Lang_28,sr,1,5,10,,
0,root_c8,Lang_42_query,Lang_42,sr,1,4,10,,
0,root_c8,Lang_46_query,Lang_46,sr,0,0,10,,
0,root_c8,Lang_52_query,Lang_52,sr,1,2,5,,
0,root_c8,Lang_62_query,Lang_62,sr,1,1,10,,
0,root_c8,Lang_6_query,Lang_6,sr,1,1,10,,
0,root_c9,Gson_11_query,Gson_11,gen,0,0,10,,
0,root_c9,Gson_12_query,Gson_12,gen,1,10,10,np.nan,"```java
@Override public void skipValue() throws IOException {
    if (peek() == JsonToken.NAME) {
      nextName();
      if (stackSize > 1) {
        pathNames[stackSize - 2] = ""null"";
      }
    } else {
      popStack();
      if (stackSize > 0) {
        pathNames[stackSize - 1] = ""null"";
      }
    }
    if (stackSize > 0) {
      pathIndices[stackSize - 1]++;
    }
  }
```"
0,root_c9,Gson_15_query,Gson_15,gen,1,9,10,np.nan,"```java
public JsonWriter value(double value) throws IOException {
    writeDeferredName();
    if (!lenient && (Double.isNaN(value) || Double.isInfinite(value))) {
      throw new IllegalArgumentException(""Numeric values must be finite, but was "" + value);
    }
    beforeValue();
    out.append(Double.toString(value));
    return this;
  }
```"
0,root_c9,Gson_17_query,Gson_17,gen,0,0,10,,
0,root_c9,Gson_4_query,Gson_4,gen,0,0,10,,
0,root_c9,Gson_7_query,Gson_7,gen,0,0,10,,
0,root_c9,Gson_9_query,Gson_9,gen,0,0,10,,
0,root_c9,JacksonCore_12_query,JacksonCore_12,gen,0,0,10,,
0,root_c9,JacksonCore_15_query,JacksonCore_15,gen,0,0,10,,
0,root_c9,JacksonCore_17_query,JacksonCore_17,gen,1,8,10,np.nan,"```java
private final int _outputRawMultiByteChar(int ch, char[] cbuf, int inputOffset, int inputEnd)
        throws IOException
    {
        // Let's handle surrogates gracefully (as 4 byte output):
        if (ch >= SURR1_FIRST && ch <= SURR1_LAST) { // first part?
            // Do we have second part?
            if (inputOffset >= inputEnd || cbuf == null) { // nope... have to note down
                _reportError(""Split surrogate on writeRaw() input (last character)"");
                return inputOffset;
            }
            _outputSurrogates(ch, cbuf[inputOffset]);
            return inputOffset+1;
        }
        if (ch >= SURR2_FIRST && ch <= SURR2_LAST) { // second part without first?
            _reportError(""Split surrogate on writeRaw() input (first character missing)"");
            return inputOffset;
        }
        final byte[] bbuf = _outputBuffer;
        bbuf[_outputTail++] = (byte) (0xe0 | (ch >> 12));
        bbuf[_outputTail++] = (byte) (0x80 | ((ch >> 6) & 0x3f));
        bbuf[_outputTail++] = (byte) (0x80 | (ch & 0x3f));
        return inputOffset;
    }
```

```java
@Override
    public void writeRaw(String text, int offset, int len) throws IOException
    {
        final char[] buf = _charBuffer;
        final int bufLen = buf.length;

        while (len > 0) {
            int len2 = Math.min(bufLen, len);
            text.getChars(offset, offset+len2, buf, 0);
            // Check if last character is first part of surrogate pair
            if (len2 < len && len2 > 0) {
                char c = buf[len2-1];
                if (c >= SURR1_FIRST && c <= SURR1_LAST) {
                    // If so, don't write it yet - wait for the pair
                    len2--;
                }
            }
            writeRaw(buf, 0, len2);
            offset += len2;
            len -= len2;
        }
    }
```"
0,root_c9,JacksonCore_20_query,JacksonCore_20,gen,1,10,10,np.nan,"```java
public void writeEmbeddedObject(Object object) throws IOException {
    if (object == null) {
        writeNull();
        return;
    }
    if (object instanceof byte[]) {
        writeBinary((byte[]) object);
        return;
    }
    throw new JsonGenerationException(""No native support for writing embedded objects of type ""
            + object.getClass().getName(), this);
}
```"
0,root_c9,JacksonCore_21_query,JacksonCore_21,gen,0,0,10,,
0,root_c9,JacksonCore_22_query,JacksonCore_22,gen,0,0,10,,
0,root_c9,JacksonCore_25_query,JacksonCore_25,gen,1,10,10,np.nan,"```java
private String _handleOddName2(int startPtr, int hash, int[] codes) throws IOException
    {
        _textBuffer.resetWithShared(_inputBuffer, startPtr, (_inputPtr - startPtr));
        char[] outBuf = _textBuffer.getCurrentSegment();
        int outPtr = _textBuffer.getCurrentSegmentSize();
        final int maxCode = codes.length - 1; // Adjust for 0-based index

        while (true) {
            if (_inputPtr >= _inputEnd) {
                if (!_loadMore()) { // acceptable for now (will error out later)
                    break;
                }
            }
            char c = _inputBuffer[_inputPtr];
            int i = (int) c;
            if (i <= maxCode && i >= 0) { // Add bounds check
                if (codes[i] != 0) {
                    break;
                }
            } else if (!Character.isJavaIdentifierPart(c)) {
                break;
            }
            ++_inputPtr;
            hash = (hash * CharsToNameCanonicalizer.HASH_MULT) + i;
            // Ok, let's add char to output:
            outBuf[outPtr++] = c;

            // Need more room?
            if (outPtr >= outBuf.length) {
                outBuf = _textBuffer.finishCurrentSegment();
                outPtr = 0;
            }
        }
        _textBuffer.setCurrentLength(outPtr);
        {
            TextBuffer tb = _textBuffer;
            char[] buf = tb.getTextBuffer();
            int start = tb.getTextOffset();
            int len = tb.size();

            return _symbols.findSymbol(buf, start, len, hash);
        }
    }
```"
0,root_c9,JacksonCore_26_query,JacksonCore_26,gen,0,0,10,,
0,root_c9,JacksonCore_3_query,JacksonCore_3,gen,0,0,10,,
0,root_c9,JacksonCore_7_query,JacksonCore_7,gen,0,0,10,,
0,root_c9,JacksonCore_9_query,JacksonCore_9,gen,0,0,10,,
0,root_c9,JacksonDatabind_100_query,JacksonDatabind_100,gen,1,2,10,np.nan,"```java
@Override
public byte[] getBinaryValue(Base64Variant b64variant)
    throws IOException, JsonParseException
{
    // Multiple possibilities...
    JsonNode n = currentNode();
    if (n != null) {
        // [databind#2096]: although `binaryValue()` works for real binary node
        // and embedded ""POJO"" node, coercion from TextNode may require variant, so:
        if (n.isBinary()) {
            return n.binaryValue();
        }
        if (n.isTextual()) {
            return b64variant.decode(n.textValue());
        }
        if (n.isPojo()) {
            Object ob = ((POJONode) n).getPojo();
            if (ob instanceof byte[]) {
                return (byte[]) ob;
            }
        }
    }
    // otherwise return null to mark we have no binary content
    return null;
}
```"
0,root_c9,JacksonDatabind_101_query,JacksonDatabind_101,gen,1,1,10,np.nan,"```java
@SuppressWarnings(""resource"")
protected Object deserializeUsingPropertyBasedWithUnwrapped(JsonParser p, DeserializationContext ctxt)
    throws IOException
{
    final PropertyBasedCreator creator = _propertyBasedCreator;
    PropertyValueBuffer buffer = creator.startBuilding(p, ctxt, _objectIdReader);

    TokenBuffer tokens = new TokenBuffer(p, ctxt);
    tokens.writeStartObject();

    JsonToken t = p.getCurrentToken();
    for (; t == JsonToken.FIELD_NAME; t = p.nextToken()) {
        String propName = p.getCurrentName();
        p.nextToken(); // to point to value
        // creator property?
        SettableBeanProperty creatorProp = creator.findCreatorProperty(propName);
        if (creatorProp != null) {
            // Last creator property to set?
            if (buffer.assignParameter(creatorProp,
                    _deserializeWithErrorWrapping(p, ctxt, creatorProp))) {
                t = p.nextToken(); // to move to following FIELD_NAME/END_OBJECT
                Object bean;
                try {
                    bean = creator.build(ctxt, buffer);
                } catch (Exception e) {
                    bean = wrapInstantiationProblem(e, ctxt);
                }
                // [databind#631]: Assign current value, to be accessible by custom serializers
                p.setCurrentValue(bean);
                // if so, need to copy all remaining tokens into buffer
                while (t == JsonToken.FIELD_NAME) {
                    // NOTE: do NOT skip name as it needs to be copied; `copyCurrentStructure` does that
                    p.nextToken();
                    tokens.copyCurrentStructure(p);
                    t = p.nextToken();
                }
                tokens.writeEndObject();
                if (bean.getClass() != _beanType.getRawClass()) {
                    ctxt.reportInputMismatch(creatorProp,
                            ""Cannot create polymorphic instances with unwrapped values"");
                    return null;
                }
                return _unwrappedPropertyHandler.processUnwrapped(p, ctxt, bean, tokens);
            }
            continue;
        }
        // Object Id property?
        if (buffer.readIdProperty(propName)) {
            continue;
        }
        // regular property? needs buffering
        SettableBeanProperty prop = _beanProperties.find(propName);
        if (prop != null) {
            buffer.bufferProperty(prop, _deserializeWithErrorWrapping(p, ctxt, prop));
            continue;
        }
        // Things marked as ignorable should not be passed to any setter
        if (_ignorableProps != null && _ignorableProps.contains(propName)) {
            handleIgnoredProperty(p, ctxt, handledType(), propName);
            continue;
        }
        // how about any setter? We'll get copies but...
        if (_anySetter == null) {
            // but... others should be passed to unwrapped property deserializers
            tokens.writeFieldName(propName);
            tokens.copyCurrentStructure(p);
        } else {
            // Need to copy to a separate buffer first
            TokenBuffer b2 = TokenBuffer.asCopyOfValue(p);
            tokens.writeFieldName(propName);
            tokens.append(b2);
            try {
                buffer.bufferAnyProperty(_anySetter, propName,
                        _anySetter.deserialize(b2.asParserOnFirstToken(), ctxt));
            } catch (Exception e) {
                wrapAndThrow(e, _beanType.getRawClass(), propName, ctxt);
            }
        }
    }

    // We hit END_OBJECT, so:
    Object bean;
    try {
        bean = creator.build(ctxt, buffer);
    } catch (Exception e) {
        wrapInstantiationProblem(e, ctxt);
        return null;
    }
    return _unwrappedPropertyHandler.processUnwrapped(p, ctxt, bean, tokens);
}
```"
0,root_c9,JacksonDatabind_102_query,JacksonDatabind_102,gen,0,0,10,,
0,root_c9,JacksonDatabind_106_query,JacksonDatabind_106,gen,0,0,10,,
0,root_c9,JacksonDatabind_108_query,JacksonDatabind_108,gen,1,10,10,np.nan,"```java
@SuppressWarnings(""unchecked"")
    @Override
    public <T extends TreeNode> T readTree(JsonParser p) throws IOException {
        if (p.nextToken() == null) {
            return null;
        }
        return (T) _bindAsTree(p);
    }
```"
0,root_c9,JacksonDatabind_13_query,JacksonDatabind_13,gen,1,9,10,np.nan,"```java
@Override
public Object deserializeSetAndReturn(JsonParser jp,
        DeserializationContext ctxt, Object instance) throws IOException
{
    Object id = _valueDeserializer.deserialize(jp, ctxt);
    
    // Allow null id as per [databind#742]
    if (id == null) {
        return instance;
    }
    
    ReadableObjectId roid = ctxt.findObjectId(id, _objectIdReader.generator, _objectIdReader.resolver);
    roid.bindItem(instance);
    // also: may need to set a property value as well
    SettableBeanProperty idProp = _objectIdReader.idProperty;
    if (idProp != null) {
        return idProp.setAndReturn(instance, id);
    }
    return instance;
}
```

```java
@Override
public ReadableObjectId findObjectId(Object id, ObjectIdGenerator<?> gen, ObjectIdResolver resolverType)
{
    // Allow null id as per [databind#742]
    if (id == null) {
        return null;
    }

    final ObjectIdGenerator.IdKey key = gen.key(id);

    if (_objectIds == null) {
        _objectIds = new LinkedHashMap<ObjectIdGenerator.IdKey,ReadableObjectId>();
    } else {
        ReadableObjectId entry = _objectIds.get(key);
        if (entry != null) {
            return entry;
        }
    }

    // Not seen yet, must create entry and configure resolver.
    ObjectIdResolver resolver = null;

    if (_objectIdResolvers == null) {
        _objectIdResolvers = new ArrayList<ObjectIdResolver>(8);
    } else {
        for (ObjectIdResolver res : _objectIdResolvers) {
            if (res.canUseFor(resolverType)) {
                resolver = res;
                break;
            }
        }
    }

    if (resolver == null) {
        resolver = resolverType.newForDeserialization(this);
        _objectIdResolvers.add(resolver);
    }

    ReadableObjectId entry = new ReadableObjectId(key);
    entry.setResolver(resolver);
    _objectIds.put(key, entry);
    return entry;
}
```"
0,root_c9,JacksonDatabind_14_query,JacksonDatabind_14,gen,0,0,10,,
0,root_c9,JacksonDatabind_1_query,JacksonDatabind_1,gen,1,8,10,np.nan,"```java
public void serializeAsColumn(Object bean, JsonGenerator jgen, SerializerProvider prov)
        throws Exception
    {
        Object value = get(bean);
        if (value == null) { // nulls need specialized handling
            if (_nullSerializer != null) {
                _nullSerializer.serialize(null, jgen, prov);
            } else { // can NOT suppress entries in tabular output
                jgen.writeNull();
            }
            return;
        }
        // otherwise find serializer to use
        JsonSerializer<Object> ser = _serializer;
        if (ser == null) {
            Class<?> cls = value.getClass();
            PropertySerializerMap map = _dynamicSerializers;
            ser = map.serializerFor(cls);
            if (ser == null) {
                ser = _findAndAddDynamic(map, cls, prov);
            }
        }
        // and then see if we must suppress certain values (default, empty)
        if (_suppressableValue != null) {
            if (MARKER_FOR_EMPTY == _suppressableValue) {
                if (ser.isEmpty(value)) { // can NOT suppress entries in tabular output
                    serializeAsPlaceholder(bean, jgen, prov);
                    return;
                }
            } else if (_suppressableValue.equals(value)) { // can NOT suppress entries in tabular output
                serializeAsPlaceholder(bean, jgen, prov);
                return;
            }
        }
        // For non-nulls: simple check for direct cycles
        if (value == bean) {
            _handleSelfReference(bean, ser);
        }
        if (_typeSerializer == null) {
            ser.serialize(value, jgen, prov);
        } else {
            ser.serializeWithType(value, jgen, prov, _typeSerializer);
        }
    }
```"
0,root_c9,JacksonDatabind_24_query,JacksonDatabind_24,gen,1,8,10,np.nan,"```java
public BaseSettings withDateFormat(DateFormat df) {
        if (_dateFormat == df) {
            return this;
        }
        TimeZone tz = (df == null) ? _timeZone : _timeZone; // Keep original timezone instead of getting from DateFormat
        return new BaseSettings(_classIntrospector, _annotationIntrospector, _visibilityChecker, _propertyNamingStrategy, _typeFactory,
                _typeResolverBuilder, df, _handlerInstantiator, _locale,
                tz, _defaultBase64);
    }
```"
0,root_c9,JacksonDatabind_28_query,JacksonDatabind_28,gen,1,7,10,np.nan,"```java
@Override
public ObjectNode deserialize(JsonParser p, DeserializationContext ctxt) throws IOException
{
    if (p.getCurrentToken() == JsonToken.START_OBJECT) {
        p.nextToken();
        return deserializeObject(p, ctxt, ctxt.getNodeFactory());
    }
    // Handle both FIELD_NAME and END_OBJECT cases for empty objects
    if (p.getCurrentToken() == JsonToken.FIELD_NAME || p.getCurrentToken() == JsonToken.END_OBJECT) {
        return ctxt.getNodeFactory().objectNode();
    }
    throw ctxt.mappingException(ObjectNode.class);
}
```"
0,root_c9,JacksonDatabind_29_query,JacksonDatabind_29,gen,1,1,10,np.nan,"```java
@SuppressWarnings(""resource"")
    protected final void _deserializeAndSet(JsonParser p, DeserializationContext ctxt,
            Object bean, int index, String typeId) throws IOException
    {
        JsonParser p2 = _tokens[index].asParser(p);
        JsonToken t = p2.nextToken();
        TokenBuffer merged = new TokenBuffer(p);
        merged.writeStartArray();
        merged.writeString(typeId);
        
        if (t == JsonToken.VALUE_NULL) {
            merged.writeNull();
        } else {
            merged.copyCurrentStructure(p2);
        }
        
        merged.writeEndArray();
        JsonParser mp = merged.asParser(p);
        mp.nextToken();
        _properties[index].getProperty().deserializeAndSet(mp, ctxt, bean);
    }
```

```java
@SuppressWarnings(""resource"")
    protected final Object _deserialize(JsonParser p, DeserializationContext ctxt,
            int index, String typeId) throws IOException
    {
        JsonParser p2 = _tokens[index].asParser(p);
        JsonToken t = p2.nextToken();
        TokenBuffer merged = new TokenBuffer(p);
        merged.writeStartArray();
        merged.writeString(typeId);
        
        if (t == JsonToken.VALUE_NULL) {
            merged.writeNull();
        } else {
            merged.copyCurrentStructure(p2);
        }
        
        merged.writeEndArray();
        JsonParser mp = merged.asParser(p);
        mp.nextToken();
        return _properties[index].getProperty().deserialize(mp, ctxt);
    }
```"
0,root_c9,JacksonDatabind_2_query,JacksonDatabind_2,gen,0,0,10,,
0,root_c9,JacksonDatabind_31_query,JacksonDatabind_31,gen,0,0,10,,
0,root_c9,JacksonDatabind_32_query,JacksonDatabind_32,gen,0,0,10,,
0,root_c9,JacksonDatabind_34_query,JacksonDatabind_34,gen,1,9,10,np.nan,"```java
@Override
public void acceptJsonFormatVisitor(JsonFormatVisitorWrapper visitor, JavaType typeHint) throws JsonMappingException
{
    if (_isInt) {
        visitIntFormat(visitor, typeHint, JsonParser.NumberType.BIG_INTEGER);
    } else {
        Class<?> h = handledType();
        if (h == BigDecimal.class) {
            visitFloatFormat(visitor, typeHint, JsonParser.NumberType.BIG_DECIMAL);
        } else {
            // otherwise bit unclear what to call... but let's try:
            /*JsonNumberFormatVisitor v2 =*/ visitor.expectNumberFormat(typeHint);
        }
    }
}
```"
0,root_c9,JacksonDatabind_39_query,JacksonDatabind_39,gen,0,0,10,,
0,root_c9,JacksonDatabind_3_query,JacksonDatabind_3,gen,1,5,10,np.nan,"```java
protected final String[] _deserializeCustom(JsonParser jp, DeserializationContext ctxt) throws IOException
    {
        final ObjectBuffer buffer = ctxt.leaseObjectBuffer();
        Object[] chunk = buffer.resetAndStart();
        final JsonDeserializer<String> deser = _elementDeserializer;
        
        int ix = 0;
        JsonToken t;
        
        while ((t = jp.nextToken()) != JsonToken.END_ARRAY) {
            // Ok: no need to convert Strings, but must recognize nulls
            String value = (t == JsonToken.VALUE_NULL) ? null : deser.deserialize(jp, ctxt);
            if (value == null && _elementDeserializer != null) {
                value = _elementDeserializer.getNullValue(ctxt);
            }
            if (ix >= chunk.length) {
                chunk = buffer.appendCompletedChunk(chunk);
                ix = 0;
            }
            chunk[ix++] = value;
        }
        String[] result = buffer.completeAndClearBuffer(chunk, ix, String.class);
        ctxt.returnObjectBuffer(buffer);
        return result;
    }
```

```java
@Override
    public String[] deserialize(JsonParser jp, DeserializationContext ctxt) throws IOException
    {
        // Ok: must point to START_ARRAY (or equivalent)
        if (!jp.isExpectedStartArrayToken()) {
            return handleNonArray(jp, ctxt);
        }
        if (_elementDeserializer != null) {
            return _deserializeCustom(jp, ctxt);
        }

        final ObjectBuffer buffer = ctxt.leaseObjectBuffer();
        Object[] chunk = buffer.resetAndStart();
        
        int ix = 0;
        JsonToken t;
        
        while ((t = jp.nextToken()) != JsonToken.END_ARRAY) {
            // Ok: no need to convert Strings, but must recognize nulls
            String value;
            if (t == JsonToken.VALUE_STRING) {
                value = jp.getText();
            } else if (t == JsonToken.VALUE_NULL) {
                value = null;
            } else {
                value = _parseString(jp, ctxt);
            }
            if (ix >= chunk.length) {
                chunk = buffer.appendCompletedChunk(chunk);
                ix = 0;
            }
            chunk[ix++] = value;
        }
        String[] result = buffer.completeAndClearBuffer(chunk, ix, String.class);
        ctxt.returnObjectBuffer(buffer);
        return result;
    }
```"
0,root_c9,JacksonDatabind_42_query,JacksonDatabind_42,gen,1,8,10,np.nan,"```java
@Override
protected Object _deserializeFromEmptyString() throws IOException {
    // As per [databind#398], URI requires special handling
    if (_kind == STD_URI) {
        return URI.create("""");
    }
    // As per [databind#1123], Locale too
    if (_kind == STD_LOCALE) {
        return Locale.ROOT;
    }
    return super._deserializeFromEmptyString();
}
```"
0,root_c9,JacksonDatabind_45_query,JacksonDatabind_45,gen,1,5,10,np.nan,"```java
@Override
public JsonSerializer<?> createContextual(SerializerProvider serializers,
        BeanProperty property) throws JsonMappingException
{
    if (property != null) {
        JsonFormat.Value format = serializers.getAnnotationIntrospector().findFormat((Annotated)property.getMember());
        if (format != null) {

            // Simple case first: serialize as numeric timestamp?
            JsonFormat.Shape shape = format.getShape();
            if (shape.isNumeric()) {
                return withFormat(Boolean.TRUE, null);
            }

            // If shape is ANY, check for pattern/locale/timezone to determine if should be string
            if (shape == JsonFormat.Shape.ANY || shape == JsonFormat.Shape.STRING) {
                if (format.hasPattern() || format.hasLocale() || format.hasTimeZone()) {
                    TimeZone tz = format.getTimeZone();
                    final String pattern = format.hasPattern()
                                    ? format.getPattern()
                                    : StdDateFormat.DATE_FORMAT_STR_ISO8601;
                    final Locale loc = format.hasLocale()
                                    ? format.getLocale()
                                    : serializers.getLocale();
                    SimpleDateFormat df = new SimpleDateFormat(pattern, loc);
                    if (tz == null) {
                        tz = serializers.getTimeZone();
                    }
                    df.setTimeZone(tz);
                    return withFormat(Boolean.FALSE, df);
                }
            }
        }
    }
    return this;
}
```"
0,root_c9,JacksonDatabind_49_query,JacksonDatabind_49,gen,0,0,10,,
0,root_c9,JacksonDatabind_4_query,JacksonDatabind_4,gen,1,1,10,np.nan,"```java
protected final String[] _deserializeCustom(JsonParser jp, DeserializationContext ctxt) throws IOException
    {
        final ObjectBuffer buffer = ctxt.leaseObjectBuffer();
        Object[] chunk = buffer.resetAndStart();
        final JsonDeserializer<String> deser = _elementDeserializer;
        
        int ix = 0;
        JsonToken t;

        try {
            while ((t = jp.nextToken()) != JsonToken.END_ARRAY) {
                // Ok: no need to convert Strings, but must recognize nulls
                String value;
                try {
                    value = (t == JsonToken.VALUE_NULL) ? deser.getNullValue() : deser.deserialize(jp, ctxt);
                } catch (Exception e) {
                    throw JsonMappingException.wrapWithPath(e, chunk, ix);
                }
                if (ix >= chunk.length) {
                    chunk = buffer.appendCompletedChunk(chunk);
                    ix = 0;
                }
                chunk[ix++] = value;
            }
        } catch (Exception e) {
            throw JsonMappingException.wrapWithPath(e, chunk, ix);
        }
        // note: pass String.class, not String[].class, as we need element type for error info
        String[] result = buffer.completeAndClearBuffer(chunk, ix, String.class);
        ctxt.returnObjectBuffer(buffer);
        return result;
    }
```

```java
@Override
    public String[] deserialize(JsonParser jp, DeserializationContext ctxt) throws IOException
    {
        // Ok: must point to START_ARRAY (or equivalent)
        if (!jp.isExpectedStartArrayToken()) {
            return handleNonArray(jp, ctxt);
        }
        if (_elementDeserializer != null) {
            return _deserializeCustom(jp, ctxt);
        }

        final ObjectBuffer buffer = ctxt.leaseObjectBuffer();
        Object[] chunk = buffer.resetAndStart();

        int ix = 0;
        JsonToken t;

        try {
            while ((t = jp.nextToken()) != JsonToken.END_ARRAY) {
                // Ok: no need to convert Strings, but must recognize nulls
                String value;
                try {
                    if (t == JsonToken.VALUE_STRING) {
                        value = jp.getText();
                    } else if (t == JsonToken.VALUE_NULL) {
                        value = null; // since we have established that '_elementDeserializer == null' earlier
                    } else {
                        value = _parseString(jp, ctxt);
                    }
                } catch (Exception e) {
                    throw JsonMappingException.wrapWithPath(e, chunk, ix);
                }
                if (ix >= chunk.length) {
                    chunk = buffer.appendCompletedChunk(chunk);
                    ix = 0;
                }
                chunk[ix++] = value;
            }
        } catch (Exception e) {
            throw JsonMappingException.wrapWithPath(e, chunk, ix);
        }
        // note: pass String.class, not String[].class, as we need element type for error info
        String[] result = buffer.completeAndClearBuffer(chunk, ix, String.class);
        ctxt.returnObjectBuffer(buffer);
        return result;
    }
```"
0,root_c9,JacksonDatabind_56_query,JacksonDatabind_56,gen,1,6,10,np.nan,"```java
@Override
protected Object _deserialize(String value, DeserializationContext ctxt) throws IOException
{
    switch (_kind) {
    case STD_FILE:
        return new File(value);
    case STD_URL:
        return new URL(value);
    case STD_URI:
        return URI.create(value);
    case STD_CLASS:
        try {
            return ctxt.findClass(value);
        } catch (Exception e) {
            throw ctxt.instantiationException(_valueClass, ClassUtil.getRootCause(e));
        }
    case STD_JAVA_TYPE:
        return ctxt.getTypeFactory().constructFromCanonical(value);
    case STD_CURRENCY:
        // will throw IAE if unknown:
        return Currency.getInstance(value);
    case STD_PATTERN:
        // will throw IAE (or its subclass) if malformed
        return Pattern.compile(value);
    case STD_LOCALE:
        {
            if (value == null || value.isEmpty()) {
                return Locale.ROOT;
            }
            // Handle both underscore and hyphen separators
            String[] parts = value.split(""[_-]"");
            switch (parts.length) {
                case 1:
                    return new Locale(parts[0]);
                case 2:
                    return new Locale(parts[0], parts[1]);
                case 3:
                    return new Locale(parts[0], parts[1], parts[2]);
                default:
                    throw new IllegalArgumentException(""Invalid locale format: "" + value);
            }
        }
    case STD_CHARSET:
        return Charset.forName(value);
    case STD_TIME_ZONE:
        return TimeZone.getTimeZone(value);
    case STD_INET_ADDRESS:
        return InetAddress.getByName(value);
    case STD_INET_SOCKET_ADDRESS:
        if (value.startsWith(""["")) {
            // bracketed IPv6 (with port number)
            int i = value.lastIndexOf(']');
            if (i == -1) {
                throw new InvalidFormatException(ctxt.getParser(),
                        ""Bracketed IPv6 address must contain closing bracket"",
                        value, InetSocketAddress.class);
            }
            int j = value.indexOf(':', i);
            int port = j > -1 ? Integer.parseInt(value.substring(j + 1)) : 0;
            return new InetSocketAddress(value.substring(0, i + 1), port);
        } else {
            int ix = value.indexOf(':');
            if (ix >= 0 && value.indexOf(':', ix + 1) < 0) {
                // host:port
                int port = Integer.parseInt(value.substring(ix+1));
                return new InetSocketAddress(value.substring(0, ix), port);
            }
            // host or unbracketed IPv6, without port number
            return new InetSocketAddress(value, 0);
        }
    }
    throw new IllegalArgumentException();
}
```"
0,root_c9,JacksonDatabind_57_query,JacksonDatabind_57,gen,1,7,10,np.nan,"```java
public <T> MappingIterator<T> readValues(byte[] src, int offset, int length)
        throws IOException, JsonProcessingException
    {
        if (_dataFormatReaders != null) {
            return _detectBindAndReadValues(_dataFormatReaders.findFormat(src, offset, length), false);
        }
        return _bindAndReadValues(_considerFilter(_parserFactory.createParser(src, offset, length), 
                true));
    }
```"
0,root_c9,JacksonDatabind_68_query,JacksonDatabind_68,gen,0,0,10,,
0,root_c9,JacksonDatabind_70_query,JacksonDatabind_70,gen,1,10,10,np.nan,"```java
public void remove(SettableBeanProperty propToRm)
    {
        ArrayList<SettableBeanProperty> props = new ArrayList<SettableBeanProperty>(_size);
        String key = getPropertyName(propToRm);
        boolean found = false;

        for (int i = 1, end = _hashArea.length; i < end; i += 2) {
            SettableBeanProperty prop = (SettableBeanProperty) _hashArea[i];
            if (prop == null) {
                continue;
            }
            if (!found) {
                // Compare case-insensitively if configured
                String propName = prop.getName();
                if (_caseInsensitive) {
                    found = key.equalsIgnoreCase(propName);
                } else {
                    found = key.equals(propName);
                }
                if (found) {
                    // need to leave a hole here
                    _propsInOrder[_findFromOrdered(prop)] = null;
                    continue;
                }
            }
            props.add(prop);
        }
        if (!found) {
            throw new NoSuchElementException(""No entry '""+propToRm.getName()+""' found, can't remove"");
        }
        init(props);
    }
```"
0,root_c9,JacksonDatabind_71_query,JacksonDatabind_71,gen,1,10,10,np.nan,"```java
public static StdKeyDeserializer forType(Class<?> raw)
    {
        int kind;

        // first common types:
        if (raw == String.class || raw == Object.class || CharSequence.class.isAssignableFrom(raw)) {
            return StringKD.forType(raw);
        } else if (raw == UUID.class) {
            kind = TYPE_UUID;
        } else if (raw == Integer.class) {
            kind = TYPE_INT;
        } else if (raw == Long.class) {
            kind = TYPE_LONG;
        } else if (raw == Date.class) {
            kind = TYPE_DATE;
        } else if (raw == Calendar.class) {
            kind = TYPE_CALENDAR;
        // then less common ones...
        } else if (raw == Boolean.class) {
            kind = TYPE_BOOLEAN;
        } else if (raw == Byte.class) {
            kind = TYPE_BYTE;
        } else if (raw == Character.class) {
            kind = TYPE_CHAR;
        } else if (raw == Short.class) {
            kind = TYPE_SHORT;
        } else if (raw == Float.class) {
            kind = TYPE_FLOAT;
        } else if (raw == Double.class) {
            kind = TYPE_DOUBLE;
        } else if (raw == URI.class) {
            kind = TYPE_URI;
        } else if (raw == URL.class) {
            kind = TYPE_URL;
        } else if (raw == Class.class) {
            kind = TYPE_CLASS;
        } else if (raw == Locale.class) {
            FromStringDeserializer<?> deser = FromStringDeserializer.findDeserializer(Locale.class);
            return new StdKeyDeserializer(TYPE_LOCALE, raw, deser);
        } else if (raw == Currency.class) {
            FromStringDeserializer<?> deser = FromStringDeserializer.findDeserializer(Currency.class);
            return new StdKeyDeserializer(TYPE_CURRENCY, raw, deser);
        } else {
            return null;
        }
        return new StdKeyDeserializer(kind, raw);
    }
```"
0,root_c9,JacksonDatabind_74_query,JacksonDatabind_74,gen,1,10,10,np.nan,"```java
@SuppressWarnings(""resource"")
protected Object _deserializeTypedUsingDefaultImpl(JsonParser p, DeserializationContext ctxt,
        TokenBuffer tb) throws IOException
{
    // As per [JACKSON-614], may have default implementation to use
    JsonDeserializer<Object> deser = _findDefaultImplDeserializer(ctxt);
    if (deser != null) {
        if (tb != null) {
            tb.writeEndObject();
            p = tb.asParser(p);
            // must move to point to the first token:
            p.nextToken();
        }
        return deser.deserialize(p, ctxt);
    }
    // or, perhaps we just bumped into a ""natural"" value (boolean/int/double/String)?
    Object result = TypeDeserializer.deserializeIfNatural(p, ctxt, _baseType);
    if (result != null) {
        return result;
    }
    // Handle empty string as null if feature enabled
    if (ctxt.isEnabled(DeserializationFeature.ACCEPT_EMPTY_STRING_AS_NULL_OBJECT)
        && p.getCurrentToken() == JsonToken.VALUE_STRING
        && p.getText().isEmpty()) {
        return null;
    }
    // or, something for which ""as-property"" won't work, changed into ""wrapper-array"" type:
    if (p.getCurrentToken() == JsonToken.START_ARRAY) {
        return super.deserializeTypedFromAny(p, ctxt);
    }
    ctxt.reportWrongTokenException(p, JsonToken.FIELD_NAME,
            ""missing property '""+_typePropertyName+""' that is to contain type id  (for class ""+baseTypeName()+"")"");
    return null;
}
```"
0,root_c9,JacksonDatabind_75_query,JacksonDatabind_75,gen,0,0,10,,
0,root_c9,JacksonDatabind_76_query,JacksonDatabind_76,gen,1,5,10,np.nan,"```java
@SuppressWarnings(""resource"")
protected Object deserializeUsingPropertyBasedWithUnwrapped(JsonParser p,
        DeserializationContext ctxt)
    throws IOException, JsonProcessingException
{
    final PropertyBasedCreator creator = _propertyBasedCreator;
    PropertyValueBuffer buffer = creator.startBuilding(p, ctxt, _objectIdReader);

    TokenBuffer tokens = new TokenBuffer(p, ctxt);
    tokens.writeStartObject();

    JsonToken t = p.getCurrentToken();
    for (; t == JsonToken.FIELD_NAME; t = p.nextToken()) {
        String propName = p.getCurrentName();
        p.nextToken(); // to point to value
        // creator property?
        SettableBeanProperty creatorProp = creator.findCreatorProperty(propName);
        if (creatorProp != null) {
            Object value = creatorProp.deserialize(p, ctxt);
            if (buffer.assignParameter(creatorProp, value)) {
                t = p.nextToken();
                Object bean;
                try {
                    bean = creator.build(ctxt, buffer);
                } catch (Exception e) {
                    wrapAndThrow(e, _beanType.getRawClass(), propName, ctxt);
                    continue;
                }
                while (t == JsonToken.FIELD_NAME) {
                    p.nextToken();
                    tokens.copyCurrentStructure(p);
                    t = p.nextToken();
                }
                tokens.writeEndObject();
                if (bean.getClass() != _beanType.getRawClass()) {
                    ctxt.reportMappingException(""Can not create polymorphic instances with unwrapped values"");
                    return null;
                }
                return _unwrappedPropertyHandler.processUnwrapped(p, ctxt, bean, tokens);
            }
            continue;
        }
        // Object Id property?
        if (buffer.readIdProperty(propName)) {
            continue;
        }
        // regular property? needs buffering
        SettableBeanProperty prop = _beanProperties.find(propName);
        if (prop != null) {
            buffer.bufferProperty(prop, prop.deserialize(p, ctxt));
            continue;
        }
        if (_ignorableProps != null && _ignorableProps.contains(propName)) {
            handleIgnoredProperty(p, ctxt, handledType(), propName);
            continue;
        }
        tokens.writeFieldName(propName);
        tokens.copyCurrentStructure(p);
        // ""any property""?
        if (_anySetter != null) {
            buffer.bufferAnyProperty(_anySetter, propName, _anySetter.deserialize(p, ctxt));
        }
    }

    // We hit END_OBJECT, so:
    Object bean;
    try {
        bean = creator.build(ctxt, buffer);
    } catch (Exception e) {
        return wrapInstantiationProblem(e, ctxt);
    }
    return _unwrappedPropertyHandler.processUnwrapped(p, ctxt, bean, tokens);
}
```"
0,root_c9,JacksonDatabind_7_query,JacksonDatabind_7,gen,0,0,10,,
0,root_c9,JacksonDatabind_83_query,JacksonDatabind_83,gen,1,5,10,np.nan,"```java
@SuppressWarnings(""unchecked"")
@Override
public T deserialize(JsonParser p, DeserializationContext ctxt) throws IOException
{
    // 22-Sep-2012, tatu: For 2.1, use this new method, may force coercion:
    String text = p.getValueAsString();
    if (text != null) { // has String representation
        if (text.length() == 0 || (text = text.trim()).length() == 0) {
            // 04-Feb-2013, tatu: Usually should become null; but not always
            return _deserializeFromEmptyString();
        }
        Exception cause = null;
        try {
            // Allow null returns from _deserialize
            return _deserialize(text, ctxt);
        } catch (IllegalArgumentException iae) {
            cause = iae;
        } catch (MalformedURLException me) {
            cause = me;
        }
        String msg = ""not a valid textual representation"";
        if (cause != null) {
            String m2 = cause.getMessage();
            if (m2 != null) {
                msg = msg + "", problem: ""+m2;
            }
        }
        // 05-May-2016, tatu: Unlike most usage, this seems legit, so...
        JsonMappingException e = ctxt.weirdStringException(text, _valueClass, msg);
        if (cause != null) {
            e.initCause(cause);
        }
        throw e;
    }
    JsonToken t = p.getCurrentToken();
    // [databind#381]
    if (t == JsonToken.START_ARRAY) {
        return _deserializeFromArray(p, ctxt);
    }
    if (t == JsonToken.VALUE_EMBEDDED_OBJECT) {
        // Trivial cases; null to null, instance of type itself returned as is
        Object ob = p.getEmbeddedObject();
        if (ob == null) {
            return null;
        }
        if (_valueClass.isAssignableFrom(ob.getClass())) {
            return (T) ob;
        }
        return _deserializeEmbedded(ob, ctxt);
    }
    return (T) ctxt.handleUnexpectedToken(_valueClass, p);
}
```"
0,root_c9,JacksonDatabind_85_query,JacksonDatabind_85,gen,0,0,10,,
0,root_c9,JacksonDatabind_97_query,JacksonDatabind_97,gen,1,3,10,np.nan,"```java
@Override
public final void serialize(JsonGenerator gen, SerializerProvider ctxt) throws IOException
{
    if (_value == null) {
        ctxt.defaultSerializeNull(gen);
    } else if (_value instanceof JsonSerializable) {
        ((JsonSerializable) _value).serialize(gen, ctxt);
    } else {
        // Use custom serializer if available
        JsonSerializer<Object> ser = ctxt.findValueSerializer(_value.getClass());
        ser.serialize(_value, gen, ctxt);
    }
}
```"
0,root_c9,JacksonDatabind_9_query,JacksonDatabind_9,gen,0,0,10,,
0,root_c9,JacksonXml_1_query,JacksonXml_1,gen,0,0,10,,
0,root_c9,JacksonXml_3_query,JacksonXml_3,gen,1,10,10,np.nan,"```java
@Override
public String nextTextValue() throws IOException
{
    _binaryValue = null;
    if (_nextToken != null) {
        JsonToken t = _nextToken;
        _currToken = t;
        _nextToken = null;

        // expected case; yes, got a String
        if (t == JsonToken.VALUE_STRING) {
            return _currText;
        }
        _updateState(t);
        return null;
    }

    int token = _xmlTokens.next();

    // mostly copied from 'nextToken()'
    while (token == XmlTokenStream.XML_START_ELEMENT) {
        if (_mayBeLeaf) {
            _nextToken = JsonToken.FIELD_NAME;
            _parsingContext = _parsingContext.createChildObjectContext(-1, -1);
            _currToken = JsonToken.START_OBJECT;
            return null;
        }
        if (_parsingContext.inArray()) {
            token = _xmlTokens.next();
            _mayBeLeaf = true;
            continue;
        }
        String name = _xmlTokens.getLocalName();
        _parsingContext.setCurrentName(name);
        if (_namesToWrap != null && _namesToWrap.contains(name)) {
            _xmlTokens.repeatStartElement();
        }
        _mayBeLeaf = true;
        _currToken = JsonToken.FIELD_NAME;
        return null;
    }

    // Ok; beyond start element, what do we get?
    switch (token) {
    case XmlTokenStream.XML_END_ELEMENT:
        if (_mayBeLeaf) {
            // NOTE: this is different from nextToken() -- produce """", NOT null
            _mayBeLeaf = false;
            _currToken = JsonToken.VALUE_STRING;
            return (_currText = """");
        }
        _currToken = _parsingContext.inArray() ? JsonToken.END_ARRAY : JsonToken.END_OBJECT;
        _parsingContext = _parsingContext.getParent();
        _namesToWrap = _parsingContext.getNamesToWrap();
        break;
    case XmlTokenStream.XML_ATTRIBUTE_NAME:
        // If there was a chance of leaf node, no more...
        if (_mayBeLeaf) {
            _mayBeLeaf = false;
            _nextToken = JsonToken.FIELD_NAME;
            _currText = _xmlTokens.getText();
            _parsingContext = _parsingContext.createChildObjectContext(-1, -1);
            _currToken = JsonToken.START_OBJECT;
        } else {
            _parsingContext.setCurrentName(_xmlTokens.getLocalName());
            _currToken = JsonToken.FIELD_NAME;
        }
        break;
    case XmlTokenStream.XML_ATTRIBUTE_VALUE:
        _currText = _xmlTokens.getText();
        _currToken = JsonToken.VALUE_STRING;
        return _currText;  // Return attribute value immediately
    case XmlTokenStream.XML_TEXT:
        _currText = _xmlTokens.getText();
        if (_mayBeLeaf) {
            _mayBeLeaf = false;
            // Also: must skip following END_ELEMENT
            _xmlTokens.skipEndElement();

            // NOTE: this is different from nextToken() -- NO work-around
            // for otherwise empty List/array
            _currToken = JsonToken.VALUE_STRING;
            return _currText;
        }
        // If not a leaf, need to transform into property...
        _parsingContext.setCurrentName(_cfgNameForTextElement);
        _nextToken = JsonToken.VALUE_STRING;
        _currToken = JsonToken.FIELD_NAME;
        break;
    case XmlTokenStream.XML_END:
        _currToken = null;
    }
    return null;
}
```"
0,root_c9,JacksonXml_4_query,JacksonXml_4,gen,0,0,10,,
0,root_c9,JacksonXml_5_query,JacksonXml_5,gen,0,0,10,,
