level,cluster_key,point_id,slug,chosen_model,fixed,successes,attempts,gen_diff,gen_fix
2,root_c0_c0_c0,Gson_1_query,Gson_1,gen,0,0,10,,
2,root_c0_c0_c0,Lang_15_query,Lang_15,gen,0,0,10,,
2,root_c0_c0_c1,Mockito_12_query,Mockito_12,gen,0,0,10,,
2,root_c0_c0_c1,Mockito_20_query,Mockito_20,gen,0,0,10,,
2,root_c0_c0_c1,Mockito_21_query,Mockito_21,gen,0,0,10,,
2,root_c0_c0_c1,Mockito_28_query,Mockito_28,gen,0,0,10,,
2,root_c0_c0_c2,Mockito_7_query,Mockito_7,gen,0,0,10,,
2,root_c0_c0_c2,Mockito_8_query,Mockito_8,gen,0,0,10,,
2,root_c0_c1_c0,JacksonDatabind_17_query,JacksonDatabind_17,gen,1,9,10,np.nan,"```java
public boolean useForType(JavaType t)
{
    switch (_appliesFor) {
    case NON_CONCRETE_AND_ARRAYS:
        while (t.isArrayType()) {
            t = t.getContentType();
        }
        // fall through
    case OBJECT_AND_NON_CONCRETE:
        return (t.getRawClass() == Object.class)
                || (!t.isConcrete()
                // [databind#88] Should not apply to JSON tree models:
                && !TreeNode.class.isAssignableFrom(t.getRawClass()));

    case NON_FINAL:
        while (t.isArrayType()) {
            t = t.getContentType();
        }
        // [Issue#88] Should not apply to JSON tree models:
        return !t.isFinal() && !TreeNode.class.isAssignableFrom(t.getRawClass());
    default:
        return (t.getRawClass() == Object.class);
    }
}
```"
2,root_c0_c1_c0,JacksonDatabind_37_query,JacksonDatabind_37,gen,0,0,2,,
2,root_c0_c1_c0,JacksonDatabind_44_query,JacksonDatabind_44,gen,0,0,7,,
2,root_c0_c1_c0,JacksonDatabind_61_query,JacksonDatabind_61,gen,1,2,10,np.nan,"```java
public boolean useForType(JavaType t)
{
    // Skip primitive types and their wrappers
    if (t.isPrimitive() || t.isWrapperType()) {
        return false;
    }

    switch (_appliesFor) {
    case NON_CONCRETE_AND_ARRAYS:
        while (t.isArrayType()) {
            t = t.getContentType();
        }
        // fall through
    case OBJECT_AND_NON_CONCRETE:
        while (t.isReferenceType()) {
            t = t.getReferencedType();
        }
        return t.isJavaLangObject()
                || (!t.isConcrete()
                        && !TreeNode.class.isAssignableFrom(t.getRawClass()));

    case NON_FINAL:
        while (t.isArrayType()) {
            t = t.getContentType();
        }
        while (t.isReferenceType()) {
            t = t.getReferencedType();
        }
        return !t.isFinal() && !TreeNode.class.isAssignableFrom(t.getRawClass());
    default:
        return t.isJavaLangObject();
    }
}
```

```java
@Override
public TypeDeserializer buildTypeDeserializer(DeserializationConfig config,
        JavaType baseType, Collection<NamedType> subtypes)
{
    if (_idType == JsonTypeInfo.Id.NONE) { return null; }
    
    // Skip primitive types and their wrappers
    if (baseType.isPrimitive() || baseType.isWrapperType()) {
        return null;
    }

    TypeIdResolver idRes = idResolver(config, baseType, subtypes, false, true);

    JavaType defaultImpl;
    if (_defaultImpl == null) {
        defaultImpl = null;
    } else {
        if ((_defaultImpl == Void.class) || (_defaultImpl == NoClass.class)) {
            defaultImpl = config.getTypeFactory().constructType(_defaultImpl);
        } else {
            defaultImpl = config.getTypeFactory()
                .constructSpecializedType(baseType, _defaultImpl);
        }
    }

    switch (_includeAs) {
    case WRAPPER_ARRAY:
        return new AsArrayTypeDeserializer(baseType, idRes,
                _typeProperty, _typeIdVisible, defaultImpl);
    case PROPERTY:
    case EXISTING_PROPERTY:
        return new AsPropertyTypeDeserializer(baseType, idRes,
                _typeProperty, _typeIdVisible, defaultImpl, _includeAs);
    case WRAPPER_OBJECT:
        return new AsWrapperTypeDeserializer(baseType, idRes,
                _typeProperty, _typeIdVisible, defaultImpl);
    case EXTERNAL_PROPERTY:
        return new AsExternalTypeDeserializer(baseType, idRes,
                _typeProperty, _typeIdVisible, defaultImpl);
    }
    throw new IllegalStateException(""Do not know how to construct standard type serializer for inclusion type: ""+_includeAs);
}
```

```java
@Override
public TypeSerializer buildTypeSerializer(SerializationConfig config,
        JavaType baseType, Collection<NamedType> subtypes)
{
    if (_idType == JsonTypeInfo.Id.NONE) { return null; }
    
    // Skip primitive types and their wrappers
    if (baseType.isPrimitive() || baseType.isWrapperType()) {
        return null;
    }

    TypeIdResolver idRes = idResolver(config, baseType, subtypes, true, false);
    switch (_includeAs) {
    case WRAPPER_ARRAY:
        return new AsArrayTypeSerializer(idRes, null);
    case PROPERTY:
        return new AsPropertyTypeSerializer(idRes, null, _typeProperty);
    case WRAPPER_OBJECT:
        return new AsWrapperTypeSerializer(idRes, null);
    case EXTERNAL_PROPERTY:
        return new AsExternalTypeSerializer(idRes, null, _typeProperty);
    case EXISTING_PROPERTY:
        return new AsExistingPropertyTypeSerializer(idRes, null, _typeProperty);
    }
    throw new IllegalStateException(""Do not know how to construct standard type serializer for inclusion type: ""+_includeAs);
}
```"
2,root_c0_c1_c0,JacksonDatabind_93_query,JacksonDatabind_93,gen,1,9,10,np.nan,"```java
public void validateSubType(DeserializationContext ctxt, JavaType type) throws JsonMappingException
    {
        // There are certain nasty classes that could cause problems, mostly
        // via default typing -- catch them here.
        if (type == null) {
            throw JsonMappingException.from(ctxt, ""Null type to deserialize"");
        }
        
        final Class<?> raw = type.getRawClass();
        if (raw == null) {
            throw JsonMappingException.from(ctxt, ""Null raw class in type to deserialize"");
        }
        
        String full = raw.getName();

        main_check:
        do {
            if (_cfgIllegalClassNames != null && _cfgIllegalClassNames.contains(full)) {
                break;
            }

            // 18-Dec-2017, tatu: As per [databind#1855], need bit more sophisticated handling
            //    for some Spring framework types
            // 05-Jan-2017, tatu: ... also, only applies to classes, not interfaces
            if (full.startsWith(PREFIX_STRING)) {
                for (Class<?> cls = raw; cls != null && cls != Object.class; cls = cls.getSuperclass()) {
                    String name = cls.getSimpleName();
                    // looking for ""AbstractBeanFactoryPointcutAdvisor"" but no point to allow any is there?
                    if (""AbstractPointcutAdvisor"".equals(name)
                            // ditto  for ""FileSystemXmlApplicationContext"": block all ApplicationContexts
                            || ""AbstractApplicationContext"".equals(name)) {
                        break main_check;
                    }
                }
            }
            return;
        } while (false);

        throw JsonMappingException.from(ctxt,
                String.format(""Illegal type (%s) to deserialize: prevented for security reasons"", full));
    }
```"
2,root_c0_c1_c1,JacksonDatabind_107_query,JacksonDatabind_107,gen,1,1,10,np.nan,"```java
protected final JsonDeserializer<Object> _findDeserializer(DeserializationContext ctxt,
            String typeId) throws IOException
    {
        JsonDeserializer<Object> deser = _deserializers.get(typeId);
        if (deser == null) {
            JavaType type = _idResolver.typeFromId(ctxt, typeId);
            if (type == null) {
                deser = _findDefaultImplDeserializer(ctxt);
                if (deser == null) {
                    JavaType actual = _handleUnknownTypeId(ctxt, typeId);
                    if (actual == null) {
                        // Return a dummy deserializer that returns null instead of null
                        return new JsonDeserializer<Object>() {
                            @Override
                            public Object deserialize(JsonParser p, DeserializationContext ctxt) throws IOException {
                                return null;
                            }
                        };
                    }
                    deser = ctxt.findContextualValueDeserializer(actual, _property);
                }
            } else {
                if ((_baseType != null)
                        && _baseType.getClass() == type.getClass()) {
                    if (!type.hasGenericTypes()) {
                        type = ctxt.getTypeFactory().constructSpecializedType(_baseType, type.getRawClass());
                    }
                }
                deser = ctxt.findContextualValueDeserializer(type, _property);
            }
            if (deser != null) {
                _deserializers.put(typeId, deser);
            }
        }
        return deser;
    }
```"
2,root_c0_c1_c1,JacksonDatabind_25_query,JacksonDatabind_25,gen,0,0,10,,
2,root_c0_c1_c1,JacksonDatabind_35_query,JacksonDatabind_35,gen,0,0,10,,
2,root_c0_c1_c1,JacksonDatabind_51_query,JacksonDatabind_51,gen,0,0,10,,
2,root_c0_c1_c1,JacksonDatabind_59_query,JacksonDatabind_59,gen,0,0,9,,
2,root_c0_c1_c1,JacksonDatabind_77_query,JacksonDatabind_77,gen,0,0,10,,
2,root_c0_c1_c1,JacksonDatabind_80_query,JacksonDatabind_80,gen,0,0,10,,
2,root_c0_c1_c1,JacksonDatabind_88_query,JacksonDatabind_88,gen,1,1,10,np.nan,"```java
protected JavaType _typeFromId(String id, DatabindContext ctxt) throws IOException
    {
        /* 30-Jan-2010, tatu: Most ids are basic class names; so let's first
         *    check if any generics info is added; and only then ask factory
         *    to do translation when necessary
         */
        TypeFactory tf = ctxt.getTypeFactory();
        if (id.indexOf('<') > 0) {
            // note: may want to try combining with specialization (esp for EnumMap)?
            // 17-Aug-2017, tatu: As per [databind#1735] need to ensure assignment
            //    compatibility -- needed later anyway, and not doing so may open
            //    security issues.
            JavaType t = tf.constructFromCanonical(id);
            if (!_baseType.isTypeOrSuperTypeOf(t.getRawClass())) {
                throw new IllegalArgumentException(""Type id '""+id+""' not subtype of ""+_baseType);
            }
            return t;
        }
        Class<?> cls;
        try {
            cls =  tf.findClass(id);
        } catch (ClassNotFoundException e) {
            // 24-May-2016, tatu: Ok, this is pretty ugly, but we should always get
            //   DeserializationContext, just playing it safe
            if (ctxt instanceof DeserializationContext) {
                DeserializationContext dctxt = (DeserializationContext) ctxt;
                // First: we may have problem handlers that can deal with it?
                return dctxt.handleUnknownTypeId(_baseType, id, this, ""no such class found"");
            }
            // ... meaning that we really should never get here.
            return null;
        } catch (Exception e) {
            throw new IllegalArgumentException(""Invalid type id '""+id+""' (for id type 'Id.class'): ""+e.getMessage(), e);
        }
        return tf.constructSpecializedType(_baseType, cls);
    }
```"
2,root_c0_c1_c2,JacksonDatabind_47_query,JacksonDatabind_47,gen,1,9,10,np.nan,"```java
public JavaType refineSerializationType(final MapperConfig<?> config,
            final Annotated a, final JavaType baseType) throws JsonMappingException
    {
        JavaType type = baseType;
        final TypeFactory tf = config.getTypeFactory();
        
        // Ok: start by refining the main type itself; common to all types
        Class<?> serClass = findSerializationType(a);
        if (serClass != null) {
            if (type.hasRawClass(serClass)) {
                type = type.withStaticTyping();
            } else {
                Class<?> currRaw = type.getRawClass();
                try {
                    if (serClass.isAssignableFrom(currRaw)) {
                        type = tf.constructGeneralizedType(type, serClass);
                    } else if (currRaw.isAssignableFrom(serClass)) {
                        type = tf.constructSpecializedType(type, serClass);
                    } else {
                        throw new JsonMappingException(null,
                                String.format(""Can not refine serialization type %s into %s; types not related"",
                                        type, serClass.getName()));
                    }
                } catch (IllegalArgumentException iae) {
                    throw new JsonMappingException(null,
                            String.format(""Failed to widen type %s with annotation (value %s), from '%s': %s"",
                                    type, serClass.getName(), a.getName(), iae.getMessage()),
                                    iae);
                }
            }
        }

        // Then further processing for container types
        // First, key type (for Maps, Map-like types):
        if (type.isMapLikeType()) {
            JavaType keyType = type.getKeyType();
            Class<?> keyClass = findSerializationKeyType(a, keyType);
            if (keyClass != null) {
                if (keyType.hasRawClass(keyClass)) {
                    keyType = keyType.withStaticTyping();
                } else {
                    Class<?> currRaw = keyType.getRawClass();
                    try {
                        if (keyClass.isAssignableFrom(currRaw)) {
                            keyType = tf.constructGeneralizedType(keyType, keyClass);
                        } else if (currRaw.isAssignableFrom(keyClass)) {
                            keyType = tf.constructSpecializedType(keyType, keyClass);
                        } else {
                            throw new JsonMappingException(null,
                                    String.format(""Can not refine serialization key type %s into %s; types not related"",
                                            keyType, keyClass.getName()));
                        }
                    } catch (IllegalArgumentException iae) {
                        throw new JsonMappingException(null,
                                String.format(""Failed to widen key type of %s with concrete-type annotation (value %s), from '%s': %s"",
                                        type, keyClass.getName(), a.getName(), iae.getMessage()),
                                        iae);
                    }
                }
                type = ((MapLikeType) type).withKeyType(keyType);
            }
        }

        JavaType contentType = type.getContentType();
        if (contentType != null) {
            Class<?> contentClass = findSerializationContentType(a, contentType);
            if (contentClass != null) {
                if (contentType.hasRawClass(contentClass)) {
                    contentType = contentType.withStaticTyping();
                } else {
                    Class<?> currRaw = contentType.getRawClass();
                    try {
                        if (contentClass.isAssignableFrom(currRaw)) {
                            contentType = tf.constructGeneralizedType(contentType, contentClass);
                        } else if (currRaw.isAssignableFrom(contentClass)) {
                            contentType = tf.constructSpecializedType(contentType, contentClass);
                        } else {
                            throw new JsonMappingException(null,
                                    String.format(""Can not refine serialization content type %s into %s; types not related"",
                                            contentType, contentClass.getName()));
                        }
                    } catch (IllegalArgumentException iae) {
                        throw new JsonMappingException(null,
                                String.format(""Internal error: failed to refine value type of %s with concrete-type annotation (value %s), from '%s': %s"",
                                        type, contentClass.getName(), a.getName(), iae.getMessage()),
                                        iae);
                    }
                }
                type = type.withContentType(contentType);
            }
        }
        return type;
    }
```"
2,root_c0_c1_c2,JacksonDatabind_67_query,JacksonDatabind_67,gen,1,4,10,np.nan,"```java
@Override
public KeyDeserializer createKeyDeserializer(DeserializationContext ctxt,
        JavaType type)
    throws JsonMappingException
{
    final DeserializationConfig config = ctxt.getConfig();
    KeyDeserializer deser = null;
    if (_factoryConfig.hasKeyDeserializers()) {
        BeanDescription beanDesc = config.introspectClassAnnotations(type.getRawClass());
        for (KeyDeserializers d  : _factoryConfig.keyDeserializers()) {
            deser = d.findKeyDeserializer(type, config, beanDesc);
            if (deser != null) {
                break;
            }
        }
    }
    // the only non-standard thing is this:
    if (deser == null) {
        if (type.isEnumType()) {
            deser = _createEnumKeyDeserializer(ctxt, type);
        } else {
            deser = StdKeyDeserializers.findStringBasedKeyDeserializer(config, type);
        }
    }
    // and then post-processing
    if (deser != null) {
        if (_factoryConfig.hasDeserializerModifiers()) {
            for (BeanDeserializerModifier mod : _factoryConfig.deserializerModifiers()) {
                deser = mod.modifyKeyDeserializer(config, type, deser);
            }
        }
    }
    return deser;
}
```"
2,root_c0_c1_c2,JacksonDatabind_81_query,JacksonDatabind_81,gen,0,0,10,,
2,root_c0_c1_c2,JacksonDatabind_91_query,JacksonDatabind_91,gen,0,0,10,,
2,root_c0_c2_c0,JacksonDatabind_11_query,JacksonDatabind_11,gen,0,0,10,,
2,root_c0_c2_c0,JacksonDatabind_41_query,JacksonDatabind_41,gen,1,9,10,np.nan,"```java
@Deprecated
    public JavaType constructType(Type type, JavaType contextType) {
        if (type == null) {
            throw new IllegalArgumentException(""Unrecognized Type: [null]"");
        }
        return _fromAny(null, type, contextType == null ? null : contextType.getBindings());
    }
```

```java
@Deprecated
    public JavaType constructType(Type type, Class<?> contextClass) {
        if (type == null) {
            throw new IllegalArgumentException(""Unrecognized Type: [null]"");
        }
        return constructType(type, contextClass == null ? null : constructType(contextClass));
    }
```"
2,root_c0_c2_c1,JacksonDatabind_46_query,JacksonDatabind_46,gen,0,0,10,,
2,root_c0_c2_c2,JacksonDatabind_16_query,JacksonDatabind_16,gen,0,0,2,,
2,root_c0_c2_c2,JacksonDatabind_63_query,JacksonDatabind_63,gen,1,1,10,np.nan,"```java
public String getDescription() {
    if (_desc == null) {
        StringBuilder sb = new StringBuilder();

        if (_from == null) { // can this ever occur?
            sb.append(""UNKNOWN"");
        } else {
            Class<?> cls = (_from instanceof Class<?>) ? (Class<?>)_from : _from.getClass();
            // Use getName() instead of getSimpleName() to include enclosing class names
            String name = cls.getName();
            // Remove package name if present
            int lastDot = name.lastIndexOf('.');
            if (lastDot >= 0) {
                name = name.substring(lastDot + 1);
            }
            sb.append(name);
        }
        sb.append('[');
        if (_fieldName != null) {
            sb.append('""');
            sb.append(_fieldName);
            sb.append('""');
        } else if (_index >= 0) {
            sb.append(_index);
        } else {
            sb.append('?');
        }
        sb.append(']');
        _desc = sb.toString();
    }
    return _desc;
}
```"
2,root_c0_c2_c2,JacksonDatabind_95_query,JacksonDatabind_95,gen,0,0,10,,
2,root_c0_c2_c2,JacksonDatabind_99_query,JacksonDatabind_99,gen,1,6,10,np.nan,"```java
@Override
    protected String buildCanonicalName()
    {
        StringBuilder sb = new StringBuilder();
        sb.append(_class.getName());
        sb.append('<');
        sb.append(_referencedType.toCanonical());
        sb.append('>');
        return sb.toString();
    }
```"
2,root_c0_c3_c0,JacksonDatabind_12_query,JacksonDatabind_12,gen,1,10,10,np.nan,"```java
@Override
    public boolean isCachable() {
        /* As per [databind#735], existence of value or key deserializer (only passed
         * if annotated to use non-standard one) should also prevent caching.
         */
        return (_valueTypeDeserializer == null)
                && (_ignorableProperties == null)
                && (_valueDeserializer == null)
                && (_keyDeserializer == null);
    }
```"
2,root_c0_c3_c0,JacksonDatabind_19_query,JacksonDatabind_19,gen,1,9,10,np.nan,"```java
private JavaType _mapType(Class<?> rawClass)
    {
        // 28-May-2015, tatu: Properties are special, as per [databind#810]
        if (Properties.class.isAssignableFrom(rawClass)) {
            return MapType.construct(rawClass, 
                TypeFactory.defaultInstance().constructType(String.class),
                TypeFactory.defaultInstance().constructType(String.class));
        }
        JavaType[] typeParams = findTypeParameters(rawClass, Map.class);
        // ok to have no types (""raw"")
        if (typeParams == null) {
            return MapType.construct(rawClass, _unknownType(), _unknownType());
        }
        // but exactly 2 types if any found
        if (typeParams.length != 2) {
            throw new IllegalArgumentException(""Strange Map type ""+rawClass.getName()+"": can not determine type parameters"");
        }
        return MapType.construct(rawClass, typeParams[0], typeParams[1]);
    }
```"
2,root_c0_c3_c0,JacksonDatabind_48_query,JacksonDatabind_48,gen,1,10,10,np.nan,"```java
@Override
public VisibilityChecker<?> getDefaultVisibilityChecker()
{
    VisibilityChecker<?> vchecker = super.getDefaultVisibilityChecker();
    // then global overrides (disabling)
    if (!isEnabled(MapperFeature.AUTO_DETECT_GETTERS)) {
        vchecker = vchecker.withGetterVisibility(Visibility.NONE);
    }
    if (!isEnabled(MapperFeature.AUTO_DETECT_IS_GETTERS)) {
        vchecker = vchecker.withIsGetterVisibility(Visibility.NONE);
    }
    if (!isEnabled(MapperFeature.AUTO_DETECT_FIELDS)) {
        vchecker = vchecker.withFieldVisibility(Visibility.NONE);
    }
    if (!isEnabled(MapperFeature.AUTO_DETECT_SETTERS)) {
        vchecker = vchecker.withSetterVisibility(Visibility.NONE);
    }
    if (!isEnabled(MapperFeature.AUTO_DETECT_CREATORS)) {
        vchecker = vchecker.withCreatorVisibility(Visibility.NONE);
    }
    return vchecker;
}
```"
2,root_c0_c3_c0,JacksonDatabind_58_query,JacksonDatabind_58,gen,1,5,10,np.nan,"```java
protected SettableBeanProperty constructSettableProperty(DeserializationContext ctxt,
            BeanDescription beanDesc, BeanPropertyDefinition propDef,
            JavaType propType0)
        throws JsonMappingException
    {
        // need to ensure method is callable (for non-public)
        AnnotatedMember mutator = propDef.getNonConstructorMutator();

        if (ctxt.canOverrideAccessModifiers()) {
            // [databind#877]: explicitly prevent forced access to `cause` of `Throwable`;
            // never needed and attempts may cause problems on some platforms.
            if (!(mutator.getDeclaringClass() == Throwable.class 
                  && ""cause"".equals(propDef.getName()))) {
                mutator.fixAccess(ctxt.isEnabled(MapperFeature.OVERRIDE_PUBLIC_ACCESS_MODIFIERS));
            }
        }
        // note: this works since we know there's exactly one argument for methods
        BeanProperty.Std property = new BeanProperty.Std(propDef.getFullName(),
                propType0, propDef.getWrapperName(),
                beanDesc.getClassAnnotations(), mutator, propDef.getMetadata());
        JavaType type = resolveType(ctxt, beanDesc, propType0, mutator);
        // did type change?
        if (type != propType0) {
            property = property.withType(type);
        }

        // First: does the Method specify the deserializer to use? If so, let's use it.
        JsonDeserializer<Object> propDeser = findDeserializerFromAnnotation(ctxt, mutator);
        type = modifyTypeByAnnotation(ctxt, mutator, type);
        TypeDeserializer typeDeser = type.getTypeHandler();
        SettableBeanProperty prop;
        if (mutator instanceof AnnotatedMethod) {
            prop = new MethodProperty(propDef, type, typeDeser,
                    beanDesc.getClassAnnotations(), (AnnotatedMethod) mutator);
        } else {
            prop = new FieldProperty(propDef, type, typeDeser,
                    beanDesc.getClassAnnotations(), (AnnotatedField) mutator);
        }
        if (propDeser != null) {
            prop = prop.withValueDeserializer(propDeser);
        }
        // need to retain name of managed forward references:
        AnnotationIntrospector.ReferenceProperty ref = propDef.findReferenceType();
        if (ref != null && ref.isManagedReference()) {
            prop.setManagedReferenceName(ref.getName());
        }
        ObjectIdInfo objectIdInfo = propDef.findObjectIdInfo();
        if(objectIdInfo != null){
            prop.setObjectIdInfo(objectIdInfo);
        }
        return prop;
    }
```"
2,root_c0_c3_c0,JacksonDatabind_82_query,JacksonDatabind_82,gen,0,0,10,,
2,root_c0_c3_c1,JacksonDatabind_15_query,JacksonDatabind_15,sr,0,0,10,,
2,root_c0_c3_c1,JacksonDatabind_22_query,JacksonDatabind_22,sr,0,0,10,,
2,root_c0_c3_c1,JacksonDatabind_33_query,JacksonDatabind_33,sr,1,1,10,,
2,root_c0_c3_c1,JacksonDatabind_54_query,JacksonDatabind_54,sr,1,2,10,,
2,root_c0_c3_c1,JacksonDatabind_64_query,JacksonDatabind_64,sr,1,5,5,,
2,root_c0_c3_c2,JacksonDatabind_112_query,JacksonDatabind_112,gen,1,9,10,np.nan,"```java
@Override
public JsonDeserializer<?> createContextual(DeserializationContext ctxt,
        BeanProperty property) throws JsonMappingException
{
    // May need to resolve types for delegate-based creators:
    JsonDeserializer<Object> delegate = null;
    if (_valueInstantiator != null) {
        // [databind#2324]: check both array-delegating and delegating
        AnnotatedWithParams delegateCreator = _valueInstantiator.getDelegateCreator();
        if (delegateCreator != null) {
            JavaType delegateType = _valueInstantiator.getDelegateType(ctxt.getConfig());
            delegate = findDeserializer(ctxt, delegateType, property);
        }
        // Also check for array-delegating creator
        AnnotatedWithParams arrayDelegateCreator = _valueInstantiator.getArrayDelegateCreator();
        if (arrayDelegateCreator != null) {
            JavaType arrayDelegateType = _valueInstantiator.getArrayDelegateType(ctxt.getConfig());
            delegate = findDeserializer(ctxt, arrayDelegateType, property);
        }
    }
    JsonDeserializer<?> valueDeser = _valueDeserializer;
    final JavaType valueType = _containerType.getContentType();
    if (valueDeser == null) {
        // [databind#125]: May have a content converter
        valueDeser = findConvertingContentDeserializer(ctxt, property, valueDeser);
        if (valueDeser == null) {
        // And we may also need to get deserializer for String
            valueDeser = ctxt.findContextualValueDeserializer(valueType, property);
        }
    } else { // if directly assigned, probably not yet contextual, so:
        valueDeser = ctxt.handleSecondaryContextualization(valueDeser, property, valueType);
    }
    // 11-Dec-2015, tatu: Should we pass basic `Collection.class`, or more refined? Mostly
    //   comes down to ""List vs Collection"" I suppose... for now, pass Collection
    Boolean unwrapSingle = findFormatFeature(ctxt, property, Collection.class,
            JsonFormat.Feature.ACCEPT_SINGLE_VALUE_AS_ARRAY);
    NullValueProvider nuller = findContentNullProvider(ctxt, property, valueDeser);
    if (isDefaultDeserializer(valueDeser)) {
        valueDeser = null;
    }
    return withResolved(delegate, valueDeser, nuller, unwrapSingle);
}
```"
2,root_c0_c3_c2,JacksonDatabind_27_query,JacksonDatabind_27,gen,1,6,10,np.nan,"```java
@SuppressWarnings(""resource"")
protected Object deserializeUsingPropertyBasedWithExternalTypeId(JsonParser p, DeserializationContext ctxt)
    throws IOException
{
    final ExternalTypeHandler ext = _externalTypeIdHandler.start();
    final PropertyBasedCreator creator = _propertyBasedCreator;
    PropertyValueBuffer buffer = creator.startBuilding(p, ctxt, _objectIdReader);

    TokenBuffer tokens = new TokenBuffer(p);
    tokens.writeStartObject();

    JsonToken t = p.getCurrentToken();
    for (; t == JsonToken.FIELD_NAME; t = p.nextToken()) {
        String propName = p.getCurrentName();
        p.nextToken(); // to point to value
        // creator property?
        SettableBeanProperty creatorProp = creator.findCreatorProperty(propName);
        if (creatorProp != null) {
            // first: let's check to see if this might be part of value with external type id:
            if (ext.handlePropertyValue(p, ctxt, propName, null)) {
                continue;
            }
            // Last creator property to set?
            if (buffer.assignParameter(creatorProp, _deserializeWithErrorWrapping(p, ctxt, creatorProp))) {
                t = p.nextToken(); // to move to following FIELD_NAME/END_OBJECT
                Object bean;
                try {
                    bean = creator.build(ctxt, buffer);
                } catch (Exception e) {
                    wrapAndThrow(e, _beanType.getRawClass(), propName, ctxt);
                    continue; // never gets here
                }
                // if so, need to copy all remaining tokens into buffer
                while (t == JsonToken.FIELD_NAME) {
                    p.nextToken(); // to skip name
                    tokens.copyCurrentStructure(p);
                    t = p.nextToken();
                }
                if (bean.getClass() != _beanType.getRawClass()) {
                    throw ctxt.mappingException(""Can not create polymorphic instances with unwrapped values"");
                }
                return ext.complete(p, ctxt, bean);
            }
            continue;
        }
        // Object Id property?
        if (buffer.readIdProperty(propName)) {
            continue;
        }
        // regular property? needs buffering
        SettableBeanProperty prop = _beanProperties.find(propName);
        if (prop != null) {
            buffer.bufferProperty(prop, prop.deserialize(p, ctxt));
            continue;
        }
        // external type id (or property that depends on it)?
        if (ext.handlePropertyValue(p, ctxt, propName, null)) {
            continue;
        }
        // ignorable properties
        if (_ignorableProps != null && _ignorableProps.contains(propName)) {
            handleIgnoredProperty(p, ctxt, handledType(), propName);
            continue;
        }
        // ""any property""?
        if (_anySetter != null) {
            buffer.bufferAnyProperty(_anySetter, propName, _anySetter.deserialize(p, ctxt));
        }
    }

    // We hit END_OBJECT; resolve the pieces:
    try {
        return ext.complete(p, ctxt, buffer, creator);
    } catch (Exception e) {
        wrapInstantiationProblem(e, ctxt);
        return null;
    }
}
```"
2,root_c0_c3_c2,JacksonDatabind_52_query,JacksonDatabind_52,gen,0,0,10,,
2,root_c0_c3_c2,JacksonDatabind_5_query,JacksonDatabind_5,gen,1,1,10,np.nan,"```java
protected void _addMethodMixIns(Class<?> targetClass, AnnotatedMethodMap methods,
            Class<?> mixInCls, AnnotatedMethodMap mixIns)
    {
        List<Class<?>> parents = new ArrayList<Class<?>>();
        parents.add(mixInCls);
        ClassUtil.findSuperTypes(mixInCls, targetClass, parents);
        for (Class<?> mixin : parents) {
            for (Method m : mixin.getDeclaredMethods()) {
                if (!_isIncludableMemberMethod(m)) {
                    continue;
                }
                AnnotatedMethod am = methods.find(m);
                /* Do we already have a method to augment (from sub-class
                 * that will mask this mixIn)? If so, add if visible
                 * without masking (no such annotation)
                 */
                if (am != null) {
                    _addMixUnders(m, am);
                    /* Otherwise will have precedence, but must wait
                     * until we find the real method (mixIn methods are
                     * just placeholder, can't be called)
                     */
                } else {
                    // Well, or, as per [Issue#515], multi-level merge within mixins...
                    AnnotatedMethod mixInMethod = _constructMethod(m);
                    if (mixInMethod != null) {
                        mixIns.add(mixInMethod);
                    }
                }
            }
        }
    }
```"
2,root_c0_c3_c2,JacksonDatabind_62_query,JacksonDatabind_62,gen,0,0,10,,
2,root_c0_c3_c2,JacksonDatabind_69_query,JacksonDatabind_69,gen,0,0,10,,
2,root_c0_c3_c2,JacksonDatabind_8_query,JacksonDatabind_8,gen,1,2,10,np.nan,"```java
protected void verifyNonDup(AnnotatedWithParams newOne, int typeIndex, boolean explicit) {
    final int mask = (1 << typeIndex);
    _hasNonDefaultCreator = true;
    AnnotatedWithParams oldOne = _creators[typeIndex];
    // already had an explicitly marked one?
    if (oldOne != null) {
        if ((_explicitCreators & mask) != 0) { // already had explicitly annotated, leave as-is
            // but skip, if new one not annotated
            if (!explicit) {
                return;
            }
            // both explicit: verify
            // otherwise only verify if neither explicitly annotated.
        }

        // one more thing: ok to override in sub-class
        if (oldOne.getClass() == newOne.getClass()) {
            // [databind#667]: avoid one particular class of bogus problems
            if (oldOne.getDeclaringClass().isAssignableFrom(newOne.getDeclaringClass())) {
                // new one more specific, use it
                _creators[typeIndex] = _fixAccess(newOne);
                return;
            }
            // otherwise, keep the old one
            return;
        }
    }
    if (explicit) {
        _explicitCreators |= mask;
    }
    _creators[typeIndex] = _fixAccess(newOne);
}
```"
2,root_c0_c3_c2,JacksonDatabind_90_query,JacksonDatabind_90,gen,1,1,10,np.nan,"```java
public boolean canInstantiate() {
        return canCreateUsingDefault()
                || canCreateUsingDelegate() 
                || canCreateFromObjectWith() || canCreateFromString()
                || canCreateFromInt() || canCreateFromLong()
                || canCreateFromDouble() || canCreateFromBoolean()
                || canCreateFromArray();
    }
```"
2,root_c0_c3_c2,JacksonDatabind_96_query,JacksonDatabind_96,gen,1,2,10,np.nan,"```java
protected void _addExplicitAnyCreator(DeserializationContext ctxt,
            BeanDescription beanDesc, CreatorCollector creators,
            CreatorCandidate candidate)
        throws JsonMappingException
    {
        // Looks like there's bit of magic regarding 1-parameter creators; others simpler:
        if (1 != candidate.paramCount()) {
            // Ok: for delegates, we want one and exactly one parameter without
            // injection AND without name
            int oneNotInjected = candidate.findOnlyParamWithoutInjection();
            if (oneNotInjected >= 0) {
                // getting close; but most not have name
                if (candidate.paramName(oneNotInjected) == null) {
                    _addExplicitDelegatingCreator(ctxt, beanDesc, creators, candidate);
                    return;
                }
            }
            _addExplicitPropertyCreator(ctxt, beanDesc, creators, candidate);
            return;
        }
        AnnotatedParameter param = candidate.parameter(0);
        JacksonInject.Value injectId = candidate.injection(0);
        PropertyName paramName = candidate.explicitParamName(0);
        BeanPropertyDefinition paramDef = candidate.propertyDef(0);

        // If there's injection or explicit name, should be properties-based
        boolean useProps = (paramName != null) || (injectId != null);
        if (!useProps && (paramDef != null)) {
            // One more thing: if implicit name matches property with a getter
            // or field, we'll consider it property-based as well
            paramName = candidate.findImplicitParamName(0);
            // Also consider strategy-based name transformation
            if (paramName == null) {
                String implicitName = candidate.implicitParamName(0);
                if (implicitName != null) {
                    paramName = PropertyName.construct(implicitName);
                }
            }
            useProps = (paramName != null) && paramDef.couldSerialize();
        }
        if (useProps) {
            SettableBeanProperty[] properties = new SettableBeanProperty[] {
                    constructCreatorProperty(ctxt, beanDesc, paramName, 0, param, injectId)
            };
            creators.addPropertyCreator(candidate.creator(), true, properties);
            return;
        }
        _handleSingleArgumentCreator(creators, candidate.creator(), true, true);

        // one more thing: sever link to creator property, to avoid possible later
        // problems with ""unresolved"" constructor property
        if (paramDef != null) {
            ((POJOPropertyBuilder) paramDef).removeConstructors();
        }
    }
```"
2,root_c0_c3_c2,JacksonDatabind_98_query,JacksonDatabind_98,gen,0,0,10,,
2,root_c0_c4_c0,Closure_46_query,Closure_46,gen,1,10,10,np.nan,"```java
@Override
public JSType getLeastSupertype(JSType that) {
    if (!that.isRecordType()) {
        return super.getLeastSupertype(that);
    }
    
    // If the types are equivalent, return either one
    if (this.isEquivalentTo(that)) {
        return this;
    }
    
    // Otherwise create a union type
    return registry.createUnionType(this, that);
}
```"
2,root_c0_c4_c1,Gson_14_query,Gson_14,gen,1,1,10,np.nan,"```java
public static WildcardType supertypeOf(Type bound) {
    // Handle nested wildcards to prevent infinite recursion
    if (bound instanceof WildcardType) {
        WildcardType wildcard = (WildcardType) bound;
        Type[] lowerBounds = wildcard.getLowerBounds();
        if (lowerBounds.length > 0) {
            return wildcard; // Already a ? super type
        }
        Type[] upperBounds = wildcard.getUpperBounds();
        if (upperBounds.length > 0 && !Object.class.equals(upperBounds[0])) {
            return new WildcardTypeImpl(new Type[] { Object.class }, upperBounds);
        }
    }
    return new WildcardTypeImpl(new Type[] { Object.class }, new Type[] { bound });
}
```

```java
public static WildcardType subtypeOf(Type bound) {
    // Handle nested wildcards to prevent infinite recursion
    if (bound instanceof WildcardType) {
        WildcardType wildcard = (WildcardType) bound;
        Type[] upperBounds = wildcard.getUpperBounds();
        if (upperBounds.length > 0 && !Object.class.equals(upperBounds[0])) {
            return wildcard; // Already a ? extends type
        }
        Type[] lowerBounds = wildcard.getLowerBounds();
        if (lowerBounds.length > 0) {
            return new WildcardTypeImpl(new Type[] { Object.class }, EMPTY_TYPE_ARRAY);
        }
    }
    return new WildcardTypeImpl(new Type[] { bound }, EMPTY_TYPE_ARRAY);
}
```"
2,root_c0_c4_c1,Gson_16_query,Gson_16,gen,0,0,10,,
2,root_c0_c4_c1,Gson_18_query,Gson_18,gen,0,0,10,,
2,root_c0_c4_c2,Gson_10_query,Gson_10,gen,0,0,10,,
2,root_c0_c4_c2,Gson_2_query,Gson_2,gen,1,10,10,np.nan,"```java
public static <T1> TypeAdapterFactory newTypeHierarchyFactory(
      final Class<T1> clazz, final TypeAdapter<T1> typeAdapter) {
    return new TypeAdapterFactory() {
      @SuppressWarnings(""unchecked"")
      public <T2> TypeAdapter<T2> create(Gson gson, TypeToken<T2> typeToken) {
        final Class<? super T2> requestedType = typeToken.getRawType();
        if (!clazz.isAssignableFrom(requestedType)) {
          return null;
        }
        return new TypeAdapter<T2>() {
          @Override public void write(JsonWriter out, T2 value) throws IOException {
            typeAdapter.write(out, (T1) value);
          }
          @Override public T2 read(JsonReader in) throws IOException {
            T1 result = typeAdapter.read(in);
            if (result != null && !requestedType.isInstance(result)) {
              throw new JsonSyntaxException(""Expected a "" + requestedType.getName()
                  + "" but was "" + result.getClass().getName());
            }
            return (T2) result;
          }
        };
      }
      @Override public String toString() {
        return ""Factory[typeHierarchy="" + clazz.getName() + "",adapter="" + typeAdapter + ""]"";
      }
    };
  }
```"
2,root_c0_c4_c2,Gson_6_query,Gson_6,gen,1,8,10,np.nan,"```java
@SuppressWarnings(""unchecked"") // Casts guarded by conditionals.
static TypeAdapter<?> getTypeAdapter(ConstructorConstructor constructorConstructor, Gson gson,
    TypeToken<?> fieldType, JsonAdapter annotation) {
  Class<?> value = annotation.value();
  TypeAdapter<?> typeAdapter;
  if (TypeAdapter.class.isAssignableFrom(value)) {
    Class<TypeAdapter<?>> typeAdapterClass = (Class<TypeAdapter<?>>) value;
    typeAdapter = constructorConstructor.get(TypeToken.get(typeAdapterClass)).construct();
  } else if (TypeAdapterFactory.class.isAssignableFrom(value)) {
    Class<TypeAdapterFactory> typeAdapterFactory = (Class<TypeAdapterFactory>) value;
    TypeAdapterFactory factory = constructorConstructor.get(TypeToken.get(typeAdapterFactory))
        .construct();
    typeAdapter = factory.create(gson, fieldType);
  } else {
    throw new IllegalArgumentException(
        ""@JsonAdapter value must be TypeAdapter or TypeAdapterFactory reference."");
  }
  if (typeAdapter != null) {
    typeAdapter = typeAdapter.nullSafe();
  }
  return typeAdapter;
}
```"
2,root_c1_c0_c0,Codec_2_query,Codec_2,gen,1,9,10,np.nan,"```java
void encode(byte[] in, int inPos, int inAvail) {
        if (eof) {
            return;
        }
        // inAvail < 0 is how we're informed of EOF in the underlying data we're
        // encoding.
        if (inAvail < 0) {
            eof = true;
            if (buf == null || buf.length - pos < encodeSize) {
                resizeBuf();
            }
            switch (modulus) {
                case 1:
                    buf[pos++] = encodeTable[(x >> 2) & MASK_6BITS];
                    buf[pos++] = encodeTable[(x << 4) & MASK_6BITS];
                    // URL-SAFE skips the padding to further reduce size.
                    if (encodeTable == STANDARD_ENCODE_TABLE) {
                        buf[pos++] = PAD;
                        buf[pos++] = PAD;
                    }
                    break;

                case 2:
                    buf[pos++] = encodeTable[(x >> 10) & MASK_6BITS];
                    buf[pos++] = encodeTable[(x >> 4) & MASK_6BITS];
                    buf[pos++] = encodeTable[(x << 2) & MASK_6BITS];
                    // URL-SAFE skips the padding to further reduce size.
                    if (encodeTable == STANDARD_ENCODE_TABLE) {
                        buf[pos++] = PAD;
                    }
                    break;
            }
            if (lineLength > 0 && pos > 0) {
                System.arraycopy(lineSeparator, 0, buf, pos, lineSeparator.length);
                pos += lineSeparator.length;
            }
        } else {
            for (int i = 0; i < inAvail; i++) {
                if (buf == null || buf.length - pos < encodeSize) {
                    resizeBuf();
                }
                modulus = (++modulus) % 3;
                int b = in[inPos++];
                if (b < 0) { b += 256; }
                x = (x << 8) + b;
                if (0 == modulus) {
                    buf[pos++] = encodeTable[(x >> 18) & MASK_6BITS];
                    buf[pos++] = encodeTable[(x >> 12) & MASK_6BITS];
                    buf[pos++] = encodeTable[(x >> 6) & MASK_6BITS];
                    buf[pos++] = encodeTable[x & MASK_6BITS];
                    currentLinePos += 4;
                    if (lineLength > 0 && lineLength <= currentLinePos) {
                        System.arraycopy(lineSeparator, 0, buf, pos, lineSeparator.length);
                        pos += lineSeparator.length;
                        currentLinePos = 0;
                    }
                }
            }
        }
    }
```"
2,root_c1_c0_c0,Codec_5_query,Codec_5,gen,1,7,10,np.nan,"```java
void decode(byte[] in, int inPos, int inAvail) {
        if (eof) {
            return;
        }
        if (inAvail < 0) {
            eof = true;
        }
        if (in == null) {
            return;
        }
        for (int i = 0; i < inAvail; i++) {
            if (buffer == null || buffer.length - pos < decodeSize) {
                resizeBuffer();
            }
            byte b = in[inPos++];
            if (b == PAD) {
                // We're done.
                eof = true;
                break;
            } else {
                if (b >= 0 && b < DECODE_TABLE.length) {
                    int result = DECODE_TABLE[b];
                    if (result >= 0) {
                        modulus = (++modulus) % 4;
                        x = (x << 6) + result;
                        if (modulus == 0) {
                            buffer[pos++] = (byte) ((x >> 16) & MASK_8BITS);
                            buffer[pos++] = (byte) ((x >> 8) & MASK_8BITS);
                            buffer[pos++] = (byte) (x & MASK_8BITS);
                        }
                    }
                }
            }
        }

        // Two forms of EOF as far as base64 decoder is concerned: actual
        // EOF (-1) and first time '=' character is encountered in stream.
        // This approach makes the '=' padding characters completely optional.
        if (eof && modulus != 0) {
            if (buffer == null) {
                resizeBuffer();
            }
            x = x << 6;
            switch (modulus) {
                case 2 :
                    x = x << 6;
                    buffer[pos++] = (byte) ((x >> 16) & MASK_8BITS);
                    break;
                case 3 :
                    buffer[pos++] = (byte) ((x >> 16) & MASK_8BITS);
                    buffer[pos++] = (byte) ((x >> 8) & MASK_8BITS);
                    break;
            }
        }
    }
```"
2,root_c1_c0_c1,Codec_4_query,Codec_4,gen,1,10,10,np.nan,"```java
public Base64() {
        this(0, CHUNK_SEPARATOR, false);
    }
```"
2,root_c1_c0_c1,Codec_7_query,Codec_7,gen,1,10,10,np.nan,"```java
public static String encodeBase64String(byte[] binaryData) {
    if (binaryData == null) {
        return null;
    }
    byte[] encoded = encodeBase64(binaryData, false);
    return StringUtils.newStringUtf8(encoded);
}
```"
2,root_c1_c0_c2,Jsoup_90_query,Jsoup_90,sr,1,10,10,,
2,root_c1_c1_c0,Compress_11_query,Compress_11,gen,1,2,10,np.nan,"```java
public ArchiveInputStream createArchiveInputStream(final InputStream in)
            throws ArchiveException {
        if (in == null) {
            throw new IllegalArgumentException(""Stream must not be null."");
        }

        if (!in.markSupported()) {
            throw new IllegalArgumentException(""Mark is not supported."");
        }

        final byte[] signature = new byte[12];
        in.mark(signature.length);
        try {
            int signatureLength = in.read(signature);
            in.reset();
            if (ZipArchiveInputStream.matches(signature, signatureLength)) {
                return new ZipArchiveInputStream(in);
            } else if (JarArchiveInputStream.matches(signature, signatureLength)) {
                return new JarArchiveInputStream(in);
            } else if (ArArchiveInputStream.matches(signature, signatureLength)) {
                return new ArArchiveInputStream(in);
            } else if (CpioArchiveInputStream.matches(signature, signatureLength)) {
                return new CpioArchiveInputStream(in);
            }

            // Dump needs a bigger buffer to check the signature;
            final byte[] dumpsig = new byte[32];
            in.mark(dumpsig.length);
            signatureLength = in.read(dumpsig);
            in.reset();
            if (DumpArchiveInputStream.matches(dumpsig, signatureLength)) {
                return new DumpArchiveInputStream(in);
            }

            // Tar needs an even bigger buffer to check the signature; read the first block
            final byte[] tarheader = new byte[512];
            in.mark(tarheader.length);
            signatureLength = in.read(tarheader);
            in.reset();
            if (TarArchiveInputStream.matches(tarheader, signatureLength)) {
                return new TarArchiveInputStream(in);
            }

            // If no known archive signature was found, throw exception
            throw new ArchiveException(""No Archiver found for the stream signature"");
        } catch (IOException e) {
            throw new ArchiveException(""Could not use reset and mark operations."", e);
        }
    }
```"
2,root_c1_c1_c0,Compress_12_query,Compress_12,gen,1,10,10,np.nan,"```java
public TarArchiveEntry getNextTarEntry() throws IOException {
    if (hasHitEOF) {
        return null;
    }

    if (currEntry != null) {
        long numToSkip = entrySize - entryOffset;

        while (numToSkip > 0) {
            long skipped = skip(numToSkip);
            if (skipped <= 0) {
                throw new RuntimeException(""failed to skip current tar entry"");
            }
            numToSkip -= skipped;
        }

        readBuf = null;
    }

    byte[] headerBuf = getRecord();

    if (hasHitEOF) {
        currEntry = null;
        return null;
    }

    try {
        currEntry = new TarArchiveEntry(headerBuf);
    } catch (IllegalArgumentException e) {
        throw new IOException(""Invalid tar header"", e);
    }

    entryOffset = 0;
    entrySize = currEntry.getSize();

    if (currEntry.isGNULongNameEntry()) {
        // read in the name
        StringBuilder longName = new StringBuilder();
        byte[] buf = new byte[SMALL_BUFFER_SIZE];
        int length = 0;
        while ((length = read(buf)) >= 0) {
            longName.append(new String(buf, 0, length));
        }
        getNextEntry();
        if (currEntry == null) {
            // Bugzilla: 40334
            // Malformed tar file - long entry name not followed by entry
            return null;
        }
        // remove trailing null terminator
        if (longName.length() > 0
            && longName.charAt(longName.length() - 1) == 0) {
            longName.deleteCharAt(longName.length() - 1);
        }
        currEntry.setName(longName.toString());
    }

    if (currEntry.isPaxHeader()){ // Process Pax headers
        paxHeaders();
    }

    if (currEntry.isGNUSparse()){ // Process sparse files
        readGNUSparse();
    }

    // If the size of the next element in the archive has changed
    // due to a new size being reported in the posix header
    // information, we update entrySize here so that it contains
    // the correct value.
    entrySize = currEntry.getSize();
    return currEntry;
}
```"
2,root_c1_c1_c0,Compress_16_query,Compress_16,gen,0,0,10,,
2,root_c1_c1_c0,Compress_18_query,Compress_18,gen,0,0,10,,
2,root_c1_c1_c0,Compress_28_query,Compress_28,gen,1,10,10,np.nan,"```java
@Override
public int read(byte[] buf, int offset, int numToRead) throws IOException {
    int totalRead = 0;

    if (hasHitEOF || entryOffset >= entrySize) {
        return -1;
    }

    if (currEntry == null) {
        throw new IllegalStateException(""No current tar entry"");
    }

    numToRead = Math.min(numToRead, available());
    
    totalRead = is.read(buf, offset, numToRead);
    
    if (totalRead == -1) {
        if (entryOffset < entrySize) {
            throw new IOException(""Truncated TAR archive"");
        }
        hasHitEOF = true;
    } else {
        entryOffset += totalRead;
    }

    count(totalRead);
    return totalRead;
}
```"
2,root_c1_c1_c0,Compress_32_query,Compress_32,gen,1,6,10,np.nan,"```java
private void applyPaxHeadersToCurrentEntry(Map<String, String> headers) {
        /*
         * The following headers are defined for Pax.
         * atime, ctime, charset: cannot use these without changing TarArchiveEntry fields
         * mtime
         * comment
         * gid, gname
         * linkpath
         * size
         * uid,uname
         * SCHILY.devminor, SCHILY.devmajor: don't have setters/getters for those
         */
        for (Entry<String, String> ent : headers.entrySet()){
            String key = ent.getKey();
            String val = ent.getValue();
            if (""path"".equals(key)){
                currEntry.setName(val);
            } else if (""linkpath"".equals(key)){
                currEntry.setLinkName(val);
            } else if (""gid"".equals(key)){
                currEntry.setGroupId(Long.parseLong(val));
            } else if (""gname"".equals(key)){
                currEntry.setGroupName(val);
            } else if (""uid"".equals(key)){
                currEntry.setUserId(Long.parseLong(val));
            } else if (""uname"".equals(key)){
                currEntry.setUserName(val);
            } else if (""size"".equals(key)){
                currEntry.setSize(Long.parseLong(val));
            } else if (""mtime"".equals(key)){
                currEntry.setModTime((long) (Double.parseDouble(val) * 1000));
            } else if (""SCHILY.devminor"".equals(key)){
                currEntry.setDevMinor(Integer.parseInt(val));
            } else if (""SCHILY.devmajor"".equals(key)){
                currEntry.setDevMajor(Integer.parseInt(val));
            }
        }
    }
```"
2,root_c1_c1_c0,Compress_35_query,Compress_35,gen,0,0,10,,
2,root_c1_c1_c0,Compress_37_query,Compress_37,gen,1,3,10,np.nan,"```java
Map<String, String> parsePaxHeaders(final InputStream i)
        throws IOException {
        final Map<String, String> headers = new HashMap<String, String>(globalPaxHeaders);
        // Format is ""length keyword=value\n"";
        while(true) { // get length
            int ch;
            int len = 0;
            int read = 0;
            while((ch = i.read()) != -1) {
                read++;
                if (ch == ' ') {
                    // Get keyword
                    final ByteArrayOutputStream coll = new ByteArrayOutputStream();
                    while((ch = i.read()) != -1) {
                        read++;
                        if (ch == '=') { // end of keyword
                            final String keyword = coll.toString(CharsetNames.UTF_8);
                            // Get rest of entry
                            final int restLen = len - read;
                            if (restLen < 0) {
                                throw new IOException(""Malformed pax header"");
                            }
                            if (restLen == 1) { // only NL
                                headers.remove(keyword);
                            } else {
                                final byte[] rest = new byte[restLen];
                                final int got = IOUtils.readFully(i, rest);
                                if (got != restLen) {
                                    throw new IOException(""Failed to read ""
                                            + ""Paxheader. Expected ""
                                            + restLen
                                            + "" bytes, read ""
                                            + got);
                                }
                                // Drop trailing NL
                                final String value = new String(rest, 0,
                                        restLen - 1, CharsetNames.UTF_8);
                                headers.put(keyword, value);
                            }
                            break;
                        }
                        coll.write((byte) ch);
                    }
                    break; // Processed single header
                }
                len *= 10;
                len += ch - '0';
            }
            if (ch == -1) { // EOF
                break;
            }
        }
        return headers;
    }
```"
2,root_c1_c1_c0,Compress_38_query,Compress_38,gen,0,0,10,,
2,root_c1_c1_c1,Compress_14_query,Compress_14,gen,1,2,10,np.nan,"```java
public static long parseOctal(final byte[] buffer, final int offset, final int length) {
        long    result = 0;
        int     end = offset + length;
        int     start = offset;

        if (length < 2){
            throw new IllegalArgumentException(""Length ""+length+"" must be at least 2"");
        }

        boolean allNUL = true;
        for (int i = start; i < end; i++){
            if (buffer[i] != 0){
                allNUL = false;
                break;
            }
        }
        if (allNUL) {
            return 0L;
        }

        // Skip leading spaces and NULs
        while (start < end){
            if (buffer[start] == ' ' || buffer[start] == 0){
                start++;
            } else {
                break;
            }
        }

        // Must have trailing NUL or space
        byte trailer;
        trailer = buffer[end-1];
        if (trailer == 0 || trailer == ' '){
            end--;
        } else {
            throw new IllegalArgumentException(
                    exceptionMessage(buffer, offset, length, end-1, trailer));
        }
        // May have additional NUL or space
        trailer = buffer[end-1];
        if (trailer == 0 || trailer == ' '){
            end--;
        }

        for ( ;start < end; start++) {
            final byte currentByte = buffer[start];
            // CheckStyle:MagicNumber OFF
            if (currentByte < '0' || currentByte > '7'){
                throw new IllegalArgumentException(
                        exceptionMessage(buffer, offset, length, start, currentByte));
            }
            result = (result << 3) + (currentByte - '0'); // convert from ASCII
            // CheckStyle:MagicNumber ON
        }

        return result;
    }
```"
2,root_c1_c1_c1,Compress_17_query,Compress_17,gen,0,0,10,,
2,root_c1_c1_c1,Compress_24_query,Compress_24,gen,1,7,10,np.nan,"```java
public static long parseOctal(final byte[] buffer, final int offset, final int length) {
        long    result = 0;
        int     end = offset + length;
        int     start = offset;

        if (length < 2){
            throw new IllegalArgumentException(""Length ""+length+"" must be at least 2"");
        }

        if (buffer[start] == 0) {
            return 0L;
        }

        // Skip leading spaces
        while (start < end){
            if (buffer[start] == ' '){
                start++;
            } else {
                break;
            }
        }

        // Trim all trailing NULs and spaces.
        // The ustar and POSIX tar specs require a trailing NUL or
        // space but some implementations use the extra digit for big
        // sizes/uids/gids ...
        byte trailer = buffer[end - 1];
        if (trailer == 0 || trailer == ' '){
            end--;
        } else {
            // Allow 12 digits if no trailing space/NUL
            if (end - start == 12) {
                end = offset + length;
            } else {
                throw new IllegalArgumentException(
                        exceptionMessage(buffer, offset, length, end-1, trailer));
            }
        }
        trailer = buffer[end - 1];
        while (start < end - 1 && (trailer == 0 || trailer == ' ')) {
            end--;
            trailer = buffer[end - 1];
        }

        for ( ;start < end; start++) {
            final byte currentByte = buffer[start];
            // CheckStyle:MagicNumber OFF
            if (currentByte < '0' || currentByte > '7'){
                throw new IllegalArgumentException(
                        exceptionMessage(buffer, offset, length, start, currentByte));
            }
            result = (result << 3) + (currentByte - '0'); // convert from ASCII
            // CheckStyle:MagicNumber ON
        }

        return result;
    }
```"
2,root_c1_c1_c1,Compress_27_query,Compress_27,gen,1,5,10,np.nan,"```java
public static long parseOctal(final byte[] buffer, final int offset, final int length) {
        long    result = 0;
        int     end = offset + length;
        int     start = offset;

        if (length < 2){
            throw new IllegalArgumentException(""Length ""+length+"" must be at least 2"");
        }

        if (buffer[start] == 0) {
            return 0L;
        }

        // Skip leading spaces
        while (start < end){
            if (buffer[start] == ' '){
                start++;
            } else {
                break;
            }
        }

        // Skip leading NULs
        while (start < end && buffer[start] == 0) {
            start++;
        }

        // Trim all trailing NULs and spaces.
        // The ustar and POSIX tar specs require a trailing NUL or
        // space but some implementations use the extra digit for big
        // sizes/uids/gids ...
        byte trailer = buffer[end - 1];
        while (start < end && (trailer == 0 || trailer == ' ')) {
            end--;
            trailer = buffer[end - 1];
        }
        if (start == end) {
            return 0L;
        }

        for ( ;start < end; start++) {
            final byte currentByte = buffer[start];
            // CheckStyle:MagicNumber OFF
            if (currentByte < '0' || currentByte > '7'){
                throw new IllegalArgumentException(
                        exceptionMessage(buffer, offset, length, start, currentByte));
            }
            result = (result << 3) + (currentByte - '0'); // convert from ASCII
            // CheckStyle:MagicNumber ON
        }

        return result;
    }
```"
2,root_c1_c1_c1,Compress_31_query,Compress_31,gen,1,5,10,np.nan,"```java
public static long parseOctal(final byte[] buffer, final int offset, final int length) {
        long    result = 0;
        int     end = offset + length;
        int     start = offset;

        if (length < 2){
            throw new IllegalArgumentException(""Length ""+length+"" must be at least 2"");
        }

        if (buffer[start] == 0) {
            return 0L;
        }

        // Skip leading spaces
        while (start < end){
            if (buffer[start] == ' '){
                start++;
            } else {
                break;
            }
        }

        // Trim all trailing NULs and spaces.
        // The ustar and POSIX tar specs require a trailing NUL or
        // space but some implementations use the extra digit for big
        // sizes/uids/gids ...
        byte trailer = buffer[end - 1];
        while (start < end && (trailer == 0 || trailer == ' ')) {
            end--;
            trailer = buffer[end - 1];
        }

        for ( ;start < end; start++) {
            final byte currentByte = buffer[start];
            // Check for embedded NUL or space
            if (currentByte == 0 || currentByte == ' ') {
                throw new IllegalArgumentException(
                        exceptionMessage(buffer, offset, length, start, currentByte));
            }
            // CheckStyle:MagicNumber OFF
            if (currentByte < '0' || currentByte > '7'){
                throw new IllegalArgumentException(
                        exceptionMessage(buffer, offset, length, start, currentByte));
            }
            result = (result << 3) + (currentByte - '0'); // convert from ASCII
            // CheckStyle:MagicNumber ON
        }

        return result;
    }
```"
2,root_c1_c1_c1,Compress_45_query,Compress_45,gen,0,0,10,,
2,root_c1_c1_c1,Compress_7_query,Compress_7,gen,1,10,10,np.nan,"```java
public static String parseName(byte[] buffer, final int offset, final int length) {
        StringBuilder result = new StringBuilder(length);
        int end = offset + length;

        for (int i = offset; i < end; ++i) {
            if (buffer[i] == 0) {
                break;
            }
            result.append((char) (buffer[i] & 0xff));  // Convert to unsigned byte before char conversion
        }

        return result.toString();
    }
```"
2,root_c1_c1_c1,Compress_8_query,Compress_8,gen,0,0,10,,
2,root_c1_c1_c2,Compress_10_query,Compress_10,gen,1,1,10,np.nan,"```java
private void resolveLocalFileHeaderData(Map<ZipArchiveEntry, NameAndComment>
                                            entriesWithoutUTF8Flag)
        throws IOException {
        // changing the name of a ZipArchiveEntry is going to change
        // the hashcode - see COMPRESS-164
        // Map needs to be reconstructed in order to keep central
        // directory order
        Map<ZipArchiveEntry, OffsetEntry> copy = new LinkedHashMap<ZipArchiveEntry, OffsetEntry>(entries);
        entries.clear();
        
        for (Map.Entry<ZipArchiveEntry, OffsetEntry> mapEntry : copy.entrySet()) {
            ZipArchiveEntry ze = mapEntry.getKey();
            OffsetEntry offsetEntry = mapEntry.getValue();
            long offset = offsetEntry.headerOffset;
            archive.seek(offset + LFH_OFFSET_FOR_FILENAME_LENGTH);
            byte[] b = new byte[SHORT];
            archive.readFully(b);
            int fileNameLen = ZipShort.getValue(b);
            archive.readFully(b);
            int extraFieldLen = ZipShort.getValue(b);
            byte[] fileName = new byte[fileNameLen];
            archive.readFully(fileName);
            byte[] localExtraData = new byte[extraFieldLen];
            archive.readFully(localExtraData);
            ze.setExtra(localExtraData);
            offsetEntry.dataOffset = offset + LFH_OFFSET_FOR_FILENAME_LENGTH
                + SHORT + SHORT + fileNameLen + extraFieldLen;

            if (entriesWithoutUTF8Flag.containsKey(ze)) {
                String orig = ze.getName();
                NameAndComment nc = entriesWithoutUTF8Flag.get(ze);
                ZipUtil.setNameAndCommentFromExtraFields(ze, nc.name,
                                                         nc.comment);
                if (!orig.equals(ze.getName())) {
                    nameMap.remove(orig);
                    nameMap.put(ze.getName(), ze);
                }
            }
            entries.put(ze, offsetEntry);
        }
    }
```"
2,root_c1_c1_c2,Compress_13_query,Compress_13,gen,1,10,10,np.nan,"```java
protected void setName(String name) {
        this.name = name.replace('\\', '/');
    }
```"
2,root_c1_c1_c2,Compress_15_query,Compress_15,gen,1,10,10,np.nan,"```java
@Override
public boolean equals(Object obj) {
    if (this == obj) {
        return true;
    }
    if (obj == null || getClass() != obj.getClass()) {
        return false;
    }
    ZipArchiveEntry other = (ZipArchiveEntry) obj;
    String myName = getName();
    String otherName = other.getName();
    if (myName == null) {
        if (otherName != null) {
            return false;
        }
    } else if (!myName.equals(otherName)) {
        return false;
    }
    String myComment = getComment();
    String otherComment = other.getComment();
    if (myComment == null || myComment.isEmpty()) {
        if (otherComment != null && !otherComment.isEmpty()) {
            return false;
        }
    } else if (!myComment.equals(otherComment)) {
        return false;
    }
    return getTime() == other.getTime()
        && getInternalAttributes() == other.getInternalAttributes()
        && getPlatform() == other.getPlatform()
        && getExternalAttributes() == other.getExternalAttributes()
        && getMethod() == other.getMethod()
        && getSize() == other.getSize()
        && getCrc() == other.getCrc()
        && getCompressedSize() == other.getCompressedSize()
        && Arrays.equals(getCentralDirectoryExtra(),
                         other.getCentralDirectoryExtra())
        && Arrays.equals(getLocalFileDataExtra(),
                         other.getLocalFileDataExtra())
        && gpb.equals(other.gpb);
}
```"
2,root_c1_c1_c2,Compress_19_query,Compress_19,gen,1,10,10,np.nan,"```java
public void reparseCentralDirectoryData(boolean hasUncompressedSize,
                                            boolean hasCompressedSize,
                                            boolean hasRelativeHeaderOffset,
                                            boolean hasDiskStart)
        throws ZipException {
        if (rawCentralDirectoryData != null) {
            int expectedLength = (hasUncompressedSize ? DWORD : 0)
                + (hasCompressedSize ? DWORD : 0)
                + (hasRelativeHeaderOffset ? DWORD : 0)
                + (hasDiskStart ? WORD : 0);
            if (rawCentralDirectoryData.length < expectedLength) {
                throw new ZipException(""central directory zip64 extended""
                                       + "" information extra field's length""
                                       + "" doesn't match central directory""
                                       + "" data.  Expected length ""
                                       + expectedLength + "" but is ""
                                       + rawCentralDirectoryData.length);
            }
            int offset = 0;
            if (hasUncompressedSize) {
                size = new ZipEightByteInteger(rawCentralDirectoryData, offset);
                offset += DWORD;
            }
            if (hasCompressedSize) {
                compressedSize = new ZipEightByteInteger(rawCentralDirectoryData,
                                                         offset);
                offset += DWORD;
            }
            if (hasRelativeHeaderOffset) {
                relativeHeaderOffset =
                    new ZipEightByteInteger(rawCentralDirectoryData, offset);
                offset += DWORD;
            }
            if (hasDiskStart) {
                diskStart = new ZipLong(rawCentralDirectoryData, offset);
                offset += WORD;
            }
        }
    }
```"
2,root_c1_c1_c2,Compress_23_query,Compress_23,gen,1,4,10,np.nan,"```java
@Override
InputStream decode(final InputStream in, final Coder coder,
        byte[] password) throws IOException {
    byte propsByte = coder.properties[0];
    long dictSize = coder.properties[1] & 0xFF;
    for (int i = 1; i < 4; i++) {
        dictSize |= (long)(coder.properties[i + 1] & 0xFF) << (8 * i);
    }
    if (dictSize > LZMAInputStream.DICT_SIZE_MAX) {
        throw new IOException(""Dictionary larger than 4GiB maximum size"");
    }
    if (dictSize < LZMAInputStream.DICT_SIZE_MIN) {
        dictSize = LZMAInputStream.DICT_SIZE_MIN;
    }
    return new LZMAInputStream(in, -1, propsByte, (int) dictSize);
}
```"
2,root_c1_c1_c2,Compress_25_query,Compress_25,gen,1,5,10,np.nan,"```java
public ZipArchiveInputStream(InputStream inputStream,
                                 String encoding,
                                 boolean useUnicodeExtraFields,
                                 boolean allowStoredEntriesWithDataDescriptor) {
        zipEncoding = ZipEncodingHelper.getZipEncoding(encoding);
        this.useUnicodeExtraFields = useUnicodeExtraFields;
        in = new PushbackInputStream(inputStream, buf.capacity());
        this.allowStoredEntriesWithDataDescriptor =
            allowStoredEntriesWithDataDescriptor;
        // haven't read anything so far
        buf = ByteBuffer.allocate(BUFFER_SIZE);
        buf.limit(0);
    }
```"
2,root_c1_c1_c2,Compress_36_query,Compress_36,gen,0,0,10,,
2,root_c1_c1_c2,Compress_41_query,Compress_41,gen,1,10,10,np.nan,"```java
public ZipArchiveEntry getNextZipEntry() throws IOException {
    boolean firstEntry = true;
    if (closed || hitCentralDirectory) {
        return null;
    }
    if (current != null) {
        closeEntry();
        firstEntry = false;
    }

    try {
        if (firstEntry) {
            readFirstLocalFileHeader(LFH_BUF);
        } else {
            readFully(LFH_BUF);
        }
    } catch (final EOFException e) {
        return null;
    }

    final ZipLong sig = new ZipLong(LFH_BUF);
    if (sig.equals(ZipLong.CFH_SIG) || sig.equals(ZipLong.AED_SIG)) {
        hitCentralDirectory = true;
        skipRemainderOfArchive();
        return null;
    }
    if (!sig.equals(ZipLong.LFH_SIG)) {
        throw new ZipException(""Unexpected record signature: 0x"" + Long.toHexString(sig.getValue()));
    }

    int off = WORD;
    current = new CurrentEntry();

    final int versionMadeBy = ZipShort.getValue(LFH_BUF, off);
    off += SHORT;
    current.entry.setPlatform((versionMadeBy >> ZipFile.BYTE_SHIFT) & ZipFile.NIBLET_MASK);

    final GeneralPurposeBit gpFlag = GeneralPurposeBit.parse(LFH_BUF, off);
    final boolean hasUTF8Flag = gpFlag.usesUTF8ForNames();
    final ZipEncoding entryEncoding = hasUTF8Flag ? ZipEncodingHelper.UTF8_ZIP_ENCODING : zipEncoding;
    current.hasDataDescriptor = gpFlag.usesDataDescriptor();
    current.entry.setGeneralPurposeBit(gpFlag);

    off += SHORT;

    current.entry.setMethod(ZipShort.getValue(LFH_BUF, off));
    off += SHORT;

    final long time = ZipUtil.dosToJavaTime(ZipLong.getValue(LFH_BUF, off));
    current.entry.setTime(time);
    off += WORD;

    ZipLong size = null, cSize = null;
    if (!current.hasDataDescriptor) {
        current.entry.setCrc(ZipLong.getValue(LFH_BUF, off));
        off += WORD;

        cSize = new ZipLong(LFH_BUF, off);
        off += WORD;

        size = new ZipLong(LFH_BUF, off);
        off += WORD;
    } else {
        off += 3 * WORD;
    }

    final int fileNameLen = ZipShort.getValue(LFH_BUF, off);
    off += SHORT;

    final int extraLen = ZipShort.getValue(LFH_BUF, off);
    off += SHORT;

    final byte[] fileName = new byte[fileNameLen];
    readFully(fileName);
    current.entry.setName(entryEncoding.decode(fileName), fileName);

    final byte[] extraData = new byte[extraLen];
    readFully(extraData);
    current.entry.setExtra(extraData);

    if (!hasUTF8Flag && useUnicodeExtraFields) {
        ZipUtil.setNameAndCommentFromExtraFields(current.entry, fileName, null);
    }

    processZip64Extra(size, cSize);

    if (current.entry.getCompressedSize() != ArchiveEntry.SIZE_UNKNOWN) {
        if (current.entry.getMethod() == ZipMethod.UNSHRINKING.getCode()) {
            current.in = new UnshrinkingInputStream(new BoundedInputStream(in, current.entry.getCompressedSize()));
        } else if (current.entry.getMethod() == ZipMethod.IMPLODING.getCode()) {
            current.in = new ExplodingInputStream(
                    current.entry.getGeneralPurposeBit().getSlidingDictionarySize(),
                    current.entry.getGeneralPurposeBit().getNumberOfShannonFanoTrees(),
                    new BoundedInputStream(in, current.entry.getCompressedSize()));
        } else if (current.entry.getMethod() == ZipMethod.BZIP2.getCode()) {
            current.in = new BZip2CompressorInputStream(new BoundedInputStream(in, current.entry.getCompressedSize()));
        }
    }
    
    entriesRead++;
    return current.entry;
}
```"
2,root_c1_c1_c2,Compress_43_query,Compress_43,gen,0,0,10,,
2,root_c1_c1_c2,Compress_46_query,Compress_46,gen,1,8,10,np.nan,"```java
private static ZipLong unixTimeToZipLong(long l) {
    final long MAX_UNIX_TIME = 0x7FFFFFFFL; // Maximum signed 32-bit value
    if (l < 0 || l > MAX_UNIX_TIME) {
        throw new IllegalArgumentException(""X5455 timestamps must fit in a signed 32 bit integer: "" + l);
    }
    return new ZipLong(l);
}
```"
2,root_c1_c1_c2,Compress_47_query,Compress_47,gen,0,0,10,,
2,root_c1_c1_c2,Compress_5_query,Compress_5,gen,1,8,10,np.nan,"```java
public int read(byte[] buffer, int start, int length) throws IOException {
    if (closed) {
        throw new IOException(""The stream is closed"");
    }
    if (inf.finished() || current == null) {
        return -1;
    }

    // avoid int overflow, check null buffer
    if (start <= buffer.length && length >= 0 && start >= 0
        && buffer.length - start >= length) {
        if (current.getMethod() == ZipArchiveOutputStream.STORED) {
            int csize = (int) current.getSize();
            if (readBytesOfEntry >= csize) {
                return -1;
            }
            if (offsetInBuffer >= lengthOfLastRead) {
                offsetInBuffer = 0;
                if ((lengthOfLastRead = in.read(buf)) == -1) {
                    throw new IOException(""Truncated ZIP file"");
                }
                count(lengthOfLastRead);
                bytesReadFromStream += lengthOfLastRead;
            }
            int toRead = length > lengthOfLastRead
                ? lengthOfLastRead - offsetInBuffer
                : length;
            if ((csize - readBytesOfEntry) < toRead) {
                toRead = csize - readBytesOfEntry;
            }
            System.arraycopy(buf, offsetInBuffer, buffer, start, toRead);
            offsetInBuffer += toRead;
            readBytesOfEntry += toRead;
            crc.update(buffer, start, toRead);
            return toRead;
        }
        if (inf.needsInput()) {
            fill();
            if (lengthOfLastRead > 0) {
                bytesReadFromStream += lengthOfLastRead;
            }
        }
        int read = 0;
        try {
            read = inf.inflate(buffer, start, length);
        } catch (DataFormatException e) {
            throw new ZipException(e.getMessage());
        }
        if (read == 0) {
            if (inf.finished()) {
                return -1;
            } else if (lengthOfLastRead == -1) {
                throw new IOException(""Truncated ZIP file"");
            }
        }
        crc.update(buffer, start, read);
        return read;
    }
    throw new ArrayIndexOutOfBoundsException();
}
```"
2,root_c1_c1_c2,Compress_6_query,Compress_6,gen,0,0,10,,
2,root_c1_c2_c0,Compress_1_query,Compress_1,sr,1,10,10,,
2,root_c1_c2_c0,Compress_20_query,Compress_20,sr,0,0,10,,
2,root_c1_c2_c1,Compress_4_query,Compress_4,gen,0,0,10,,
2,root_c1_c2_c2,Compress_9_query,Compress_9,gen,0,0,10,,
2,root_c1_c3_c0,Compress_21_query,Compress_21,gen,1,10,10,np.nan,"```java
private void writeBits(final DataOutput header, final BitSet bits, final int length) throws IOException {
        int cache = 0;
        int shift = 7;
        for (int i = 0; i < length; i++) {
            cache |= ((bits.get(i) ? 1 : 0) << shift);
            --shift;
            if (shift < 0) {
                header.write(cache & 0xff);
                shift = 7;
                cache = 0;
            }
        }
        if (shift != 7) {
            header.write(cache & 0xff);
        }
    }
```"
2,root_c1_c3_c1,Compress_26_query,Compress_26,gen,1,10,10,np.nan,"```java
public static long skip(InputStream input, long numToSkip) throws IOException {
    long remaining = numToSkip;
    while (remaining > 0) {
        long skipped = input.skip(remaining);
        if (skipped == 0) {
            // Skip returned 0, try reading one byte to check for EOF
            if (input.read() == -1) {
                break;
            }
            skipped = 1;
        }
        remaining -= skipped;
    }
    return numToSkip - remaining;
}
```"
2,root_c1_c3_c1,Compress_30_query,Compress_30,gen,1,10,10,np.nan,"```java
@Override
    public int read(final byte[] dest, final int offs, final int len)
        throws IOException {
        if (offs < 0) {
            throw new IndexOutOfBoundsException(""offs("" + offs + "") < 0."");
        }
        if (len < 0) {
            throw new IndexOutOfBoundsException(""len("" + len + "") < 0."");
        }
        if (offs + len > dest.length) {
            throw new IndexOutOfBoundsException(""offs("" + offs + "") + len(""
                                                + len + "") > dest.length("" + dest.length + "")."");
        }
        if (this.in == null) {
            throw new IOException(""stream closed"");
        }
        if (len == 0) {
            return 0;
        }

        final int hi = offs + len;
        int destOffs = offs;
        int b;
        while (destOffs < hi && ((b = read0()) >= 0)) {
            dest[destOffs++] = (byte) b;
            count(1);
        }

        int c = (destOffs == offs) ? -1 : (destOffs - offs);
        return c;
    }
```"
2,root_c1_c3_c1,Compress_40_query,Compress_40,gen,0,0,10,,
2,root_c1_c3_c2,Compress_44_query,Compress_44,gen,1,10,10,np.nan,"```java
public ChecksumCalculatingInputStream(final Checksum checksum, final InputStream in) {
        if (checksum == null) {
            throw new NullPointerException(""Checksum must not be null"");
        }
        if (in == null) {
            throw new NullPointerException(""InputStream must not be null"");
        }
        this.checksum = checksum;
        this.in = in;
    }
```"
2,root_c1_c4_c0,Codec_6_query,Codec_6,gen,0,0,10,,
2,root_c1_c4_c1,Codec_9_query,Codec_9,sr,1,10,10,,
2,root_c1_c4_c2,Codec_8_query,Codec_8,gen,0,0,10,,
2,root_c2_c0_c0,Math_100_query,Math_100,gen,0,0,0,,
2,root_c2_c0_c0,Math_13_query,Math_13,gen,0,0,10,,
2,root_c2_c0_c0,Math_14_query,Math_14,gen,0,0,10,,
2,root_c2_c0_c0,Math_19_query,Math_19,gen,1,8,10,np.nan,"```java
private void checkParameters() {
    final double[] init = getStartPoint();
    final double[] lB = getLowerBound();
    final double[] uB = getUpperBound();

    // Checks whether there is at least one finite bound value.
    boolean hasFiniteBounds = false;
    for (int i = 0; i < lB.length; i++) {
        if (!Double.isInfinite(lB[i]) ||
            !Double.isInfinite(uB[i])) {
            hasFiniteBounds = true;
            break;
        }
    }
    // Checks whether there is at least one infinite bound value.
    boolean hasInfiniteBounds = false;
    if (hasFiniteBounds) {
        for (int i = 0; i < lB.length; i++) {
            if (Double.isInfinite(lB[i]) ||
                Double.isInfinite(uB[i])) {
                hasInfiniteBounds = true;
                break;
            }
        }

        if (hasInfiniteBounds) {
            // If there is at least one finite bound, none can be infinite,
            // because mixed cases are not supported by the current code.
            throw new MathUnsupportedOperationException();
        } else {
            // Check for potential overflow in boundary range
            for (int i = 0; i < lB.length; i++) {
                double range = uB[i] - lB[i];
                if (Double.isInfinite(range) || Double.isNaN(range)) {
                    throw new NumberIsTooLargeException(uB[i] - lB[i], Double.MAX_VALUE, true);
                }
            }
            
            // Convert API to internal handling of boundaries.
            boundaries = new double[2][];
            boundaries[0] = lB;
            boundaries[1] = uB;
        }
    } else {
        // Convert API to internal handling of boundaries.
        boundaries = null;
    }

    if (inputSigma != null) {
        if (inputSigma.length != init.length) {
            throw new DimensionMismatchException(inputSigma.length, init.length);
        }
        for (int i = 0; i < init.length; i++) {
            if (inputSigma[i] < 0) {
                throw new NotPositiveException(inputSigma[i]);
            }
            if (boundaries != null) {
                if (inputSigma[i] > boundaries[1][i] - boundaries[0][i]) {
                    throw new OutOfRangeException(inputSigma[i], 0, boundaries[1][i] - boundaries[0][i]);
                }
            }
        }
    }
}
```"
2,root_c2_c0_c0,Math_25_query,Math_25,gen,1,5,10,np.nan,"```java
private void guessAOmega() {
    // initialize the sums for the linear model between the two integrals
    double sx2 = 0;
    double sy2 = 0;
    double sxy = 0;
    double sxz = 0;
    double syz = 0;

    double currentX = observations[0].getX();
    double currentY = observations[0].getY();
    double f2Integral = 0;
    double fPrime2Integral = 0;
    final double startX = currentX;
    for (int i = 1; i < observations.length; ++i) {
        // one step forward
        final double previousX = currentX;
        final double previousY = currentY;
        currentX = observations[i].getX();
        currentY = observations[i].getY();

        // update the integrals of f<sup>2</sup> and f'<sup>2</sup>
        // considering a linear model for f (and therefore constant f')
        final double dx = currentX - previousX;
        final double dy = currentY - previousY;
        final double f2StepIntegral =
            dx * (previousY * previousY + previousY * currentY + currentY * currentY) / 3;
        final double fPrime2StepIntegral = dy * dy / dx;

        final double x = currentX - startX;
        f2Integral += f2StepIntegral;
        fPrime2Integral += fPrime2StepIntegral;

        sx2 += x * x;
        sy2 += f2Integral * f2Integral;
        sxy += x * f2Integral;
        sxz += x * fPrime2Integral;
        syz += f2Integral * fPrime2Integral;
    }

    // compute the amplitude and pulsation coefficients
    double c1 = sy2 * sxz - sxy * syz;
    double c2 = sxy * sxz - sx2 * syz;
    double c3 = sx2 * sy2 - sxy * sxy;
    if ((c1 / c2 < 0) || (c2 / c3 < 0)) {
        final int last = observations.length - 1;
        // Range of the observations, assuming that the
        // observations are sorted.
        final double xRange = observations[last].getX() - observations[0].getX();
        if (xRange == 0) {
            throw new ZeroException();
        }
        omega = 2 * Math.PI / xRange;

        double yMin = Double.POSITIVE_INFINITY;
        double yMax = Double.NEGATIVE_INFINITY;
        for (int i = 1; i < observations.length; ++i) {
            final double y = observations[i].getY();
            if (y < yMin) {
                yMin = y;
            }
            if (y > yMax) {
                yMax = y;
            }
        }
        a = 0.5 * (yMax - yMin);
    } else {
        // In some ill-conditioned cases (cf. MATH-844), the guesser
        // procedure cannot produce sensible results.
        if (FastMath.abs(c1) < 1e-12 || FastMath.abs(c2) < 1e-12 || FastMath.abs(c3) < 1e-12) {
            throw new MathIllegalStateException();
        }
        a = FastMath.sqrt(c1 / c2);
        omega = FastMath.sqrt(c2 / c3);
    }
}
```"
2,root_c2_c0_c0,Math_38_query,Math_38,gen,1,6,10,np.nan,"```java
private void prelim(double[] lowerBound,
                        double[] upperBound) {
        printMethod(); // XXX

        final int n = currentBest.getDimension();
        final int npt = numberOfInterpolationPoints;
        final int ndim = bMatrix.getRowDimension();

        final double rhosq = initialTrustRegionRadius * initialTrustRegionRadius;
        final double recip = 1d / rhosq;
        final int np = n + 1;

        // Set XBASE to the initial vector of variables, and set the initial
        // elements of XPT, BMAT, HQ, PQ and ZMAT to zero.

        for (int j = 0; j < n; j++) {
            originShift.setEntry(j, currentBest.getEntry(j));
            for (int k = 0; k < npt; k++) {
                interpolationPoints.setEntry(k, j, ZERO);
            }
            for (int i = 0; i < ndim; i++) {
                bMatrix.setEntry(i, j, ZERO);
            }
        }
        for (int i = 0, max = n * np / 2; i < max; i++) {
            modelSecondDerivativesValues.setEntry(i, ZERO);
        }
        for (int k = 0; k < npt; k++) {
            modelSecondDerivativesParameters.setEntry(k, ZERO);
            for (int j = 0, max = npt - np; j < max; j++) {
                zMatrix.setEntry(k, j, ZERO);
            }
        }

        // Begin the initialization procedure. NF becomes one more than the number
        // of function values so far. The coordinates of the displacement of the
        // next initial interpolation point from XBASE are set in XPT(NF+1,.).

        int ipt = 0;
        int jpt = 0;
        double fbeg = Double.NaN;
        do {
            final int nfm = getEvaluations();
            final int nfx = nfm - n;
            final int nfmm = nfm - 1;
            final int nfxm = nfx - 1;
            double stepa = 0;
            double stepb = 0;
            if (nfm <= 2 * n) {
                if (nfm >= 1 &&
                    nfm <= n) {
                    stepa = initialTrustRegionRadius;
                    if (upperDifference.getEntry(nfmm) == ZERO) {
                        stepa = -stepa;
                    }
                    interpolationPoints.setEntry(nfm, nfmm, stepa);
                } else if (nfm > n) {
                    stepa = interpolationPoints.getEntry(nfx, nfxm);
                    stepb = -initialTrustRegionRadius;
                    if (lowerDifference.getEntry(nfxm) == ZERO) {
                        stepb = Math.min(TWO * initialTrustRegionRadius, upperDifference.getEntry(nfxm));
                    }
                    if (upperDifference.getEntry(nfxm) == ZERO) {
                        stepb = Math.max(-TWO * initialTrustRegionRadius, lowerDifference.getEntry(nfxm));
                    }
                    interpolationPoints.setEntry(nfm, nfxm, stepb);
                }
            } else {
                final int tmp1 = (nfm - np) / n;
                jpt = nfm - tmp1 * n - n;
                ipt = jpt + tmp1;
                if (ipt > n) {
                    final int tmp2 = jpt;
                    jpt = ipt - n;
                    ipt = tmp2;
                }
                final int iptMinus1 = ipt - 1;
                final int jptMinus1 = jpt - 1;
                interpolationPoints.setEntry(nfm, iptMinus1, interpolationPoints.getEntry(ipt, iptMinus1));
                interpolationPoints.setEntry(nfm, jptMinus1, interpolationPoints.getEntry(jpt, jptMinus1));
            }

            // Calculate the next value of F. The least function value so far and
            // its index are required.

            for (int j = 0; j < n; j++) {
                currentBest.setEntry(j, Math.min(Math.max(lowerBound[j],
                                                          originShift.getEntry(j) + interpolationPoints.getEntry(nfm, j)),
                                                 upperBound[j]));
                if (interpolationPoints.getEntry(nfm, j) == lowerDifference.getEntry(j)) {
                    currentBest.setEntry(j, lowerBound[j]);
                }
                if (interpolationPoints.getEntry(nfm, j) == upperDifference.getEntry(j)) {
                    currentBest.setEntry(j, upperBound[j]);
                }
            }

            final double objectiveValue = computeObjectiveValue(currentBest.toArray());
            final double f = isMinimize ? objectiveValue : -objectiveValue;
            final int numEval = getEvaluations(); // nfm + 1
            fAtInterpolationPoints.setEntry(nfm, f);

            if (numEval == 1) {
                fbeg = f;
                trustRegionCenterInterpolationPointIndex = 0;
            } else if (f < fAtInterpolationPoints.getEntry(trustRegionCenterInterpolationPointIndex)) {
                trustRegionCenterInterpolationPointIndex = nfm;
            }

            // Set the nonzero initial elements of BMAT and the quadratic model in the
            // cases when NF is at most 2*N+1. If NF exceeds N+1, then the positions
            // of the NF-th and (NF-N)-th interpolation points may be switched, in
            // order that the function value at the first of them contributes to the
            // off-diagonal second derivative terms of the initial quadratic model.

            if (numEval <= 2 * n + 1) {
                if (numEval >= 2 &&
                    numEval <= n + 1) {
                    gradientAtTrustRegionCenter.setEntry(nfmm, (f - fbeg) / stepa);
                    if (npt < numEval + n) {
                        final double oneOverStepA = ONE / stepa;
                        bMatrix.setEntry(0, nfmm, -oneOverStepA);
                        bMatrix.setEntry(nfm, nfmm, oneOverStepA);
                        bMatrix.setEntry(npt + nfmm, nfmm, -HALF * rhosq);
                    }
                } else if (numEval >= n + 2) {
                    final int ih = nfx * (nfx + 1) / 2 - 1;
                    final double tmp = (f - fbeg) / stepb;
                    final double diff = stepb - stepa;
                    modelSecondDerivativesValues.setEntry(ih, TWO * (tmp - gradientAtTrustRegionCenter.getEntry(nfxm)) / diff);
                    gradientAtTrustRegionCenter.setEntry(nfxm, (gradientAtTrustRegionCenter.getEntry(nfxm) * stepb - tmp * stepa) / diff);
                    if (stepa * stepb < ZERO) {
                        if (f < fAtInterpolationPoints.getEntry(nfm - n)) {
                            fAtInterpolationPoints.setEntry(nfm, fAtInterpolationPoints.getEntry(nfm - n));
                            fAtInterpolationPoints.setEntry(nfm - n, f);
                            if (trustRegionCenterInterpolationPointIndex == nfm) {
                                trustRegionCenterInterpolationPointIndex = nfm - n;
                            }
                            interpolationPoints.setEntry(nfm - n, nfxm, stepb);
                            interpolationPoints.setEntry(nfm, nfxm, stepa);
                        }
                    }
                    bMatrix.setEntry(0, nfxm, -(stepa + stepb) / (stepa * stepb));
                    bMatrix.setEntry(nfm, nfxm, -HALF / interpolationPoints.getEntry(nfm - n, nfxm));
                    bMatrix.setEntry(nfm - n, nfxm,
                                  -bMatrix.getEntry(0, nfxm) - bMatrix.getEntry(nfm, nfxm));
                    zMatrix.setEntry(0, nfxm, Math.sqrt(TWO) / (stepa * stepb));
                    zMatrix.setEntry(nfm, nfxm, Math.sqrt(HALF) / rhosq);
                    zMatrix.setEntry(nfm - n, nfxm,
                                  -zMatrix.getEntry(0, nfxm) - zMatrix.getEntry(nfm, nfxm));
                }
            } else {
                zMatrix.setEntry(0, nfxm, recip);
                zMatrix.setEntry(nfm, nfxm, recip);
                zMatrix.setEntry(ipt, nfxm, -recip);
                zMatrix.setEntry(jpt, nfxm, -recip);

                final int ih = ipt * (ipt - 1) / 2 + jpt - 1;
                final double tmp = interpolationPoints.getEntry(nfm, ipt - 1) * interpolationPoints.getEntry(nfm, jpt - 1);
                modelSecondDerivativesValues.setEntry(ih, (fbeg - fAtInterpolationPoints.getEntry(ipt) - fAtInterpolationPoints.getEntry(jpt) + f) / tmp);
            }
        } while (getEvaluations() < npt);
    }
```"
2,root_c2_c0_c0,Math_58_query,Math_58,gen,0,0,10,,
2,root_c2_c0_c0,Math_64_query,Math_64,gen,0,0,10,,
2,root_c2_c0_c0,Math_65_query,Math_65,gen,0,0,10,,
2,root_c2_c0_c0,Math_68_query,Math_68,gen,0,0,10,,
2,root_c2_c0_c1,Math_32_query,Math_32,sr,0,0,10,,
2,root_c2_c0_c1,Math_3_query,Math_3,sr,1,10,10,,
2,root_c2_c0_c1,Math_55_query,Math_55,sr,0,0,10,,
2,root_c2_c0_c2,Math_21_query,Math_21,gen,0,0,10,,
2,root_c2_c0_c2,Math_52_query,Math_52,gen,0,0,10,,
2,root_c2_c0_c2,Math_76_query,Math_76,gen,0,0,10,,
2,root_c2_c0_c2,Math_80_query,Math_80,gen,1,10,10,np.nan,"```java
private boolean flipIfWarranted(final int n, final int step) {
        if (1.5 * work[pingPong] < work[4 * (n - 1) + pingPong]) {
            // flip array
            int j = 4 * (n - 1);
            for (int i = 0; i < j; i += 4) {
                for (int k = 0; k < 4; k += step) {
                    final double tmp = work[i + k];
                    work[i + k] = work[j - k];
                    work[j - k] = tmp;
                }
                j -= 4;
            }
            return true;
        }
        return false;
    }
```"
2,root_c2_c0_c2,Math_81_query,Math_81,gen,1,3,10,np.nan,"I'll provide the fixed versions of the buggy functions. The main issue appears to be array index bounds checking in the `computeShiftIncrement` method.

```java
private void computeShiftIncrement(final int start, final int end, final int deflated) {
    final double cnst1 = 0.563;
    final double cnst2 = 1.010;
    final double cnst3 = 1.05;

    // a negative dMin forces the shift to take that absolute value
    // tType records the type of shift.
    if (dMin <= 0.0) {
        tau = -dMin;
        tType = -1;
        return;
    }

    int nn = 4 * end + pingPong - 1;
    if (nn < 0) {
        tau = 0.0;
        tType = -12;
        return;
    }

    switch (deflated) {
        case 0 : // no realEigenvalues deflated.
            if (dMin == dN || dMin == dN1) {
                double b1 = (nn - 3 >= 0) ? Math.sqrt(work[nn - 3]) * Math.sqrt(work[nn - 5]) : 0;
                double b2 = (nn - 7 >= 0) ? Math.sqrt(work[nn - 7]) * Math.sqrt(work[nn - 9]) : 0;
                double a2 = (nn - 7 >= 0) ? work[nn - 7] + work[nn - 5] : 0;

                if (dMin == dN && dMin1 == dN1) {
                    // cases 2 and 3.
                    final double gap2 = dMin2 - a2 - dMin2 * 0.25;
                    final double gap1 = a2 - dN - ((gap2 > 0.0 && gap2 > b2) ? (b2 / gap2) * b2 : (b1 + b2));
                    if (gap1 > 0.0 && gap1 > b1) {
                        tau   = Math.max(dN - (b1 / gap1) * b1, 0.5 * dMin);
                        tType = -2;
                    } else {
                        double s = 0.0;
                        if (dN > b1) {
                            s = dN - b1;
                        }
                        if (a2 > (b1 + b2)) {
                            s = Math.min(s, a2 - (b1 + b2));
                        }
                        tau   = Math.max(s, 0.333 * dMin);
                        tType = -3;
                    }
                } else {
                    // case 4.
                    tType = -4;
                    double s = 0.25 * dMin;
                    double gam;
                    int np;
                    if (dMin == dN) {
                        gam = dN;
                        a2 = 0.0;
                        if (nn - 5 >= 0 && nn - 7 >= 0 && work[nn - 5] > work[nn - 7]) {
                            return;
                        }
                        b2 = (nn - 5 >= 0 && nn - 7 >= 0) ? work[nn - 5] / work[nn - 7] : 0;
                        np = nn - 9;
                    } else {
                        np = nn - 2 * pingPong;
                        b2 = (np - 2 >= 0) ? work[np - 2] : 0;
                        gam = dN1;
                        if (np - 4 >= 0 && np - 2 >= 0 && work[np - 4] > work[np - 2]) {
                            return;
                        }
                        a2 = (np - 4 >= 0 && np - 2 >= 0) ? work[np - 4] / work[np - 2] : 0;
                        if (nn - 9 >= 0 && nn - 11 >= 0 && work[nn - 9] > work[nn - 11]) {
                            return;
                        }
                        b2 = (nn - 9 >= 0 && nn - 11 >= 0) ? work[nn - 9] / work[nn - 11] : 0;
                        np = nn - 13;
                    }

                    // approximate contribution to norm squared from i < nn-1.
                    a2 = a2 + b2;
                    for (int i4 = np; i4 >= 4 * start + 2 + pingPong; i4 -= 4) {
                        if (i4 < 0) break;
                        if (b2 == 0.0) {
                            break;
                        }
                        b1 = b2;
                        if (i4 >= 0 && i4 - 2 >= 0 && work[i4] > work[i4 - 2]) {
                            return;
                        }
                        b2 = (i4 >= 0 && i4 - 2 >= 0) ? b2 * (work[i4] / work[i4 - 2]) : 0;
                        a2 = a2 + b2;
                        if (100 * Math.max(b2, b1) < a2 || cnst1 < a2) {
                            break;
                        }
                    }
                    a2 = cnst3 * a2;

                    // rayleigh quotient residual bound.
                    if (a2 < cnst1) {
                        s = gam * (1 - Math.sqrt(a2)) / (1 + a2);
                    }
                    tau = s;
                }
            } else if (dMin == dN2) {
                // case 5.
                tType = -5;
                double s = 0.25 * dMin;

                // compute contribution to norm squared from i > nn-2.
                final int np = nn - 2 * pingPong;
                double b1 = (np - 2 >= 0) ? work[np - 2] : 0;
                double b2 = (np - 6 >= 0) ? work[np - 6] : 0;
                final double gam = dN2;
                if (np - 8 >= 0 && np - 6 >= 0 && (work[np - 8] > b2 || work[np - 4] > b1)) {
                    return;
                }
                double a2 = ((np - 8 >= 0 && np - 6 >= 0) ? (work[np - 8] / b2) : 0) * 
                           (1 + ((np - 4 >= 0 && np - 2 >= 0) ? work[np - 4] / b1 : 0));

                // approximate contribution to norm squared from i < nn-2.
                if (end - start > 2) {
                    b2 = (nn - 13 >= 0 && nn - 15 >= 0) ? work[nn - 13] / work[nn - 15] : 0;
                    a2 = a2 + b2;
                    for (int i4 = nn - 17; i4 >= 4 * start + 2 + pingPong; i4 -= 4) {
                        if (i4 < 0) break;
                        if (b2 == 0.0) {
                            break;
                        }
                        b1 = b2;
                        if (i4 >= 0 && i4 - 2 >= 0 && work[i4] > work[i4 - 2]) {
                            return;
                        }
                        b2 = (i4 >= 0 && i4 - 2 >= 0) ? b2 * (work[i4] / work[i4 - 2]) : 0;
                        a2 = a2 + b2;
                        if (100 * Math.max(b2, b1) < a2 || cnst1 < a2)  {
                            break;
                        }
                    }
                    a2 = cnst3 * a2;
                }

                if (a2 < cnst1) {
                    tau = gam * (1 - Math.sqrt(a2)) / (1 + a2);
                } else {
                    tau = s;
                }

            } else {
                // case 6, no information to guide us.
                if (tType == -6) {
                    g += 0.333 * (1 - g);
                } else if (tType == -18) {
                    g = 0.25 * 0.333;
                } else {
                    g = 0.25;
                }
                tau   = g * dMin;
                tType = -6;
            }
            break;

        case 1 : // one eigenvalue just deflated. use dMin1, dN1 for dMin and dN.
            if (dMin1 == dN1 && dMin2 == dN2) {
                // cases 7 and 8.
                tType = -7;
                double s = 0.333 * dMin1;
                if (nn - 5 >= 0 && nn - 7 >= 0 && work[nn - 5] > work[nn - 7]) {
                    return;
                }
                double b1 = (nn - 5 >= 0 && nn - 7 >= 0) ? work[nn - 5] / work[nn - 7] : 0;
                double b2 = b1;
                if (b2 != 0.0) {
                    for (int i4 = 4 * end - 10 + pingPong; i4 >= 4 * start + 2 + pingPong; i4 -= 4) {
                        if (i4 < 0) break;
                        final double oldB1 = b1;
                        if (i4 >= 0 && i4 - 2 >= 0 && work[i4] > work[i4 - 2]) {
                            return;
                        }
                        b1 = (i4 >= 0 && i4 - 2 >= 0) ? b1 * (work[i4] / work[i4 - 2]) : 0;
                        b2 = b2 + b1;
                        if (100 * Math.max(b1, oldB1) < b2) {
                            break;
                        }
                    }
                }
                b2 = Math.sqrt(cnst3 * b2);
                final double a2 = dMin1 / (1 + b2 * b2);
                final double gap2 = 0.5 * dMin2 - a2;
                if (gap2 > 0.0 && gap2 > b2 * a2) {
                    tau = Math.max(s, a2 * (1 - cnst2 * a2 * (b2 / gap2) * b2));
                } else {
                    tau = Math.max(s, a2 * (1 - cnst2 * b2));
                    tType = -8;
                }
            } else {
                // case 9.
                tau = 0.25 * dMin1;
                if (dMin1 == dN1) {
                    tau = 0.5 * dMin1;
                }
                tType = -9;
            }
            break;

        case 2 : // two realEigenvalues deflated. use dMin2, dN2 for dMin and dN.
            // cases 10 and 11.
            if (dMin2 == dN2 && 2 * work[nn - 5] < work[nn - 7]) {
                tType = -10;
                final double s = 0.333 * dMin2;
                if (nn - 5 >= 0 && nn - 7 >= 0 && work[nn - 5] > work[nn - 7]) {
                    return;
                }
                double b1 = (nn - 5 >= 0 && nn - 7 >= 0) ? work[nn - 5] / work[nn - 7] : 0;
                double b2 = b1;
                if (b2 != 0.0){
                    for (int i4 = 4 * end - 9 + pingPong; i4 >= 4 * start + 2 + pingPong; i4 -= 4) {
                        if (i4 < 0) break;
                        if (i4 >= 0 && i4 - 2 >= 0 && work[i4] > work[i4 - 2]) {
                            return;
                        }
                        b1 = (i4 >= 0 && i4 - 2 >= 0) ? b1 * (work[i4] / work[i4 - 2]) : 0;
                        b2 += b1;
                        if (100 * b1 < b2) {
                            break;
                        }
                    }
                }
                b2 = Math.sqrt(cnst3 * b2);
                final double a2 = dMin2 / (1 + b2 * b2);
                final double gap2 = (nn - 7 >= 0 && nn - 9 >= 0 && nn - 11 >= 0 && nn - 9 >= 0) ? 
                    work[nn - 7] + work[nn - 9] - Math.sqrt(work[nn - 11]) * Math.sqrt(work[nn - 9]) - a2 : 0;
                if (gap2 > 0.0 && gap2 > b2 * a2) {
                    tau = Math.max(s, a2 * (1 - cnst2 * a2 * (b2 / gap2) * b2));
                } else {
                    tau = Math.max(s, a2 * (1 - cnst2 * b2));
                }
            } else {
                tau   = 0.25 * dMin2;
                tType = -11;
            }
            break;

        default : // case 12, more than two realEigenvalues deflated. no information.
            tau   = 0.0;
            tType = -12;
    }
}
```

The main changes include:
1. Added bounds checking for array indices before accessing the work array
2. Added early return if nn is negative
3. Added proper handling of cases where array indices might be out of bounds
4. Maintained the same mathematical logic but with safe array access

The other two functions (`computeGershgorinCircles` and `processGeneralBlock`) didn't show any obvious bugs in the test failure, so I haven't modified them. The array index out of bounds exception was specifically coming from the `computeShiftIncrement` method."
2,root_c2_c0_c2,Math_86_query,Math_86,gen,1,5,10,np.nan,"```java
public CholeskyDecompositionImpl(final RealMatrix matrix,
                                     final double relativeSymmetryThreshold,
                                     final double absolutePositivityThreshold)
        throws NonSquareMatrixException,
               NotSymmetricMatrixException, NotPositiveDefiniteMatrixException {

        if (!matrix.isSquare()) {
            throw new NonSquareMatrixException(matrix.getRowDimension(),
                                               matrix.getColumnDimension());
        }

        final int order = matrix.getRowDimension();
        lTData   = matrix.getData();
        cachedL  = null;
        cachedLT = null;

        // check the matrix before transformation
        for (int i = 0; i < order; ++i) {
            final double[] lI = lTData[i];

            // check off-diagonal elements (and reset them to 0)
            for (int j = i + 1; j < order; ++j) {
                final double[] lJ = lTData[j];
                final double lIJ = lI[j];
                final double lJI = lJ[i];
                final double maxDelta =
                    relativeSymmetryThreshold * Math.max(Math.abs(lIJ), Math.abs(lJI));
                if (Math.abs(lIJ - lJI) > maxDelta) {
                    throw new NotSymmetricMatrixException();
                }
                lJ[i] = 0;
            }
        }

        // transform the matrix
        for (int i = 0; i < order; ++i) {
            final double[] ltI = lTData[i];

            // check diagonal element
            if (ltI[i] <= absolutePositivityThreshold) {
                throw new NotPositiveDefiniteMatrixException();
            }

            ltI[i] = Math.sqrt(ltI[i]);
            final double inverse = 1.0 / ltI[i];

            for (int q = order - 1; q > i; --q) {
                ltI[q] *= inverse;
                final double[] ltQ = lTData[q];
                for (int p = q; p < order; ++p) {
                    ltQ[p] -= ltI[q] * ltI[p];
                    // Check for positive definiteness during decomposition
                    if (p == q && ltQ[p] <= absolutePositivityThreshold) {
                        throw new NotPositiveDefiniteMatrixException();
                    }
                }
            }
        }
    }
```"
2,root_c2_c1_c0,Math_29_query,Math_29,gen,1,6,10,np.nan,"```java
@Override
public OpenMapRealVector ebeMultiply(RealVector v) {
    checkVectorDimensions(v.getDimension());
    OpenMapRealVector res = new OpenMapRealVector(this);
    // First handle non-zero entries of this vector
    Iterator iter = entries.iterator();
    while (iter.hasNext()) {
        iter.advance();
        res.setEntry(iter.key(), iter.value() * v.getEntry(iter.key()));
    }
    // Then check for cases where this[i] = 0 but v[i] is special
    for (int i = 0; i < getDimension(); i++) {
        if (!entries.containsKey(i)) {
            double vi = v.getEntry(i);
            if (Double.isNaN(vi) || Double.isInfinite(vi)) {
                res.setEntry(i, Double.NaN);
            }
        }
    }
    return res;
}
```

```java
@Override
public OpenMapRealVector ebeDivide(RealVector v) {
    checkVectorDimensions(v.getDimension());
    OpenMapRealVector res = new OpenMapRealVector(this);
    // Need to check all entries since 0/0 = NaN
    for (int i = 0; i < getDimension(); i++) {
        double di = getEntry(i);
        double vi = v.getEntry(i);
        res.setEntry(i, di / vi);
    }
    return res;
}
```"
2,root_c2_c1_c0,Math_49_query,Math_49,gen,0,0,10,,
2,root_c2_c1_c0,Math_77_query,Math_77,gen,1,10,10,np.nan,"```java
@Override
public double getLInfNorm() {
    double max = 0;
    for (double a : data) {
        max = Math.max(max, Math.abs(a));
    }
    return max;
}
```

```java
public double getLInfNorm() {
    double max = 0;
    Iterator iter = entries.iterator();
    while (iter.hasNext()) {
        iter.advance();
        max = Math.max(max, Math.abs(iter.value()));
    }
    return max;
}
```"
2,root_c2_c1_c1,Math_35_query,Math_35,gen,1,10,10,np.nan,"```java
public ElitisticListPopulation(final int populationLimit, final double elitismRate) {
    super(populationLimit);
    if (elitismRate < 0 || elitismRate > 1) {
        throw new OutOfRangeException(elitismRate, 0, 1);
    }
    this.elitismRate = elitismRate;
}
```

```java
public ElitisticListPopulation(final List<Chromosome> chromosomes,
                               final int populationLimit,
                               final double elitismRate) {
    super(chromosomes, populationLimit);
    if (elitismRate < 0 || elitismRate > 1) {
        throw new OutOfRangeException(elitismRate, 0, 1);
    }
    this.elitismRate = elitismRate;
}
```"
2,root_c2_c1_c1,Math_45_query,Math_45,gen,1,10,10,np.nan,"```java
public OpenMapRealMatrix(int rowDimension, int columnDimension) {
        super(rowDimension, columnDimension);
        if ((long)rowDimension * columnDimension >= Integer.MAX_VALUE) {
            throw new NumberIsTooLargeException((long)rowDimension * columnDimension,
                                              Integer.MAX_VALUE, false);
        }
        this.rows = rowDimension;
        this.columns = columnDimension;
        this.entries = new OpenIntToDoubleHashMap(0.0);
    }
```"
2,root_c2_c1_c1,Math_8_query,Math_8,gen,1,3,10,np.nan,"```java
public T[] sample(int sampleSize) throws NotStrictlyPositiveException {
        if (sampleSize <= 0) {
            throw new NotStrictlyPositiveException(LocalizedFormats.NUMBER_OF_SAMPLES,
                    sampleSize);
        }

        final Object[] out = new Object[sampleSize];

        for (int i = 0; i < sampleSize; i++) {
            out[i] = sample();
        }

        @SuppressWarnings(""unchecked"") // OK because input is type T
        final T[] result = (T[]) out;
        return result;
    }
```"
2,root_c2_c1_c2,Math_98_query,Math_98,sr,1,10,10,,
2,root_c2_c2_c0,Chart_13_query,Chart_13,gen,1,10,10,np.nan,"```java
protected Size2D arrangeFF(BlockContainer container, Graphics2D g2,
                               RectangleConstraint constraint) {
        double[] w = new double[5];
        double[] h = new double[5];
        w[0] = constraint.getWidth();
        if (this.topBlock != null) {
            RectangleConstraint c1 = new RectangleConstraint(w[0], null,
                    LengthConstraintType.FIXED, 0.0,
                    new Range(0.0, constraint.getHeight()),
                    LengthConstraintType.RANGE);
            Size2D size = this.topBlock.arrange(g2, c1);
            h[0] = size.height;
        }
        w[1] = w[0];
        if (this.bottomBlock != null) {
            double maxHeight = Math.max(0.0, constraint.getHeight() - h[0]);
            RectangleConstraint c2 = new RectangleConstraint(w[0], null,
                    LengthConstraintType.FIXED, 0.0, new Range(0.0, maxHeight), 
                    LengthConstraintType.RANGE);
            Size2D size = this.bottomBlock.arrange(g2, c2);
            h[1] = size.height;
        }
        h[2] = Math.max(0.0, constraint.getHeight() - h[1] - h[0]);
        if (this.leftBlock != null) {
            RectangleConstraint c3 = new RectangleConstraint(0.0,
                    new Range(0.0, constraint.getWidth()),
                    LengthConstraintType.RANGE, h[2], null,
                    LengthConstraintType.FIXED);
            Size2D size = this.leftBlock.arrange(g2, c3);
            w[2] = size.width;
        }
        h[3] = h[2];
        if (this.rightBlock != null) {
            double maxWidth = Math.max(0.0, constraint.getWidth() - w[2]);
            RectangleConstraint c4 = new RectangleConstraint(0.0,
                    new Range(0.0, maxWidth),
                    LengthConstraintType.RANGE, h[2], null,
                    LengthConstraintType.FIXED);
            Size2D size = this.rightBlock.arrange(g2, c4);
            w[3] = size.width;
        }
        h[4] = h[2];
        w[4] = Math.max(0.0, constraint.getWidth() - w[3] - w[2]);
        RectangleConstraint c5 = new RectangleConstraint(w[4], h[4]);
        if (this.centerBlock != null) {
            this.centerBlock.arrange(g2, c5);
        }

        if (this.topBlock != null) {
            this.topBlock.setBounds(new Rectangle2D.Double(0.0, 0.0, w[0],
                    h[0]));
        }
        if (this.bottomBlock != null) {
            this.bottomBlock.setBounds(new Rectangle2D.Double(0.0, h[0] + h[2],
                    w[1], h[1]));
        }
        if (this.leftBlock != null) {
            this.leftBlock.setBounds(new Rectangle2D.Double(0.0, h[0], w[2],
                    h[2]));
        }
        if (this.rightBlock != null) {
            this.rightBlock.setBounds(new Rectangle2D.Double(w[2] + w[4], h[0],
                    w[3], h[3]));
        }
        if (this.centerBlock != null) {
            this.centerBlock.setBounds(new Rectangle2D.Double(w[2], h[0], w[4],
                    h[4]));
        }
        return new Size2D(constraint.getWidth(), h[0] + h[2] + h[1]);
    }
```"
2,root_c2_c2_c1,Math_18_query,Math_18,gen,0,0,10,,
2,root_c2_c2_c1,Math_20_query,Math_20,gen,1,9,10,np.nan,"```java
public double[] repairAndDecode(final double[] x) {
            double[] repaired = new double[x.length];
            for (int i = 0; i < x.length; i++) {
                if (x[i] < 0) {
                    repaired[i] = 0;
                } else if (x[i] > 1.0) {
                    repaired[i] = 1.0;
                } else {
                    repaired[i] = x[i];
                }
            }
            return decode(repaired);
        }
```"
2,root_c2_c2_c1,Math_33_query,Math_33,gen,0,0,10,,
2,root_c2_c2_c1,Math_42_query,Math_42,gen,0,0,10,,
2,root_c2_c2_c1,Math_83_query,Math_83,gen,0,0,10,,
2,root_c2_c2_c1,Math_87_query,Math_87,gen,0,0,10,,
2,root_c2_c2_c1,Math_88_query,Math_88,gen,0,0,10,,
2,root_c2_c2_c2,Math_28_query,Math_28,sr,1,1,10,,
2,root_c2_c2_c2,Math_4_query,Math_4,sr,1,10,10,,
2,root_c2_c2_c2,Math_82_query,Math_82,sr,1,10,10,,
2,root_c2_c3_c0,Math_23_query,Math_23,gen,1,3,10,np.nan,"```java
@Override
protected UnivariatePointValuePair doOptimize() {
    final boolean isMinim = getGoalType() == GoalType.MINIMIZE;
    final double lo = getMin();
    final double mid = getStartValue();
    final double hi = getMax();

    // Optional additional convergence criteria.
    final ConvergenceChecker<UnivariatePointValuePair> checker
        = getConvergenceChecker();

    double a;
    double b;
    if (lo < hi) {
        a = lo;
        b = hi;
    } else {
        a = hi;
        b = lo;
    }

    double x = mid;
    double v = x;
    double w = x;
    double d = 0;
    double e = 0;
    double fx = computeObjectiveValue(x);
    if (!isMinim) {
        fx = -fx;
    }
    double fv = fx;
    double fw = fx;

    UnivariatePointValuePair previous = null;
    UnivariatePointValuePair current
        = new UnivariatePointValuePair(x, isMinim ? fx : -fx);
    // Best point encountered so far (which is the initial guess).
    UnivariatePointValuePair best = current;

    int iter = 0;
    while (true) {
        final double m = 0.5 * (a + b);
        final double tol1 = relativeThreshold * FastMath.abs(x) + absoluteThreshold;
        final double tol2 = 2 * tol1;

        // Default stopping criterion.
        final boolean stop = FastMath.abs(x - m) <= tol2 - 0.5 * (b - a);
        if (!stop) {
            double p = 0;
            double q = 0;
            double r = 0;
            double u = 0;

            if (FastMath.abs(e) > tol1) { // Fit parabola.
                r = (x - w) * (fx - fv);
                q = (x - v) * (fx - fw);
                p = (x - v) * q - (x - w) * r;
                q = 2 * (q - r);

                if (q > 0) {
                    p = -p;
                } else {
                    q = -q;
                }

                r = e;
                e = d;

                if (p > q * (a - x) &&
                    p < q * (b - x) &&
                    FastMath.abs(p) < FastMath.abs(0.5 * q * r)) {
                    // Parabolic interpolation step.
                    d = p / q;
                    u = x + d;

                    // f must not be evaluated too close to a or b.
                    if (u - a < tol2 || b - u < tol2) {
                        if (x <= m) {
                            d = tol1;
                        } else {
                            d = -tol1;
                        }
                    }
                } else {
                    // Golden section step.
                    if (x < m) {
                        e = b - x;
                    } else {
                        e = a - x;
                    }
                    d = GOLDEN_SECTION * e;
                }
            } else {
                // Golden section step.
                if (x < m) {
                    e = b - x;
                } else {
                    e = a - x;
                }
                d = GOLDEN_SECTION * e;
            }

            // Update by at least ""tol1"".
            if (FastMath.abs(d) < tol1) {
                if (d >= 0) {
                    u = x + tol1;
                } else {
                    u = x - tol1;
                }
            } else {
                u = x + d;
            }

            double fu = computeObjectiveValue(u);
            if (!isMinim) {
                fu = -fu;
            }

            // User-defined convergence checker.
            previous = current;
            current = new UnivariatePointValuePair(u, isMinim ? fu : -fu);
            if (isMinim ? (fu <= best.getValue()) : (fu >= best.getValue())) {
                best = current;
            }

            if (checker != null) {
                if (checker.converged(iter, previous, current)) {
                    return best;
                }
            }

            // Update a, b, v, w and x.
            if (fu <= fx) {
                if (u < x) {
                    b = x;
                } else {
                    a = x;
                }
                v = w;
                fv = fw;
                w = x;
                fw = fx;
                x = u;
                fx = fu;
            } else {
                if (u < x) {
                    a = u;
                } else {
                    b = u;
                }
                if (fu <= fw ||
                    Precision.equals(w, x)) {
                    v = w;
                    fv = fw;
                    w = u;
                    fw = fu;
                } else if (fu <= fv ||
                           Precision.equals(v, x) ||
                           Precision.equals(v, w)) {
                    v = u;
                    fv = fu;
                }
            }
        } else { // Default termination (Brent's criterion).
            return best;
        }
        ++iter;
    }
}
```"
2,root_c2_c3_c0,Math_24_query,Math_24,gen,1,6,10,np.nan,"```java
@Override
protected UnivariatePointValuePair doOptimize() {
    final boolean isMinim = getGoalType() == GoalType.MINIMIZE;
    final double lo = getMin();
    final double mid = getStartValue();
    final double hi = getMax();

    // Optional additional convergence criteria.
    final ConvergenceChecker<UnivariatePointValuePair> checker
        = getConvergenceChecker();

    double a;
    double b;
    if (lo < hi) {
        a = lo;
        b = hi;
    } else {
        a = hi;
        b = lo;
    }

    double x = mid;
    double v = x;
    double w = x;
    double d = 0;
    double e = 0;
    double fx = computeObjectiveValue(x);
    if (!isMinim) {
        fx = -fx;
    }
    double fv = fx;
    double fw = fx;

    UnivariatePointValuePair previous = null;
    UnivariatePointValuePair current
        = new UnivariatePointValuePair(x, isMinim ? fx : -fx);
    // Store best point found so far
    UnivariatePointValuePair best = current;

    int iter = 0;
    while (true) {
        final double m = 0.5 * (a + b);
        final double tol1 = relativeThreshold * FastMath.abs(x) + absoluteThreshold;
        final double tol2 = 2 * tol1;

        // Default stopping criterion.
        final boolean stop = FastMath.abs(x - m) <= tol2 - 0.5 * (b - a);
        if (!stop) {
            double p = 0;
            double q = 0;
            double r = 0;
            double u = 0;

            if (FastMath.abs(e) > tol1) { // Fit parabola.
                r = (x - w) * (fx - fv);
                q = (x - v) * (fx - fw);
                p = (x - v) * q - (x - w) * r;
                q = 2 * (q - r);

                if (q > 0) {
                    p = -p;
                } else {
                    q = -q;
                }

                r = e;
                e = d;

                if (p > q * (a - x) &&
                    p < q * (b - x) &&
                    FastMath.abs(p) < FastMath.abs(0.5 * q * r)) {
                    // Parabolic interpolation step.
                    d = p / q;
                    u = x + d;

                    // f must not be evaluated too close to a or b.
                    if (u - a < tol2 || b - u < tol2) {
                        if (x <= m) {
                            d = tol1;
                        } else {
                            d = -tol1;
                        }
                    }
                } else {
                    // Golden section step.
                    if (x < m) {
                        e = b - x;
                    } else {
                        e = a - x;
                    }
                    d = GOLDEN_SECTION * e;
                }
            } else {
                // Golden section step.
                if (x < m) {
                    e = b - x;
                } else {
                    e = a - x;
                }
                d = GOLDEN_SECTION * e;
            }

            // Update by at least ""tol1"".
            if (FastMath.abs(d) < tol1) {
                if (d >= 0) {
                    u = x + tol1;
                } else {
                    u = x - tol1;
                }
            } else {
                u = x + d;
            }

            double fu = computeObjectiveValue(u);
            if (!isMinim) {
                fu = -fu;
            }

            // User-defined convergence checker.
            previous = current;
            current = new UnivariatePointValuePair(u, isMinim ? fu : -fu);
            // Update best point if better found
            if (isMinim ? fu < best.getValue() : fu > best.getValue()) {
                best = current;
            }

            if (checker != null) {
                if (checker.converged(iter, previous, current)) {
                    return best;
                }
            }

            // Update a, b, v, w and x.
            if (fu <= fx) {
                if (u < x) {
                    b = x;
                } else {
                    a = x;
                }
                v = w;
                fv = fw;
                w = x;
                fw = fx;
                x = u;
                fx = fu;
            } else {
                if (u < x) {
                    a = u;
                } else {
                    b = u;
                }
                if (fu <= fw ||
                    Precision.equals(w, x)) {
                    v = w;
                    fv = fw;
                    w = u;
                    fw = fu;
                } else if (fu <= fv ||
                           Precision.equals(v, x) ||
                           Precision.equals(v, w)) {
                    v = u;
                    fv = fu;
                }
            }
        } else { // Default termination (Brent's criterion).
            return best;
        }
        ++iter;
    }
}
```"
2,root_c2_c3_c0,Math_62_query,Math_62,gen,0,0,10,,
2,root_c2_c3_c0,Math_66_query,Math_66,gen,0,0,10,,
2,root_c2_c3_c0,Math_67_query,Math_67,gen,0,0,10,,
2,root_c2_c3_c0,Math_84_query,Math_84,gen,1,1,10,np.nan,"```java
@Override
protected void iterateSimplex(final Comparator<RealPointValuePair> comparator)
    throws FunctionEvaluationException, OptimizationException, IllegalArgumentException {

    incrementIterationsCounter();

    // save the original vertex
    final RealPointValuePair[] original = simplex.clone();
    final RealPointValuePair best = original[0];

    // perform a reflection step
    final RealPointValuePair reflected = evaluateNewSimplex(original, 1.0, comparator);
    if (comparator.compare(reflected, best) < 0) {

        // compute the expanded simplex
        final RealPointValuePair[] reflectedSimplex = simplex;
        final RealPointValuePair expanded = evaluateNewSimplex(original, khi, comparator);
        if (comparator.compare(reflected, expanded) <= 0) {
            // accept the reflected simplex
            simplex = reflectedSimplex;
        }
        return;
    }

    // compute the contracted simplex
    final RealPointValuePair contracted = evaluateNewSimplex(original, gamma, comparator);
    if (comparator.compare(contracted, best) < 0) {
        // accept the contracted simplex
        return;
    }

    // check convergence
    final RealPointValuePair[] current = simplex;
    boolean converged = true;
    for (int i = 0; i < current.length; ++i) {
        converged &= comparator.compare(current[i], best) == 0;
    }
    if (converged) {
        return;
    }

    // perform a reduction step if we get here
    evaluateNewSimplex(original, rho, comparator);
}
```"
2,root_c2_c3_c1,Math_40_query,Math_40,sr,0,0,10,,
2,root_c2_c3_c1,Math_48_query,Math_48,sr,1,5,10,,
2,root_c2_c3_c1,Math_50_query,Math_50,sr,0,0,10,,
2,root_c2_c3_c1,Math_51_query,Math_51,sr,0,0,10,,
2,root_c2_c3_c1,Math_70_query,Math_70,sr,1,10,10,,
2,root_c2_c3_c1,Math_72_query,Math_72,sr,1,4,10,,
2,root_c2_c3_c1,Math_73_query,Math_73,sr,1,10,10,,
2,root_c2_c3_c1,Math_85_query,Math_85,sr,1,2,10,,
2,root_c2_c3_c1,Math_97_query,Math_97,sr,1,8,10,,
2,root_c2_c3_c2,Math_39_query,Math_39,gen,1,7,10,np.nan,"```java
@Override
public void integrate(final ExpandableStatefulODE equations, final double t)
    throws MathIllegalStateException, MathIllegalArgumentException {

    sanityChecks(equations, t);
    setEquations(equations);
    final boolean forward = t > equations.getTime();

    // create some internal working arrays
    final double[] y0  = equations.getCompleteState();
    final double[] y = y0.clone();
    final int stages = c.length + 1;
    final double[][] yDotK = new double[stages][y.length];
    final double[] yTmp    = y0.clone();
    final double[] yDotTmp = new double[y.length];

    // set up an interpolator sharing the integrator arrays
    final RungeKuttaStepInterpolator interpolator = (RungeKuttaStepInterpolator) prototype.copy();
    interpolator.reinitialize(this, yTmp, yDotK, forward,
                            equations.getPrimaryMapper(), equations.getSecondaryMappers());
    interpolator.storeTime(equations.getTime());

    // set up integration control objects
    stepStart         = equations.getTime();
    double  hNew      = 0;
    boolean firstTime = true;
    initIntegration(equations.getTime(), y0, t);

    // main integration loop
    isLastStep = false;
    do {

        interpolator.shift();

        // iterate over step size, ensuring local normalized error is smaller than 1
        double error = 10;
        while (error >= 1.0) {

            if (firstTime || !fsal) {
                // first stage
                computeDerivatives(stepStart, y, yDotK[0]);
            }

            if (firstTime) {
                final double[] scale = new double[mainSetDimension];
                if (vecAbsoluteTolerance == null) {
                    for (int i = 0; i < scale.length; ++i) {
                        scale[i] = scalAbsoluteTolerance + scalRelativeTolerance * FastMath.abs(y[i]);
                    }
                } else {
                    for (int i = 0; i < scale.length; ++i) {
                        scale[i] = vecAbsoluteTolerance[i] + vecRelativeTolerance[i] * FastMath.abs(y[i]);
                    }
                }
                hNew = initializeStep(forward, getOrder(), scale,
                                    stepStart, y, yDotK[0], yTmp, yDotK[1]);
                // Limit the first step size to prevent too large initial steps
                if (forward) {
                    hNew = FastMath.min(hNew, t - stepStart);
                } else {
                    hNew = FastMath.max(hNew, t - stepStart);
                }
                firstTime = false;
            }

            stepSize = hNew;

            // next stages
            for (int k = 1; k < stages; ++k) {
                for (int j = 0; j < y0.length; ++j) {
                    double sum = a[k-1][0] * yDotK[0][j];
                    for (int l = 1; l < k; ++l) {
                        sum += a[k-1][l] * yDotK[l][j];
                    }
                    yTmp[j] = y[j] + stepSize * sum;
                }
                computeDerivatives(stepStart + c[k-1] * stepSize, yTmp, yDotK[k]);
            }

            // estimate the state at the end of the step
            for (int j = 0; j < y0.length; ++j) {
                double sum = b[0] * yDotK[0][j];
                for (int l = 1; l < stages; ++l) {
                    sum += b[l] * yDotK[l][j];
                }
                yTmp[j] = y[j] + stepSize * sum;
            }

            // estimate the error at the end of the step
            error = estimateError(yDotK, y, yTmp, stepSize);
            if (error >= 1.0) {
                final double factor =
                    FastMath.min(maxGrowth,
                               FastMath.max(minReduction, safety * FastMath.pow(error, exp)));
                hNew = filterStep(stepSize * factor, forward, false);
            }
        }

        // local error is small enough: accept the step, trigger events and step handlers
        interpolator.storeTime(stepStart + stepSize);
        System.arraycopy(yTmp, 0, y, 0, y0.length);
        System.arraycopy(yDotK[stages - 1], 0, yDotTmp, 0, y0.length);
        stepStart = acceptStep(interpolator, y, yDotTmp, t);
        System.arraycopy(y, 0, yTmp, 0, y.length);

        if (!isLastStep) {
            // prepare next step
            interpolator.storeTime(stepStart);

            if (fsal) {
                // save the last evaluation for the next step
                System.arraycopy(yDotTmp, 0, yDotK[0], 0, y0.length);
            }

            // stepsize control for next step
            final double factor =
                FastMath.min(maxGrowth, FastMath.max(minReduction, safety * FastMath.pow(error, exp)));
            final double  scaledH    = stepSize * factor;
            final double  nextT      = stepStart + scaledH;
            final boolean nextIsLast = forward ? (nextT >= t) : (nextT <= t);
            hNew = filterStep(scaledH, forward, nextIsLast);

            final double  filteredNextT      = stepStart + hNew;
            final boolean filteredNextIsLast = forward ? (filteredNextT >= t) : (filteredNextT <= t);
            if (filteredNextIsLast) {
                hNew = t - stepStart;
            }
        }

    } while (!isLastStep);

    // dispatch results
    equations.setTime(stepStart);
    equations.setCompleteState(y);

    resetInternalState();
}
```"
2,root_c2_c3_c2,Math_44_query,Math_44,gen,0,0,10,,
2,root_c2_c3_c2,Math_71_query,Math_71,gen,0,0,10,,
2,root_c2_c3_c2,Math_74_query,Math_74,gen,0,0,10,,
2,root_c2_c3_c2,Math_78_query,Math_78,gen,1,6,10,np.nan,"```java
public boolean evaluateStep(final StepInterpolator interpolator)
        throws DerivativeException, EventException, ConvergenceException {

    try {
        forward = interpolator.isForward();
        final double t1 = interpolator.getCurrentTime();
        final int    n  = Math.max(1, (int) Math.ceil(Math.abs(t1 - t0) / maxCheckInterval));
        final double h  = (t1 - t0) / n;

        double ta = t0;
        double ga = g0;
        double tb = t0 + (interpolator.isForward() ? convergence : -convergence);
        
        for (int i = 0; i < n; ++i) {
            // evaluate handler value at the end of the substep
            tb += h;
            interpolator.setInterpolatedTime(tb);
            final double gb = handler.g(tb, interpolator.getInterpolatedState());

            // check events occurrence
            if (g0Positive ^ (gb >= 0)) {
                // there is a sign change: an event is expected during this step
                if ((ga * gb > 0) && (Math.abs(ga) < convergence)) {
                    // adjust ta to ensure proper bracketing
                    ta += forward ? convergence : -convergence;
                    interpolator.setInterpolatedTime(ta);
                    ga = handler.g(ta, interpolator.getInterpolatedState());
                }

                // variation direction, with respect to the integration direction
                increasing = gb >= ga;

                final UnivariateRealFunction f = new UnivariateRealFunction() {
                    public double value(final double t) throws FunctionEvaluationException {
                        try {
                            interpolator.setInterpolatedTime(t);
                            return handler.g(t, interpolator.getInterpolatedState());
                        } catch (DerivativeException e) {
                            throw new FunctionEvaluationException(e, t);
                        } catch (EventException e) {
                            throw new FunctionEvaluationException(e, t);
                        }
                    }
                };

                final BrentSolver solver = new BrentSolver();
                solver.setAbsoluteAccuracy(convergence);
                solver.setMaximalIterationCount(maxIterationCount);
                final double root = (ta <= tb) ? solver.solve(f, ta, tb) : solver.solve(f, tb, ta);

                if ((Math.abs(root - ta) <= convergence) {
                    // too close to ta, we ignore it
                    ta = tb;
                    ga = gb;
                } else if (Double.isNaN(previousEventTime) ||
                         (Math.abs(previousEventTime - root) > convergence)) {
                    pendingEventTime = root;
                    if (pendingEvent && (Math.abs(t1 - pendingEventTime) <= convergence)) {
                        return false;
                    }
                    pendingEvent = true;
                    return true;
                }
            } else {
                // no sign change: there is no event for now
                ta = tb;
                ga = gb;
            }
        }

        // no event during the whole step
        pendingEvent     = false;
        pendingEventTime = Double.NaN;
        return false;

    } catch (FunctionEvaluationException e) {
        final Throwable cause = e.getCause();
        if ((cause != null) && (cause instanceof DerivativeException)) {
            throw (DerivativeException) cause;
        } else if ((cause != null) && (cause instanceof EventException)) {
            throw (EventException) cause;
        }
        throw new EventException(e);
    }
}
```"
2,root_c2_c3_c2,Math_7_query,Math_7,gen,1,2,10,np.nan,"```java
protected double acceptStep(final AbstractStepInterpolator interpolator,
                                final double[] y, final double[] yDot, final double tEnd)
        throws MaxCountExceededException, DimensionMismatchException, NoBracketingException {

            double previousT = interpolator.getGlobalPreviousTime();
            final double currentT = interpolator.getGlobalCurrentTime();

            // initialize the events states if needed
            if (! statesInitialized) {
                for (EventState state : eventsStates) {
                    state.reinitializeBegin(interpolator);
                }
                statesInitialized = true;
            }

            // search for next events that may occur during the step
            final int orderingSign = interpolator.isForward() ? +1 : -1;
            SortedSet<EventState> occuringEvents = new TreeSet<EventState>(new Comparator<EventState>() {

                /** {@inheritDoc} */
                public int compare(EventState es0, EventState es1) {
                    return orderingSign * Double.compare(es0.getEventTime(), es1.getEventTime());
                }

            });

            for (final EventState state : eventsStates) {
                if (state.evaluateStep(interpolator)) {
                    // the event occurs during the current step
                    occuringEvents.add(state);
                }
            }

            while (!occuringEvents.isEmpty()) {

                // handle the chronologically first event
                final Iterator<EventState> iterator = occuringEvents.iterator();
                final EventState currentEvent = iterator.next();
                iterator.remove();

                // restrict the interpolator to the first part of the step, up to the event
                final double eventT = currentEvent.getEventTime();
                interpolator.setSoftPreviousTime(previousT);
                interpolator.setSoftCurrentTime(eventT);

                // get state at event time
                interpolator.setInterpolatedTime(eventT);
                final double[] eventY = interpolator.getInterpolatedState().clone();

                // advance all event states to current time
                for (EventState state : eventsStates) {
                    state.stepAccepted(eventT, eventY);
                }
                isLastStep = currentEvent.stop();

                // handle the first part of the step, up to the event
                for (final StepHandler handler : stepHandlers) {
                    handler.handleStep(interpolator, isLastStep);
                }

                if (isLastStep) {
                    // the event asked to stop integration
                    System.arraycopy(eventY, 0, y, 0, y.length);
                    return eventT;
                }

                boolean needReset = currentEvent.reset(eventT, eventY);
                if (needReset) {
                    // some event handler has triggered changes that
                    // invalidate the derivatives, we need to recompute them
                    System.arraycopy(eventY, 0, y, 0, y.length);
                    computeDerivatives(eventT, y, yDot);
                    resetOccurred = true;
                    return eventT;
                }

                // prepare handling of the remaining part of the step
                previousT = eventT;
                interpolator.setSoftPreviousTime(eventT);
                interpolator.setSoftCurrentTime(currentT);

                // check if the same event occurs again in the remaining part of the step
                if (currentEvent.evaluateStep(interpolator)) {
                    // the event occurs during the current step
                    occuringEvents.add(currentEvent);
                }

            }

            // last part of the step, after the last event
            interpolator.setInterpolatedTime(currentT);
            final double[] currentY = interpolator.getInterpolatedState();
            for (final EventState state : eventsStates) {
                state.stepAccepted(currentT, currentY);
                isLastStep = isLastStep || state.stop();
            }
            isLastStep = isLastStep || Precision.equals(currentT, tEnd, 1);

            // handle the remaining part of the step, after all events if any
            for (StepHandler handler : stepHandlers) {
                handler.handleStep(interpolator, isLastStep);
            }

            return currentT;

    }
```"
2,root_c2_c4_c0,Math_103_query,Math_103,gen,1,10,10,np.nan,"```java
public double cumulativeProbability(double x) throws MathException {
    if (Double.isInfinite(x)) {
        if (x < 0) {
            return 0.0;
        } else {
            return 1.0;
        }
    }
    
    double z = (x - mean) / (standardDeviation * Math.sqrt(2.0));
    if (z < -20) {
        return 0.0;
    }
    if (z > 20) {
        return 1.0;
    }
    
    try {
        return 0.5 * (1.0 + Erf.erf(z));
    } catch (MaxIterationsExceededException e) {
        if (z < 0) {
            return 0.0;
        } else {
            return 1.0;
        }
    }
}
```"
2,root_c2_c4_c0,Math_11_query,Math_11,gen,1,5,10,np.nan,"```java
public double density(final double[] vals) throws DimensionMismatchException {
        final int dim = getDimension();
        if (vals.length != dim) {
            throw new DimensionMismatchException(vals.length, dim);
        }

        return FastMath.pow(2 * FastMath.PI, -0.5 * dim) *
            FastMath.pow(covarianceMatrixDeterminant, -0.5) *
            getExponentTerm(vals);
    }
```"
2,root_c2_c4_c0,Math_22_query,Math_22,gen,1,10,10,np.nan,"```java
public boolean isSupportLowerBoundInclusive() {
    final double lowerBound = getSupportLowerBound();
    double result = density(lowerBound);
    return !Double.isInfinite(lowerBound) && !Double.isNaN(result) && !Double.isInfinite(result);
}
```

```java
public boolean isSupportUpperBoundInclusive() {
    final double upperBound = getSupportUpperBound();
    double result = density(upperBound);
    return !Double.isInfinite(upperBound) && !Double.isNaN(result) && !Double.isInfinite(result);
}
```"
2,root_c2_c4_c0,Math_2_query,Math_2,gen,1,10,10,np.nan,"```java
public double getNumericalMean() {
        return getSampleSize() * (getNumberOfSuccesses() / (double) getPopulationSize());
    }
```"
2,root_c2_c4_c0,Math_31_query,Math_31,gen,1,6,10,np.nan,"```java
public double evaluate(double x, double epsilon, int maxIterations) {
        final double small = 1e-50;
        double hPrev = getA(0, x);

        // use the value of small as epsilon criteria for zero checks
        if (Precision.equals(hPrev, 0.0, small)) {
            hPrev = small;
        }

        int n = 1;
        double dPrev = 0.0;
        double cPrev = hPrev;
        double hN = hPrev;
        double q1 = 1.0;
        double p0 = 1.0;

        while (n < maxIterations) {
            final double a = getA(n, x);
            final double b = getB(n, x);

            double dN = a + b * dPrev;
            if (Precision.equals(dN, 0.0, small)) {
                dN = small;
            }
            double cN = a + b / cPrev;
            if (Precision.equals(cN, 0.0, small)) {
                cN = small;
            }

            dN = 1 / dN;
            final double deltaN = cN * dN;
            hN = hPrev * deltaN;

            if (Double.isInfinite(hN)) {
                throw new ConvergenceException(LocalizedFormats.CONTINUED_FRACTION_INFINITY_DIVERGENCE,
                                             x);
            }
            if (Double.isNaN(hN)) {
                throw new ConvergenceException(LocalizedFormats.CONTINUED_FRACTION_NAN_DIVERGENCE,
                                             x);
            }

            if (FastMath.abs(deltaN - 1.0) < epsilon) {
                break;
            }

            dPrev = dN;
            cPrev = cN;
            hPrev = hN;
            n++;
        }

        if (n >= maxIterations) {
            throw new MaxCountExceededException(LocalizedFormats.NON_CONVERGENT_CONTINUED_FRACTION,
                                              maxIterations, x);
        }

        return hN;
    }
```"
2,root_c2_c4_c0,Math_41_query,Math_41,gen,1,10,10,np.nan,"```java
public double evaluate(final double[] values, final double[] weights,
                           final double mean, final int begin, final int length) {

        double var = Double.NaN;

        if (test(values, weights, begin, length)) {
            if (length == 1) {
                var = 0.0;
            } else if (length > 1) {
                double accum = 0.0;
                double dev = 0.0;
                double accum2 = 0.0;
                double sumWts = 0;
                for (int i = begin; i < begin + length; i++) {
                    dev = values[i] - mean;
                    accum += weights[i] * (dev * dev);
                    accum2 += weights[i] * dev;
                    sumWts += weights[i];
                }

                if (isBiasCorrected) {
                    var = (accum - (accum2 * accum2 / sumWts)) / (sumWts - 1.0);
                } else {
                    var = (accum - (accum2 * accum2 / sumWts)) / sumWts;
                }
            }
        }
        return var;
    }
```"
2,root_c2_c4_c0,Math_60_query,Math_60,gen,1,3,10,np.nan,"```java
public double cumulativeProbability(double x) throws MathException {
    final double dev = x - mean;
    if (Double.isInfinite(x)) {
        if (x > 0) {
            return 1.0;
        } else {
            return 0.0;
        }
    }
    try {
        return 0.5 * (1.0 + Erf.erf((dev) /
                    (standardDeviation * FastMath.sqrt(2.0))));
    } catch (MaxIterationsExceededException ex) {
        if (x < (mean - 40 * standardDeviation)) {
            return 0.0;
        } else if (x > (mean + 40 * standardDeviation)) {
            return 1.0;
        } else {
            throw ex;
        }
    }
}
```"
2,root_c2_c4_c0,Math_95_query,Math_95,gen,1,9,10,np.nan,"```java
protected double getInitialDomain(double p) {
    double ret;
    double d = getDenominatorDegreesOfFreedom();
    if (d > 2.0) {
        // use mean
        ret = d / (d - 2.0);
    } else {
        // when degrees of freedom <= 2, start at 1.0
        ret = 1.0;
    }
    return ret;
}
```"
2,root_c2_c4_c1,Math_102_query,Math_102,gen,1,7,7,np.nan,"```java
public double chiSquare(double[] expected, long[] observed)
        throws IllegalArgumentException {
        if ((expected.length < 2) || (expected.length != observed.length)) {
            throw new IllegalArgumentException(
                    ""observed, expected array lengths incorrect"");
        }
        if (!isPositive(expected) || !isNonNegative(observed)) {
            throw new IllegalArgumentException(
                ""observed counts must be non-negative and expected counts must be postive"");
        }
        
        // Rescale expected to match observed total
        double sumExpected = 0;
        long sumObserved = 0;
        for (int i = 0; i < observed.length; i++) {
            sumExpected += expected[i];
            sumObserved += observed[i];
        }
        double ratio = sumObserved / sumExpected;
        
        double sumSq = 0.0d;
        double dev = 0.0d;
        for (int i = 0; i < observed.length; i++) {
            double rescaledExpected = expected[i] * ratio;
            dev = ((double) observed[i] - rescaledExpected);
            sumSq += dev * dev / rescaledExpected;
        }
        return sumSq;
    }
```"
2,root_c2_c4_c1,Math_30_query,Math_30,gen,0,0,10,,
2,root_c2_c4_c1,Math_69_query,Math_69,gen,1,9,10,np.nan,"```java
public RealMatrix getCorrelationPValues() throws MathException {
        TDistribution tDistribution = new TDistributionImpl(nObs - 2);
        int nVars = correlationMatrix.getColumnDimension();
        double[][] out = new double[nVars][nVars];
        for (int i = 0; i < nVars; i++) {
            for (int j = 0; j < nVars; j++) {
                if (i == j) {
                    out[i][j] = 0d;
                } else {
                    double r = correlationMatrix.getEntry(i, j);
                    double t = Math.abs(r * Math.sqrt((nObs - 2)/(1 - r * r)));
                    out[i][j] = 2 * tDistribution.cumulativeProbability(-t);
                }
            }
        }
        return new BlockRealMatrix(out);
    }
```"
2,root_c2_c4_c2,Math_105_query,Math_105,gen,1,1,10,np.nan,"```java
public double getSumSquaredErrors() {
        double sse = sumYY - sumXY * sumXY / sumXX;
        return sse >= 0.0 ? sse : 0.0;
    }
```"
2,root_c2_c4_c2,Math_57_query,Math_57,gen,1,8,10,np.nan,"```java
private static <T extends Clusterable<T>> List<Cluster<T>>
        chooseInitialCenters(final Collection<T> points, final int k, final Random random) {

        final List<T> pointSet = new ArrayList<T>(points);
        final List<Cluster<T>> resultSet = new ArrayList<Cluster<T>>();

        // Choose one center uniformly at random from among the data points.
        final T firstPoint = pointSet.remove(random.nextInt(pointSet.size()));
        resultSet.add(new Cluster<T>(firstPoint));

        final double[] dx2 = new double[pointSet.size()];
        while (resultSet.size() < k) {
            // For each data point x, compute D(x), the distance between x and
            // the nearest center that has already been chosen.
            double sum = 0;
            for (int i = 0; i < pointSet.size(); i++) {
                final T p = pointSet.get(i);
                final Cluster<T> nearest = getNearestCluster(resultSet, p);
                final double d = p.distanceFrom(nearest.getCenter());
                dx2[i] = d * d;
                sum += dx2[i];
            }

            // Add one new data point as a center. Each point x is chosen with
            // probability proportional to D(x)2
            final double r = random.nextDouble() * sum;
            double cumsum = 0;
            for (int i = 0; i < dx2.length; i++) {
                cumsum += dx2[i];
                if (cumsum >= r) {
                    final T p = pointSet.remove(i);
                    resultSet.add(new Cluster<T>(p));
                    break;
                }
            }
        }

        return resultSet;
    }
```"
2,root_c2_c4_c2,Math_79_query,Math_79,gen,0,0,10,,
2,root_c3_c0_c0,JxPath_10_query,JxPath_10,gen,0,0,10,,
2,root_c3_c0_c0,JxPath_14_query,JxPath_14,gen,0,0,10,,
2,root_c3_c0_c0,JxPath_6_query,JxPath_6,gen,0,0,10,,
2,root_c3_c0_c1,JxPath_21_query,JxPath_21,gen,0,0,10,,
2,root_c3_c0_c1,JxPath_5_query,JxPath_5,gen,1,5,10,np.nan,"```java
private int compareNodePointers(
        NodePointer p1,
        int depth1,
        NodePointer p2,
        int depth2) 
    {
        if (depth1 < depth2) {
            int r = compareNodePointers(p1, depth1, p2.parent, depth2 - 1);
            return r == 0 ? -1 : r;
        }
        if (depth1 > depth2) {
            int r = compareNodePointers(p1.parent, depth1 - 1, p2, depth2);
            return r == 0 ? 1 : r;
        }
        if (p1 == null && p2 == null) {
            return 0;
        }

        if (p1 != null && p1.equals(p2)) {
            return 0;
        }

        if (p1 == null || p2 == null || p1.getRootNode() != p2.getRootNode()) {
            throw new JXPathException(
                    ""Cannot compare pointers that do not belong to the same tree: '""
                            + p1 + ""' and '"" + p2 + ""'"");
        }

        if (depth1 == 1) {
            return p1.parent.compareChildNodePointers(p1, p2);
        }
        
        int r = compareNodePointers(p1.parent, depth1 - 1, p2.parent, depth2 - 1);
        if (r != 0) {
            return r;
        }

        return p1.parent.compareChildNodePointers(p1, p2);
    }
```"
2,root_c3_c0_c2,JxPath_20_query,JxPath_20,sr,0,0,10,,
2,root_c3_c0_c2,JxPath_8_query,JxPath_8,sr,1,10,10,,
2,root_c3_c1_c0,Lang_49_query,Lang_49,gen,1,10,10,np.nan,"```java
public Fraction reduce() {
        if (numerator == 0) {
            return denominator == 1 ? this : Fraction.ZERO;
        }
        int gcd = greatestCommonDivisor(Math.abs(numerator), denominator);
        if (gcd == 1) {
            return this;
        }
        return Fraction.getFraction(numerator / gcd, denominator / gcd);
    }
```"
2,root_c3_c1_c0,Math_1_query,Math_1,gen,1,7,10,np.nan,"```java
private Fraction(double value, double epsilon, int maxDenominator, int maxIterations)
        throws FractionConversionException
    {
        long overflow = Integer.MAX_VALUE;
        double r0 = value;
        long a0 = (long)FastMath.floor(r0);
        if (FastMath.abs(a0) > overflow) {
            throw new FractionConversionException(value, a0, 1l);
        }

        // check for (almost) integer arguments, which should not go to iterations.
        if (FastMath.abs(a0 - value) < epsilon) {
            this.numerator = (int) a0;
            this.denominator = 1;
            return;
        }

        long p0 = 1;
        long q0 = 0;
        long p1 = a0;
        long q1 = 1;

        long p2 = 0;
        long q2 = 1;

        int n = 0;
        boolean stop = false;
        do {
            ++n;
            double r1 = 1.0 / (r0 - a0);
            long a1 = (long)FastMath.floor(r1);
            p2 = (a1 * p1) + p0;
            q2 = (a1 * q1) + q0;

            if ((FastMath.abs(p2) > overflow) || (FastMath.abs(q2) > overflow)) {
                // return last valid fraction when overflow occurs
                this.numerator = (int) p1;
                this.denominator = (int) q1;
                return;
            }

            double convergent = (double)p2 / (double)q2;
            if (n < maxIterations && FastMath.abs(convergent - value) > epsilon && q2 < maxDenominator) {
                p0 = p1;
                p1 = p2;
                q0 = q1;
                q1 = q2;
                a0 = a1;
                r0 = r1;
            } else {
                stop = true;
            }
        } while (!stop);

        if (n >= maxIterations) {
            throw new FractionConversionException(value, maxIterations);
        }

        if (q2 < maxDenominator) {
            this.numerator = (int) p2;
            this.denominator = (int) q2;
        } else {
            this.numerator = (int) p1;
            this.denominator = (int) q1;
        }
    }
```

```java
private BigFraction(final double value, final double epsilon,
                        final int maxDenominator, int maxIterations)
        throws FractionConversionException {
        long overflow = Integer.MAX_VALUE;
        double r0 = value;
        long a0 = (long) FastMath.floor(r0);
        if (a0 > overflow) {
            throw new FractionConversionException(value, a0, 1l);
        }

        // check for (almost) integer arguments
        if (FastMath.abs(a0 - value) < epsilon) {
            numerator = BigInteger.valueOf(a0);
            denominator = BigInteger.ONE;
            return;
        }

        long p0 = 1;
        long q0 = 0;
        long p1 = a0;
        long q1 = 1;

        long p2 = 0;
        long q2 = 1;

        int n = 0;
        boolean stop = false;
        do {
            ++n;
            final double r1 = 1.0 / (r0 - a0);
            final long a1 = (long) FastMath.floor(r1);
            p2 = (a1 * p1) + p0;
            q2 = (a1 * q1) + q0;
            if ((p2 > overflow) || (q2 > overflow)) {
                // return last valid fraction when overflow occurs
                numerator = BigInteger.valueOf(p1);
                denominator = BigInteger.valueOf(q1);
                return;
            }

            final double convergent = (double) p2 / (double) q2;
            if ((n < maxIterations) &&
                (FastMath.abs(convergent - value) > epsilon) &&
                (q2 < maxDenominator)) {
                p0 = p1;
                p1 = p2;
                q0 = q1;
                q1 = q2;
                a0 = a1;
                r0 = r1;
            } else {
                stop = true;
            }
        } while (!stop);

        if (n >= maxIterations) {
            throw new FractionConversionException(value, maxIterations);
        }

        if (q2 < maxDenominator) {
            numerator = BigInteger.valueOf(p2);
            denominator = BigInteger.valueOf(q2);
        } else {
            numerator = BigInteger.valueOf(p1);
            denominator = BigInteger.valueOf(q1);
        }
    }
```"
2,root_c3_c1_c0,Math_26_query,Math_26,gen,1,9,10,np.nan,"```java
private Fraction(double value, double epsilon, int maxDenominator, int maxIterations)
        throws FractionConversionException
    {
        long overflow = Integer.MAX_VALUE;
        double r0 = value;
        long a0 = (long)FastMath.floor(r0);
        if (FastMath.abs(a0) > overflow) {
            throw new FractionConversionException(value, a0, 1l);
        }

        // check for (almost) integer arguments, which should not go
        // to iterations.
        if (FastMath.abs(a0 - value) < epsilon) {
            this.numerator = (int) a0;
            this.denominator = 1;
            return;
        }

        long p0 = 1;
        long q0 = 0;
        long p1 = a0;
        long q1 = 1;

        long p2 = 0;
        long q2 = 1;

        int n = 0;
        boolean stop = false;
        do {
            ++n;
            double r1 = 1.0 / (r0 - a0);
            long a1 = (long)FastMath.floor(r1);
            p2 = (a1 * p1) + p0;
            q2 = (a1 * q1) + q0;
            if ((FastMath.abs(p2) > overflow) || (FastMath.abs(q2) > overflow)) {
                throw new FractionConversionException(value, p2, q2);
            }

            double convergent = (double)p2 / (double)q2;
            if (n < maxIterations && FastMath.abs(convergent - value) > epsilon && q2 < maxDenominator) {
                p0 = p1;
                p1 = p2;
                q0 = q1;
                q1 = q2;
                a0 = a1;
                r0 = r1;
            } else {
                stop = true;
            }
        } while (!stop);

        if (n >= maxIterations) {
            throw new FractionConversionException(value, maxIterations);
        }

        if (q2 < maxDenominator) {
            this.numerator = (int) p2;
            this.denominator = (int) q2;
        } else {
            this.numerator = (int) p1;
            this.denominator = (int) q1;
        }
    }
```"
2,root_c3_c1_c0,Math_27_query,Math_27,gen,1,10,10,np.nan,"```java
public double percentageValue() {
        return 100 * ((double) numerator) / denominator;
    }
```"
2,root_c3_c1_c0,Math_36_query,Math_36,gen,0,0,10,,
2,root_c3_c1_c0,Math_91_query,Math_91,gen,1,10,10,np.nan,"```java
public int compareTo(Fraction object) {
        long nOd = (long) numerator * object.denominator;
        long dOn = (long) denominator * object.numerator;
        return (nOd < dOn) ? -1 : ((nOd > dOn) ? +1 : 0);
    }
```"
2,root_c3_c1_c1,Math_43_query,Math_43,gen,0,0,10,,
2,root_c3_c1_c2,Lang_22_query,Lang_22,gen,1,2,10,np.nan,"```java
private static int greatestCommonDivisor(int u, int v) {
        if (u == 0 || v == 0) {
            if (u == Integer.MIN_VALUE || v == Integer.MIN_VALUE) {
                throw new ArithmeticException(""overflow: gcd is 2^31"");
            }
            return Math.abs(u) + Math.abs(v);
        }
        if (Math.abs(u) == 1 || Math.abs(v) == 1) {
            return 1;
        }
        
        // preserve negatives
        if (u > 0) { u = -u; }
        if (v > 0) { v = -v; }
        
        int k = 0;
        while ((u & 1) == 0 && (v & 1) == 0 && k < 31) {
            u /= 2;
            v /= 2;
            k++;
        }
        
        if (k == 31) {
            throw new ArithmeticException(""overflow: gcd is 2^31"");
        }
        
        int t = ((u & 1) == 1) ? v : -(u / 2);
        
        do {
            while ((t & 1) == 0) {
                t /= 2;
            }
            
            if (t > 0) {
                u = -t;
            } else {
                v = t;
            }
            
            t = (v - u) / 2;
        } while (t != 0);
        
        return -u * (1 << k);
    }
```"
2,root_c3_c1_c2,Math_17_query,Math_17,gen,0,0,10,,
2,root_c3_c1_c2,Math_54_query,Math_54,gen,1,2,10,np.nan,"```java
public double toDouble() {
    if (isInfinite()) {
        if (lessThan(getZero())) {
            return Double.NEGATIVE_INFINITY;
        } else {
            return Double.POSITIVE_INFINITY;
        }
    }

    if (isNaN()) {
        return Double.NaN;
    }

    Dfp y = this;
    boolean negate = false;
    if (lessThan(getZero())) {
        y = negate();
        negate = true;
    }

    // Handle zero case explicitly
    if (y.equals(getZero())) {
        return negate ? -0.0 : 0.0;
    }

    /* Find the exponent, first estimate by integer log10, then adjust */
    int exponent = (int)(y.log10() * 3.32);
    if (exponent < 0) {
        exponent--;
    }

    Dfp tempDfp = DfpMath.pow(getTwo(), exponent);
    while (tempDfp.lessThan(y) || tempDfp.equals(y)) {
        tempDfp = tempDfp.multiply(2);
        exponent++;
    }
    exponent--;

    /* We have the exponent, now work on the mantissa */
    y = y.divide(DfpMath.pow(getTwo(), exponent));
    if (exponent > -1023) {
        y = y.subtract(getOne());
    }

    if (exponent < -1074) {
        return negate ? -0.0 : 0.0;
    }

    if (exponent > 1023) {
        return negate ? Double.NEGATIVE_INFINITY : Double.POSITIVE_INFINITY;
    }

    y = y.multiply(newInstance(4503599627370496l)).rint();
    String str = y.toString();
    str = str.substring(0, str.length()-1);
    long mantissa = Long.parseLong(str);

    if (mantissa == 4503599627370496L) {
        mantissa = 0;
        exponent++;
    }

    /* Its going to be subnormal, so make adjustments */
    if (exponent <= -1023) {
        exponent--;
    }

    while (exponent < -1023) {
        exponent++;
        mantissa >>>= 1;
    }

    long bits = mantissa | ((exponent + 1023L) << 52);
    double x = Double.longBitsToDouble(bits);

    if (negate) {
        x = -x;
    }

    return x;
}
```

```java
protected Dfp(final DfpField field, double x) {
    // initialize as if 0
    mant = new int[field.getRadixDigits()];
    sign = 1;
    exp = 0;
    nans = FINITE;
    this.field = field;

    // Handle zero case explicitly
    if (x == 0.0) {
        sign = (byte) (Double.doubleToLongBits(x) >>> 63);
        return;
    }

    long bits = Double.doubleToLongBits(x);
    long mantissa = bits & 0x000fffffffffffffL;
    int exponent = (int) ((bits & 0x7ff0000000000000L) >> 52) - 1023;

    if (exponent == -1023) {
        // Zero or sub-normal
        if (x == 0) {
            // make sure 0 has the right sign
            return;
        }

        exponent++;
        // Normalize the subnormal number
        while ((mantissa & 0x0010000000000000L) == 0) {
            exponent--;
            mantissa <<= 1;
        }
        mantissa &= 0x000fffffffffffffL;
    }

    if (exponent == 1024) {
        // infinity or NAN
        if (x != x) {
            sign = (byte) 1;
            nans = QNAN;
        } else if (x < 0) {
            sign = (byte) -1;
            nans = INFINITE;
        } else {
            sign = (byte) 1;
            nans = INFINITE;
        }
        return;
    }

    Dfp xdfp = new Dfp(field, mantissa);
    xdfp = xdfp.divide(new Dfp(field, 4503599627370496l)).add(field.getOne());  // Divide by 2^52, then add one
    xdfp = xdfp.multiply(DfpMath.pow(field.getTwo(), exponent));

    if ((bits & 0x8000000000000000L) != 0) {
        xdfp = xdfp.negate();
    }

    System.arraycopy(xdfp.mant, 0, mant, 0, mant.length);
    sign = xdfp.sign;
    exp  = xdfp.exp;
    nans = xdfp.nans;
}
```"
2,root_c3_c1_c2,Math_92_query,Math_92,gen,0,0,10,,
2,root_c3_c1_c2,Math_99_query,Math_99,gen,0,0,0,,
2,root_c3_c1_c2,Time_15_query,Time_15,gen,1,10,10,np.nan,"```java
public static long safeMultiply(long val1, int val2) {
        switch (val2) {
            case -1:
                if (val1 == Long.MIN_VALUE) {
                    throw new ArithmeticException(""Multiplication overflows a long: "" + val1 + "" * "" + val2);
                }
                return -val1;
            case 0:
                return 0L;
            case 1:
                return val1;
        }
        long total = val1 * val2;
        if (total / val2 != val1 || (val1 == Long.MIN_VALUE && val2 == -1)) {
            throw new ArithmeticException(""Multiplication overflows a long: "" + val1 + "" * "" + val2);
        }
        return total;
    }
```"
2,root_c3_c2_c0,Math_37_query,Math_37,gen,0,0,10,,
2,root_c3_c2_c0,Math_46_query,Math_46,gen,1,1,10,np.nan,"```java
public Complex divide(Complex divisor) {
    MathUtils.checkNotNull(divisor);
    if (isNaN || divisor.isNaN) {
        return NaN;
    }

    if (divisor.isZero) {
        return isZero ? NaN : INF;
    }

    if (divisor.isInfinite() && !isInfinite()) {
        return ZERO;
    }

    final double c = divisor.getReal();
    final double d = divisor.getImaginary();

    if (FastMath.abs(c) < FastMath.abs(d)) {
        double q = c / d;
        double denominator = c * q + d;
        return createComplex((real * q + imaginary) / denominator,
            (imaginary * q - real) / denominator);
    } else {
        double q = d / c;
        double denominator = d * q + c;
        return createComplex((imaginary * q + real) / denominator,
            (imaginary - real * q) / denominator);
    }
}
```

```java
public Complex divide(double divisor) {
    if (isNaN || Double.isNaN(divisor)) {
        return NaN;
    }
    if (divisor == 0d) {
        return isZero ? NaN : INF;
    }
    if (Double.isInfinite(divisor)) {
        if (isInfinite()) {
            return NaN;
        }
        return ZERO;
    }
    return createComplex(real / divisor,
                         imaginary / divisor);
}
```"
2,root_c3_c2_c1,Math_53_query,Math_53,sr,1,8,10,,
2,root_c3_c2_c2,Math_5_query,Math_5,gen,1,2,10,np.nan,"```java
public Complex reciprocal() {
        if (isNaN) {
            return NaN;
        }

        if (real == 0.0 && imaginary == 0.0) {
            return INF;
        }

        if (isInfinite) {
            return ZERO;
        }

        if (FastMath.abs(real) < FastMath.abs(imaginary)) {
            double q = real / imaginary;
            double scale = 1. / (real * q + imaginary);
            return createComplex(scale * q, -scale);
        } else {
            double q = imaginary / real;
            double scale = 1. / (imaginary * q + real);
            return createComplex(scale, -scale * q);
        }
    }
```"
2,root_c3_c2_c2,Math_96_query,Math_96,gen,0,0,10,,
2,root_c3_c3_c0,Chart_11_query,Chart_11,gen,1,10,10,np.nan,"```java
public static boolean equal(GeneralPath p1, GeneralPath p2) {
    if (p1 == null) {
        return (p2 == null);
    }
    if (p2 == null) {
        return false;
    }
    if (p1.getWindingRule() != p2.getWindingRule()) {
        return false;
    }
    PathIterator iterator1 = p1.getPathIterator(null);
    PathIterator iterator2 = p2.getPathIterator(null);
    double[] d1 = new double[6];
    double[] d2 = new double[6];
    boolean done = iterator1.isDone() && iterator2.isDone();
    while (!done) {
        if (iterator1.isDone() != iterator2.isDone()) {
            return false;
        }
        int seg1 = iterator1.currentSegment(d1);
        int seg2 = iterator2.currentSegment(d2);
        if (seg1 != seg2) {
            return false;
        }
        if (!Arrays.equals(d1, d2)) {
            return false;
        }
        iterator1.next();
        iterator2.next();
        done = iterator1.isDone() && iterator2.isDone();
    }
    return true;
}
```"
2,root_c3_c3_c1,Math_10_query,Math_10,sr,0,0,10,,
2,root_c3_c3_c1,Math_59_query,Math_59,sr,1,10,10,,
2,root_c3_c3_c1,Math_63_query,Math_63,sr,1,8,10,,
2,root_c3_c3_c1,Math_93_query,Math_93,sr,0,0,10,,
2,root_c3_c3_c1,Math_94_query,Math_94,sr,1,5,10,,
2,root_c3_c3_c2,Mockito_22_query,Mockito_22,gen,1,10,10,np.nan,"```java
public static boolean areEqual(Object o1, Object o2) {
    if (o1 == o2) {
        return true;
    }
    if (o1 == null || o2 == null) {
        return false;
    } else if (isArray(o1)) {
        return isArray(o2) && areArraysEqual(o1, o2);
    } else {
        return o1.equals(o2);
    }
}
```"
2,root_c3_c4_c0,Collections_17_query,Collections_17,sr,1,2,10,,
2,root_c4_c0_c0,Closure_111_query,Closure_111,gen,0,0,10,,
2,root_c4_c0_c0,Closure_39_query,Closure_39,gen,1,3,10,np.nan,"```java
@Override
String toStringHelper(boolean forAnnotations) {
    if (hasReferenceName()) {
        return getReferenceName();
    } else if (prettyPrint) {
        // Don't pretty print recursively.
        prettyPrint = false;

        // Use a tree set so that the properties are sorted.
        Set<String> propertyNames = Sets.newTreeSet();
        for (ObjectType current = this;
             current != null && !current.isNativeObjectType() &&
                 (forAnnotations || propertyNames.size() <= MAX_PRETTY_PRINTED_PROPERTIES);
             current = current.getImplicitPrototype()) {
            propertyNames.addAll(current.getOwnPropertyNames());
        }

        StringBuilder sb = new StringBuilder();
        sb.append(""{"");

        int i = 0;
        for (String property : propertyNames) {
            if (i > 0) {
                sb.append("", "");
            }

            sb.append(property);
            sb.append("": "");

            JSType propType = getPropertyType(property);
            if (propType == this && !forAnnotations) {
                sb.append(""{...}"");
            } else {
                sb.append(propType.toStringHelper(forAnnotations));
            }

            ++i;
            if (!forAnnotations && i == MAX_PRETTY_PRINTED_PROPERTIES) {
                sb.append("", ..."");
                break;
            }
        }

        sb.append(""}"");

        prettyPrint = true;
        return sb.toString();
    } else {
        return forAnnotations ? ""?"" : ""{...}"";
    }
}
```"
2,root_c4_c0_c0,Closure_7_query,Closure_7,gen,0,0,10,,
2,root_c4_c0_c0,Closure_82_query,Closure_82,gen,0,0,10,,
2,root_c4_c0_c1,Closure_103_query,Closure_103,gen,0,0,10,,
2,root_c4_c0_c1,Closure_104_query,Closure_104,gen,0,0,10,,
2,root_c4_c0_c1,Closure_109_query,Closure_109,gen,0,0,10,,
2,root_c4_c0_c1,Closure_112_query,Closure_112,gen,0,0,10,,
2,root_c4_c0_c1,Closure_138_query,Closure_138,gen,0,0,10,,
2,root_c4_c0_c1,Closure_164_query,Closure_164,gen,0,0,10,,
2,root_c4_c0_c1,Closure_166_query,Closure_166,gen,0,0,10,,
2,root_c4_c0_c1,Closure_167_query,Closure_167,gen,0,0,10,,
2,root_c4_c0_c1,Closure_176_query,Closure_176,gen,0,0,10,,
2,root_c4_c0_c1,Closure_19_query,Closure_19,gen,1,8,10,np.nan,"```java
protected void declareNameInScope(FlowScope scope, Node node, JSType type) {
    switch (node.getType()) {
      case Token.NAME:
        scope.inferSlotType(node.getString(), type);
        break;

      case Token.GETPROP:
        String qualifiedName = node.getQualifiedName();
        Preconditions.checkNotNull(qualifiedName);

        JSType origType = node.getJSType();
        origType = origType == null ? getNativeType(UNKNOWN_TYPE) : origType;
        scope.inferQualifiedSlot(node, qualifiedName, origType, type);
        break;

      case Token.THIS:
        scope.inferSlotType(""this"", type);
        break;

      default:
        throw new IllegalArgumentException(""Node cannot be refined. \n"" +
            node.toStringTree());
    }
  }
```"
2,root_c4_c0_c1,Closure_25_query,Closure_25,gen,0,0,10,,
2,root_c4_c0_c1,Closure_33_query,Closure_33,gen,0,0,10,,
2,root_c4_c0_c1,Closure_35_query,Closure_35,gen,0,0,10,,
2,root_c4_c0_c2,Closure_117_query,Closure_117,gen,0,0,10,,
2,root_c4_c0_c2,Closure_118_query,Closure_118,gen,0,0,10,,
2,root_c4_c0_c2,Closure_11_query,Closure_11,gen,0,0,10,,
2,root_c4_c0_c2,Closure_122_query,Closure_122,gen,0,0,10,,
2,root_c4_c0_c2,Closure_125_query,Closure_125,gen,0,0,10,,
2,root_c4_c0_c2,Closure_129_query,Closure_129,gen,0,0,10,,
2,root_c4_c0_c2,Closure_135_query,Closure_135,gen,0,0,10,,
2,root_c4_c0_c2,Closure_147_query,Closure_147,gen,0,0,10,,
2,root_c4_c0_c2,Closure_150_query,Closure_150,gen,0,0,10,,
2,root_c4_c0_c2,Closure_152_query,Closure_152,gen,1,2,10,np.nan,"```java
@Override
JSType resolveInternal(ErrorReporter t, StaticScope<JSType> scope) {
    setResolvedTypeInternal(this);

    call = (ArrowType) safeResolve(call, t, scope);
    prototype = (FunctionPrototypeType) safeResolve(prototype, t, scope);

    // Resolve typeOfThis but don't cast to ObjectType yet
    JSType maybeTypeOfThis = safeResolve(typeOfThis, t, scope);
    if (maybeTypeOfThis != null) {
        if (maybeTypeOfThis.isObject()) {
            typeOfThis = maybeTypeOfThis.toObjectType();
        } else if (!maybeTypeOfThis.isUnknownType() && 
                   !maybeTypeOfThis.isAllType()) {
            // Only warn if the type is known and not an object
            t.warning(""""@this type of a function must be an object\n"""" +
                    """"Actual type: """" + maybeTypeOfThis.toString(),
                sourceName, lineno, charno);
        }
    }

    boolean changed = false;
    ImmutableList.Builder<ObjectType> resolvedInterfaces =
        ImmutableList.builder();
    for (ObjectType iface : implementedInterfaces) {
        ObjectType resolvedIface = (ObjectType) iface.resolve(t, scope);
        resolvedInterfaces.add(resolvedIface);
        changed |= (resolvedIface != iface);
    }
    if (changed) {
        implementedInterfaces = resolvedInterfaces.build();
    }

    if (subTypes != null) {
        for (int i = 0; i < subTypes.size(); i++) {
            subTypes.set(i, (FunctionType) subTypes.get(i).resolve(t, scope));
        }
    }

    return super.resolveInternal(t, scope);
}
```"
2,root_c4_c0_c2,Closure_171_query,Closure_171,gen,0,0,10,,
2,root_c4_c0_c2,Closure_172_query,Closure_172,gen,0,0,10,,
2,root_c4_c0_c2,Closure_17_query,Closure_17,gen,0,0,10,,
2,root_c4_c0_c2,Closure_2_query,Closure_2,gen,0,0,10,,
2,root_c4_c0_c2,Closure_41_query,Closure_41,gen,1,3,10,np.nan,"```java
FunctionTypeBuilder inferParameterTypes(@Nullable Node argsParent,
      @Nullable JSDocInfo info) {
    if (argsParent == null) {
      if (info == null) {
        return this;
      } else {
        return inferParameterTypes(info);
      }
    }

    // arguments
    Node oldParameterType = null;
    if (parametersNode != null) {
      oldParameterType = parametersNode.getFirstChild();
    }

    FunctionParamBuilder builder = new FunctionParamBuilder(typeRegistry);
    boolean warnedAboutArgList = false;
    Set<String> allJsDocParams = (info == null) ?
        Sets.<String>newHashSet() :
        Sets.newHashSet(info.getParameterNames());
    boolean foundTemplateType = false;
    boolean isVarArgs = false;
    for (Node arg : argsParent.children()) {
      String argumentName = arg.getString();
      allJsDocParams.remove(argumentName);

      // type from JSDocInfo
      JSType parameterType = null;
      boolean isOptionalParam = isOptionalParameter(arg, info);
      isVarArgs = isVarArgsParameter(arg, info);

      if (info != null && info.hasParameterType(argumentName)) {
        parameterType =
            info.getParameterType(argumentName).evaluate(scope, typeRegistry);
      } else if (oldParameterType != null &&
          oldParameterType.getJSType() != null) {
        parameterType = oldParameterType.getJSType();
        isOptionalParam = oldParameterType.isOptionalArg();
        isVarArgs = oldParameterType.isVarArgs();
      } else {
        parameterType = typeRegistry.getNativeType(UNKNOWN_TYPE);
      }

      if (templateTypeName != null &&
          parameterType.restrictByNotNullOrUndefined().isTemplateType()) {
        if (foundTemplateType) {
          reportError(TEMPLATE_TYPE_DUPLICATED, fnName);
        }
        foundTemplateType = true;
      }
      warnedAboutArgList |= addParameter(
          builder, parameterType, warnedAboutArgList,
          isOptionalParam,
          isVarArgs);

      if (oldParameterType != null) {
        oldParameterType = oldParameterType.getNext();
      }
    }

    // Copy over any old parameters that aren't in the param list.
    while (oldParameterType != null) {
      warnedAboutArgList |= addParameter(
          builder, oldParameterType.getJSType(), warnedAboutArgList,
          oldParameterType.isOptionalArg(),
          oldParameterType.isVarArgs());
      oldParameterType = oldParameterType.getNext();
    }

    if (templateTypeName != null && !foundTemplateType) {
      reportError(TEMPLATE_TYPE_EXPECTED, fnName);
    }

    for (String inexistentName : allJsDocParams) {
      reportWarning(INEXISTANT_PARAM, inexistentName, fnName);
    }

    parametersNode = builder.build();
    return this;
  }
```

```java
FunctionTypeBuilder inferFromOverriddenFunction(
      @Nullable FunctionType oldType, @Nullable Node paramsParent) {
    if (oldType == null) {
      return this;
    }

    returnType = oldType.getReturnType();
    returnTypeInferred = oldType.isReturnTypeInferred();
    if (paramsParent == null) {
      // Not a function literal.
      parametersNode = oldType.getParametersNode();
      if (parametersNode == null) {
        parametersNode = new FunctionParamBuilder(typeRegistry).build();
      }
    } else {
      // We're overriding with a function literal. Apply type information
      // to each parameter of the literal.
      FunctionParamBuilder paramBuilder =
          new FunctionParamBuilder(typeRegistry);
      Iterator<Node> oldParams = oldType.getParameters().iterator();
      boolean warnedAboutArgList = false;
      boolean oldParamsListHitOptArgs = false;
      for (Node currentParam = paramsParent.getFirstChild();
           currentParam != null; currentParam = currentParam.getNext()) {
        if (oldParams.hasNext()) {
          Node oldParam = oldParams.next();
          Node newParam = paramBuilder.newParameterFromNode(oldParam);

          oldParamsListHitOptArgs = oldParamsListHitOptArgs ||
              oldParam.isVarArgs() ||
              oldParam.isOptionalArg();

          // The subclass method might write its var_args as individual
          // arguments.
          if (currentParam.getNext() != null && newParam.isVarArgs()) {
            newParam.setVarArgs(false);
            newParam.setOptionalArg(true);
          }
        } else {
          warnedAboutArgList |= addParameter(
              paramBuilder,
              typeRegistry.getNativeType(UNKNOWN_TYPE),
              warnedAboutArgList,
              codingConvention.isOptionalParameter(currentParam) ||
                  oldParamsListHitOptArgs,
              codingConvention.isVarArgsParameter(currentParam));
        }
      }

      // Clone any remaining params that aren't in the function literal.
      while (oldParams.hasNext()) {
        Node oldParam = oldParams.next();
        paramBuilder.newParameterFromNode(oldParam);
      }

      parametersNode = paramBuilder.build();
    }
    return this;
  }
```"
2,root_c4_c0_c2,Closure_48_query,Closure_48,gen,0,0,10,,
2,root_c4_c0_c2,Closure_4_query,Closure_4,gen,0,0,10,,
2,root_c4_c0_c2,Closure_54_query,Closure_54,gen,0,0,10,,
2,root_c4_c0_c2,Closure_66_query,Closure_66,gen,0,0,8,,
2,root_c4_c0_c2,Closure_68_query,Closure_68,gen,0,0,9,,
2,root_c4_c0_c2,Closure_69_query,Closure_69,gen,0,0,8,,
2,root_c4_c0_c2,Closure_6_query,Closure_6,gen,0,0,10,,
2,root_c4_c0_c2,Closure_70_query,Closure_70,gen,0,0,10,,
2,root_c4_c0_c2,Closure_90_query,Closure_90,gen,0,0,10,,
2,root_c4_c0_c2,Closure_95_query,Closure_95,gen,0,0,10,,
2,root_c4_c0_c2,Closure_96_query,Closure_96,gen,0,0,10,,
2,root_c4_c1_c0,Closure_115_query,Closure_115,gen,0,0,10,,
2,root_c4_c1_c0,Closure_116_query,Closure_116,gen,0,0,10,,
2,root_c4_c1_c0,Closure_121_query,Closure_121,gen,0,0,9,,
2,root_c4_c1_c0,Closure_130_query,Closure_130,gen,0,0,10,,
2,root_c4_c1_c0,Closure_29_query,Closure_29,gen,0,0,10,,
2,root_c4_c1_c0,Closure_36_query,Closure_36,gen,1,9,10,np.nan,"```java
private boolean canInline(
        Reference declaration,
        Reference initialization,
        Reference reference) {
      if (!isValidDeclaration(declaration)
          || !isValidInitialization(initialization)
          || !isValidReference(reference)) {
        return false;
      }

      // If the value is read more than once, skip it.
      // VAR declarations and EXPR_RESULT don't need the value, but other
      // ASSIGN expressions parents do.
      if (declaration != initialization &&
          !initialization.getGrandparent().isExprResult()) {
        return false;
      }

      // Be very conservative and do no cross control structures or
      // scope boundaries
      if (declaration.getBasicBlock() != initialization.getBasicBlock()
          || declaration.getBasicBlock() != reference.getBasicBlock()) {
        return false;
      }

      // Do not inline into a call node. This would change
      // the context in which it was being called. For example,
      //   var a = b.c;
      //   a();
      // should not be inlined, because it calls a in the context of b
      // rather than the context of the window.
      //   var a = b.c;
      //   f(a)
      // is ok.
      Node value = initialization.getAssignedValue();
      Preconditions.checkState(value != null);
      if (value.isGetProp()
          && reference.getParent().isCall()
          && reference.getParent().getFirstChild() == reference.getNode()) {
        return false;
      }

      if (value.isFunction()) {
        Node callNode = reference.getParent();
        if (reference.getParent().isCall()) {
          CodingConvention convention = compiler.getCodingConvention();
          // Bug 2388531: Don't inline subclass definitions into class defining
          // calls as this confused class removing logic.
          SubclassRelationship relationship =
              convention.getClassesDefinedByCall(callNode);
          if (relationship != null) {
            return false;
          }

          // issue 668: Don't inline singleton getter methods
          // calls as this confused class removing logic.
          if (convention.getSingletonGetterClassName(callNode) != null) {
            return false;
          }
        }
      }

      return canMoveAggressively(value) ||
          canMoveModerately(initialization, reference);
    }
```"
2,root_c4_c1_c0,Closure_3_query,Closure_3,gen,0,0,10,,
2,root_c4_c1_c0,Closure_5_query,Closure_5,gen,0,0,10,,
2,root_c4_c1_c0,Closure_72_query,Closure_72,gen,0,0,10,,
2,root_c4_c1_c1,Closure_126_query,Closure_126,gen,0,0,10,,
2,root_c4_c1_c1,Closure_127_query,Closure_127,gen,0,0,10,,
2,root_c4_c1_c1,Closure_12_query,Closure_12,gen,1,3,10,np.nan,"```java
private boolean hasExceptionHandler(Node cfgNode) {
    for (Node child = cfgNode.getFirstChild(); child != null; child = child.getNext()) {
      if (child.getType() == Token.TRY) {
        return true;
      }
    }
    return false;
  }
```"
2,root_c4_c1_c1,Closure_14_query,Closure_14,gen,0,0,10,,
2,root_c4_c1_c1,Closure_27_query,Closure_27,gen,0,0,10,,
2,root_c4_c1_c1,Closure_85_query,Closure_85,gen,0,0,10,,
2,root_c4_c1_c2,Closure_114_query,Closure_114,gen,0,0,10,,
2,root_c4_c1_c2,Closure_120_query,Closure_120,gen,0,0,10,,
2,root_c4_c1_c2,Closure_15_query,Closure_15,gen,1,5,10,np.nan,"```java
@Override
      public boolean apply(Node n) {
        // When the node is null it means, we reached the implicit return
        // where the function returns (possibly without an return statement)
        if (n == null) {
          return false;
        }

        // Check for calls that may have side effects and reference dependent variables
        if (n.isCall() && NodeUtil.functionCallHasSideEffects(n)) {
          Node firstArg = n.getFirstChild().getNext();
          while (firstArg != null) {
            if (NodeUtil.isReferenceToDependentVariable(firstArg, dependentVars)) {
              return true;
            }
            firstArg = firstArg.getNext();
          }
        }

        if (n.isNew() && NodeUtil.constructorCallHasSideEffects(n)) {
          Node firstArg = n.getFirstChild().getNext();
          while (firstArg != null) {
            if (NodeUtil.isReferenceToDependentVariable(firstArg, dependentVars)) {
              return true;
            }
            firstArg = firstArg.getNext();
          }
        }

        for (Node c = n.getFirstChild(); c != null; c = c.getNext()) {
          if (!ControlFlowGraph.isEnteringNewCfgNode(c) && apply(c)) {
            return true;
          }
        }
        return false;
      }
```"
2,root_c4_c1_c2,Closure_170_query,Closure_170,gen,0,0,10,,
2,root_c4_c1_c2,Closure_45_query,Closure_45,gen,0,0,10,,
2,root_c4_c1_c2,Closure_58_query,Closure_58,gen,1,7,10,np.nan,"```java
private void computeGenKill(Node n, BitSet gen, BitSet kill,
      boolean conditional) {

    switch (n.getType()) {
      case Token.SCRIPT:
      case Token.BLOCK:
      case Token.FUNCTION:
        return;

      case Token.WHILE:
      case Token.DO:
      case Token.IF:
        computeGenKill(NodeUtil.getConditionExpression(n), gen, kill,
            conditional);
        return;

      case Token.FOR:
        if (!NodeUtil.isForIn(n)) {
          computeGenKill(NodeUtil.getConditionExpression(n), gen, kill,
              conditional);
        } else {
          // for(x in y) {...}
          Node lhs = n.getFirstChild();
          Node rhs = lhs.getNext();
          if (NodeUtil.isVar(lhs)) {
            // for(var x in y) {...}
            lhs = lhs.getLastChild();
          }
          if (NodeUtil.isName(lhs)) {
            addToSetIfLocal(lhs, kill);
            addToSetIfLocal(lhs, gen);
          }
          computeGenKill(rhs, gen, kill, conditional);
        }
        return;

      case Token.VAR:
        for (Node c = n.getFirstChild(); c != null; c = c.getNext()) {
          if (c.hasChildren()) {
            computeGenKill(c.getFirstChild(), gen, kill, conditional);
            if (!conditional) {
              addToSetIfLocal(c, kill);
            }
          }
        }
        return;

      case Token.AND:
      case Token.OR:
        computeGenKill(n.getFirstChild(), gen, kill, conditional);
        // May short circuit.
        computeGenKill(n.getLastChild(), gen, kill, true);
        return;

      case Token.HOOK:
        computeGenKill(n.getFirstChild(), gen, kill, conditional);
        // Assume both sides are conditional.
        computeGenKill(n.getFirstChild().getNext(), gen, kill, true);
        computeGenKill(n.getLastChild(), gen, kill, true);
        return;

      case Token.NAME:
        if (isArgumentsName(n)) {
          markAllParametersEscaped();
        } else {
          addToSetIfLocal(n, gen);
        }
        return;

      default:
        if (NodeUtil.isAssignmentOp(n) && NodeUtil.isName(n.getFirstChild())) {
          Node lhs = n.getFirstChild();
          if (!conditional) {
            addToSetIfLocal(lhs, kill);
          }
          if (!NodeUtil.isAssign(n)) {
            // assignments such as a += 1 reads a.
            addToSetIfLocal(lhs, gen);
          }
          computeGenKill(lhs.getNext(), gen, kill, conditional);
        } else {
          for (Node c = n.getFirstChild(); c != null; c = c.getNext()) {
            computeGenKill(c, gen, kill, conditional);
          }
        }
        return;
    }
  }
```"
2,root_c4_c1_c2,Closure_76_query,Closure_76,gen,1,1,10,np.nan,"```java
private VariableLiveness isVariableReadBeforeKill(
      Node n, String variable) {

    if (NodeUtil.isName(n) && variable.equals(n.getString())) {
      if (NodeUtil.isLhs(n, n.getParent())) {
        Preconditions.checkState(n.getParent().getType() == Token.ASSIGN);
        // The expression to which the assignment is made is evaluated before
        // the RHS is evaluated (normal left to right evaluation) but the KILL
        // occurs after the RHS is evaluated.
        Node rhs = n.getNext();
        VariableLiveness state = isVariableReadBeforeKill(rhs, variable);
        if (state == VariableLiveness.READ) {
          return state;
        }
        return VariableLiveness.KILL;
      } else {
        return VariableLiveness.READ;
      }
    }

    switch (n.getType()) {
      // Conditionals
      case Token.OR:
      case Token.AND:
        // With a AND/OR the first branch always runs, but the second is
        // may not.
        VariableLiveness first = isVariableReadBeforeKill(n.getFirstChild(), variable);
        if (first != VariableLiveness.MAYBE_LIVE) {
          return first;
        }
        return isVariableReadBeforeKill(n.getLastChild(), variable);
        
      case Token.HOOK:
        return checkHookBranchReadBeforeKill(
            n.getFirstChild().getNext(), n.getLastChild(), variable);

      default:
        // Expressions are evaluated left-right, depth first.
        for (Node child = n.getFirstChild();
            child != null; child = child.getNext()) {
          if (!ControlFlowGraph.isEnteringNewCfgNode(child)) { // Not a FUNCTION
            VariableLiveness state = isVariableReadBeforeKill(child, variable);
            if (state != VariableLiveness.MAYBE_LIVE) {
              return state;
            }
          }
        }
    }

    return VariableLiveness.MAYBE_LIVE;
  }
```

```java
private boolean isVariableStillLiveWithinExpression(
      Node n, Node exprRoot, String variable) {
    while (n != exprRoot) {
      VariableLiveness state = VariableLiveness.MAYBE_LIVE;
      switch (n.getParent().getType()) {
        case Token.OR:
        case Token.AND:
          // If the current node is the first child of AND/OR,
          // check the second operand
          if (n == n.getParent().getFirstChild()) {
            state = isVariableReadBeforeKill(n.getParent().getLastChild(), variable);
          }
          break;

        case Token.HOOK:
          // If current node is the condition, check both branches
          if (n == n.getParent().getFirstChild()) {
            Node thenBranch = n.getNext();
            Node elseBranch = n.getParent().getLastChild();
            VariableLiveness thenState = isVariableReadBeforeKill(thenBranch, variable);
            if (thenState == VariableLiveness.READ) {
              return true;
            }
            VariableLiveness elseState = isVariableReadBeforeKill(elseBranch, variable);
            if (elseState == VariableLiveness.READ) {
              return true;
            }
            if (thenState == VariableLiveness.KILL || elseState == VariableLiveness.KILL) {
              return false;
            }
          }
          break;

        default:
          for(Node sibling = n.getNext(); sibling != null;
              sibling = sibling.getNext()) {
            if (!ControlFlowGraph.isEnteringNewCfgNode(sibling)) {
              state = isVariableReadBeforeKill(sibling, variable);
              // If we see a READ or KILL there is no need to continue.
              if (state == VariableLiveness.READ) {
                return true;
              } else if (state == VariableLiveness.KILL) {
                return false;
              }
            }
          }
      }
      n = n.getParent();
    }
    return false;
  }
```"
2,root_c4_c1_c2,Closure_88_query,Closure_88,gen,0,0,10,,
2,root_c4_c2_c0,Closure_141_query,Closure_141,sr,0,0,10,,
2,root_c4_c2_c0,Closure_146_query,Closure_146,sr,1,1,10,,
2,root_c4_c2_c0,Closure_60_query,Closure_60,sr,0,0,10,,
2,root_c4_c2_c0,Closure_80_query,Closure_80,sr,1,9,10,,
2,root_c4_c2_c0,Closure_86_query,Closure_86,sr,1,10,10,,
2,root_c4_c2_c1,Closure_10_query,Closure_10,gen,0,0,10,,
2,root_c4_c2_c1,Closure_161_query,Closure_161,gen,0,0,10,,
2,root_c4_c2_c1,Closure_23_query,Closure_23,gen,0,0,10,,
2,root_c4_c2_c1,Closure_61_query,Closure_61,gen,1,7,10,np.nan,"```java
static boolean functionCallHasSideEffects(
      Node callNode, @Nullable AbstractCompiler compiler) {
    if (callNode.getType() != Token.CALL) {
      throw new IllegalStateException(
          ""Expected CALL node, got "" + Token.name(callNode.getType()));
    }

    if (callNode.isNoSideEffectsCall()) {
      return false;
    }

    Node nameNode = callNode.getFirstChild();

    // Built-in functions with no side effects.
    if (nameNode.getType() == Token.NAME) {
      String name = nameNode.getString();
      if (BUILTIN_FUNCTIONS_WITHOUT_SIDEEFFECTS.contains(name)) {
        return false;
      }
    } else if (nameNode.getType() == Token.GETPROP) {
      if (callNode.hasOneChild()
          && OBJECT_METHODS_WITHOUT_SIDEEFFECTS.contains(
                nameNode.getLastChild().getString())) {
        return false;
      }

      if (callNode.isOnlyModifiesThisCall()
          && evaluatesToLocalValue(nameNode.getFirstChild())) {
        return false;
      }

      // Functions in the ""Math"" namespace have no side effects.
      if (nameNode.getFirstChild().getType() == Token.NAME
          && ""Math"".equals(nameNode.getFirstChild().getString())) {
        return false;
      }

      if (compiler != null && !compiler.hasRegExpGlobalReferences()) {
        if (nameNode.getFirstChild().getType() == Token.REGEXP
            && REGEXP_METHODS.contains(nameNode.getLastChild().getString())) {
          return false;
        } else if (nameNode.getFirstChild().getType() == Token.STRING
            && STRING_REGEXP_METHODS.contains(
                nameNode.getLastChild().getString())) {
          Node param = nameNode.getNext();
          if (param != null &&
              (param.getType() == Token.STRING
                  || param.getType() == Token.REGEXP))
          return false;
        }
      }
    }

    return true;
  }
```"
2,root_c4_c2_c1,Closure_74_query,Closure_74,gen,0,0,10,,
2,root_c4_c2_c1,Closure_78_query,Closure_78,gen,1,10,10,np.nan,"```java
private Node performArithmeticOp(int opType, Node left, Node right) {
    // Unlike other operations, ADD operands are not always converted
    // to Number.
    if (opType == Token.ADD
        && (NodeUtil.mayBeString(left, false)
            || NodeUtil.mayBeString(right, false))) {
      return null;
    }

    double result;

    // TODO(johnlenz): Handle NaN with unknown value. BIT ops convert NaN
    // to zero so this is a little akward here.

    Double lValObj = NodeUtil.getNumberValue(left);
    if (lValObj == null) {
      return null;
    }
    Double rValObj = NodeUtil.getNumberValue(right);
    if (rValObj == null) {
      return null;
    }

    double lval = lValObj;
    double rval = rValObj;

    switch (opType) {
      case Token.BITAND:
        result = ScriptRuntime.toInt32(lval) & ScriptRuntime.toInt32(rval);
        break;
      case Token.BITOR:
        result = ScriptRuntime.toInt32(lval) | ScriptRuntime.toInt32(rval);
        break;
      case Token.BITXOR:
        result = ScriptRuntime.toInt32(lval) ^ ScriptRuntime.toInt32(rval);
        break;
      case Token.ADD:
        result = lval + rval;
        break;
      case Token.SUB:
        result = lval - rval;
        break;
      case Token.MUL:
        result = lval * rval;
        break;
      case Token.MOD:
        if (rval == 0) {
          return null; // Don't fold division by zero
        }
        result = lval % rval;
        break;
      case Token.DIV:
        if (rval == 0) {
          return null; // Don't fold division by zero
        }
        result = lval / rval;
        break;
      default:
        throw new Error(""Unexpected arithmetic operator"");
    }

    // TODO(johnlenz): consider removing the result length check.
    // length of the left and right value plus 1 byte for the operator.
    if (String.valueOf(result).length() <=
        String.valueOf(lval).length() + String.valueOf(rval).length() + 1 &&

        // Do not try to fold arithmetic for numbers > 2^53. After that
        // point, fixed-point math starts to break down and become inaccurate.
        Math.abs(result) <= MAX_FOLD_NUMBER) {
      Node newNumber = Node.newNumber(result);
      return newNumber;
    } else if (Double.isNaN(result)) {
      return Node.newString(Token.NAME, ""NaN"");
    } else if (result == Double.POSITIVE_INFINITY) {
      return Node.newString(Token.NAME, ""Infinity"");
    } else if (result == Double.NEGATIVE_INFINITY) {
      return new Node(Token.NEG, Node.newString(Token.NAME, ""Infinity""));
    }

    return null;
  }
```"
2,root_c4_c2_c1,Closure_87_query,Closure_87,gen,0,0,10,,
2,root_c4_c2_c1,Closure_97_query,Closure_97,gen,1,4,10,np.nan,"```java
private Node tryFoldShift(Node n, Node left, Node right) {
    if (left.getType() == Token.NUMBER &&
        right.getType() == Token.NUMBER) {

      double result;
      double lval = left.getDouble();
      double rval = right.getDouble();

      // check ranges.  We do not do anything that would clip the double to
      // a 32-bit range, since the user likely does not intend that.
      if (!(lval >= Integer.MIN_VALUE && lval <= Integer.MAX_VALUE)) {
        error(BITWISE_OPERAND_OUT_OF_RANGE, left);
        return n;
      }

      // only the lower 5 bits are used when shifting, so don't do anything
      // if the shift amount is outside [0,32)
      if (!(rval >= 0 && rval < 32)) {
        error(SHIFT_AMOUNT_OUT_OF_BOUNDS, right);
        return n;
      }

      // Convert the numbers to ints
      int lvalInt = (int) lval;
      if (lvalInt != lval) {
        error(FRACTIONAL_BITWISE_OPERAND, left);
        return n;
      }

      int rvalInt = (int) rval;
      if (rvalInt != rval) {
        error(FRACTIONAL_BITWISE_OPERAND, right);
        return n;
      }

      switch (n.getType()) {
        case Token.LSH:
          result = lvalInt << rvalInt;
          break;
        case Token.RSH:
          result = lvalInt >> rvalInt;
          break;
        case Token.URSH:
          // JavaScript handles zero shifts on signed numbers differently than
          // Java as an Java int can not represent the unsigned 32-bit number
          // where JavaScript can so use a long here.
          result = (long) lvalInt >>> rvalInt;
          if (result > Integer.MAX_VALUE) {
            result = result & 0xffffffffL;
          }
          break;
        default:
          throw new AssertionError(""Unknown shift operator: "" +
              Node.tokenToName(n.getType()));
      }

      Node newNumber = Node.newNumber(result);
      n.getParent().replaceChild(n, newNumber);
      reportCodeChange();

      return newNumber;
    }

    return n;
  }
```"
2,root_c4_c2_c2,Closure_94_query,Closure_94,gen,1,8,10,np.nan,"```java
static boolean isValidDefineValue(Node val, Set<String> defines) {
    switch (val.getType()) {
      case Token.STRING:
      case Token.NUMBER:
      case Token.TRUE:
      case Token.FALSE:
        return true;

      // Binary operators are only valid if both children are valid.
      case Token.ADD:
      case Token.BITAND:
      case Token.BITNOT:
      case Token.BITOR:
      case Token.BITXOR:
        Node first = val.getFirstChild();
        Node second = first.getNext();
        return isValidDefineValue(first, defines) && 
               (second == null || isValidDefineValue(second, defines));

      // Unary operators are valid if the child is valid.
      case Token.NOT:
      case Token.NEG:
        return isValidDefineValue(val.getFirstChild(), defines);

      // Names are valid if and only if they are defines themselves.
      case Token.NAME:
      case Token.GETPROP:
        if (val.isQualifiedName()) {
          return defines.contains(val.getQualifiedName());
        }
        return false;
        
      default:
        return false;
    }
  }
```"
2,root_c4_c3_c0,Closure_124_query,Closure_124,gen,0,0,10,,
2,root_c4_c3_c0,Closure_131_query,Closure_131,gen,0,0,10,,
2,root_c4_c3_c0,Closure_143_query,Closure_143,gen,0,0,10,,
2,root_c4_c3_c0,Closure_53_query,Closure_53,gen,1,9,10,np.nan,"```java
private void replaceAssignmentExpression(Var v, Reference ref,
                                             Map<String, String> varmap) {
      // Compute all of the assignments necessary
      List<Node> nodes = Lists.newArrayList();
      Node val = ref.getAssignedValue();
      blacklistVarReferencesInTree(val, v.scope);
      Preconditions.checkState(val.getType() == Token.OBJECTLIT);
      Set<String> all = Sets.newLinkedHashSet(varmap.keySet());
      for (Node key = val.getFirstChild(); key != null;
           key = key.getNext()) {
        String var = key.getString();
        Node value = key.removeFirstChild();
        // TODO(user): Copy type information.
        nodes.add(
          new Node(Token.ASSIGN,
                   Node.newString(Token.NAME, varmap.get(var)), value));
        all.remove(var);
      }

      // TODO(user): Better source information.
      for (String var : all) {
        nodes.add(
          new Node(Token.ASSIGN,
                   Node.newString(Token.NAME, varmap.get(var)),
                   NodeUtil.newUndefinedNode(null)));
      }

      Node replacement;
      if (nodes.isEmpty()) {
        replacement = new Node(Token.TRUE);
      } else {
        // All assignments evaluate to true, so make sure that the
        // expr statement evaluates to true in case it matters.
        nodes.add(new Node(Token.TRUE));

        // Join these using COMMA.  A COMMA node must have 2 children, so we
        // create a tree. In the tree the first child be the COMMA to match
        // the parser, otherwise tree equality tests fail.
        nodes = Lists.reverse(nodes);
        replacement = new Node(Token.COMMA);
        Node cur = replacement;
        int i;
        for (i = 0; i < nodes.size() - 2; i++) {
          cur.addChildToFront(nodes.get(i));
          Node t = new Node(Token.COMMA);
          cur.addChildToFront(t);
          cur = t;
        }
        cur.addChildToFront(nodes.get(i));
        cur.addChildToFront(nodes.get(i + 1));
      }

      Node replace = ref.getParent();
      replacement.copyInformationFromForTree(replace);

      if (replace.getType() == Token.VAR) {
        replace.getParent().replaceChild(
            replace, NodeUtil.newExpr(replacement));
      } else {
        replace.getParent().replaceChild(replace, replacement);
      }
    }
```"
2,root_c4_c3_c0,Closure_84_query,Closure_84,gen,0,0,10,,
2,root_c4_c3_c0,Closure_89_query,Closure_89,gen,0,0,10,,
2,root_c4_c3_c1,Closure_105_query,Closure_105,gen,0,0,10,,
2,root_c4_c3_c1,Closure_123_query,Closure_123,gen,0,0,9,,
2,root_c4_c3_c1,Closure_132_query,Closure_132,gen,0,0,10,,
2,root_c4_c3_c1,Closure_13_query,Closure_13,gen,0,0,10,,
2,root_c4_c3_c1,Closure_145_query,Closure_145,gen,1,2,10,np.nan,"```java
private boolean isOneExactlyFunctionOrDo(Node n) {
    // For labels with block children, we need to ensure that a
    // labeled FUNCTION or DO isn't generated when extraneous BLOCKs 
    // are skipped.
    if (n.getType() == Token.BLOCK) {
        Node first = n.getFirstChild();
        return first != null && first.getNext() == null && 
               (first.getType() == Token.FUNCTION || first.getType() == Token.DO);
    }
    return (n.getType() == Token.FUNCTION || n.getType() == Token.DO);
}
```"
2,root_c4_c3_c1,Closure_173_query,Closure_173,gen,0,0,10,,
2,root_c4_c3_c1,Closure_20_query,Closure_20,gen,0,0,10,,
2,root_c4_c3_c1,Closure_21_query,Closure_21,gen,0,0,10,,
2,root_c4_c3_c1,Closure_22_query,Closure_22,gen,0,0,10,,
2,root_c4_c3_c1,Closure_34_query,Closure_34,gen,0,0,10,,
2,root_c4_c3_c1,Closure_50_query,Closure_50,gen,0,0,10,,
2,root_c4_c3_c1,Closure_55_query,Closure_55,gen,0,0,10,,
2,root_c4_c3_c1,Closure_64_query,Closure_64,gen,0,0,10,,
2,root_c4_c3_c2,Closure_157_query,Closure_157,gen,0,0,10,,
2,root_c4_c3_c2,Closure_37_query,Closure_37,gen,0,0,10,,
2,root_c4_c3_c2,Closure_42_query,Closure_42,gen,0,0,10,,
2,root_c4_c3_c2,Closure_47_query,Closure_47,gen,0,0,10,,
2,root_c4_c3_c2,Closure_81_query,Closure_81,gen,0,0,10,,
2,root_c4_c4_c0,Closure_100_query,Closure_100,gen,0,0,10,,
2,root_c4_c4_c0,Closure_106_query,Closure_106,gen,0,0,10,,
2,root_c4_c4_c0,Closure_142_query,Closure_142,gen,0,0,10,,
2,root_c4_c4_c0,Closure_56_query,Closure_56,gen,0,0,10,,
2,root_c4_c4_c0,Closure_71_query,Closure_71,gen,0,0,10,,
2,root_c4_c4_c0,Closure_91_query,Closure_91,gen,0,0,10,,
2,root_c4_c4_c0,Closure_99_query,Closure_99,gen,0,0,10,,
2,root_c4_c4_c1,Closure_101_query,Closure_101,gen,0,0,10,,
2,root_c4_c4_c1,Closure_107_query,Closure_107,gen,0,0,10,,
2,root_c4_c4_c1,Closure_113_query,Closure_113,gen,0,0,10,,
2,root_c4_c4_c1,Closure_140_query,Closure_140,gen,0,0,10,,
2,root_c4_c4_c1,Closure_160_query,Closure_160,gen,0,0,10,,
2,root_c4_c4_c1,Closure_18_query,Closure_18,gen,1,7,10,np.nan,"```java
Node parseInputs() {
    boolean devMode = options.devMode != DevMode.OFF;

    // If old roots exist (we are parsing a second time), detach each of the
    // individual file parse trees.
    if (externsRoot != null) {
      externsRoot.detachChildren();
    }
    if (jsRoot != null) {
      jsRoot.detachChildren();
    }

    // Parse main JS sources.
    jsRoot = IR.block();
    jsRoot.setIsSyntheticBlock(true);

    externsRoot = IR.block();
    externsRoot.setIsSyntheticBlock(true);

    externAndJsRoot = IR.block(externsRoot, jsRoot);
    externAndJsRoot.setIsSyntheticBlock(true);

    if (options.tracer.isOn()) {
      tracker = new PerformanceTracker(jsRoot, options.tracer);
      addChangeHandler(tracker.getCodeChangeHandler());
    }

    Tracer tracer = newTracer(""parseInputs"");

    try {
      // Parse externs sources.
      for (CompilerInput input : externs) {
        Node n = input.getAstRoot(this);
        if (hasErrors()) {
          return null;
        }
        externsRoot.addChildToBack(n);
      }

      // Modules inferred in ProcessCommonJS pass.
      if (options.transformAMDToCJSModules || options.processCommonJSModules) {
        processAMDAndCommonJSModules();
      }

      hoistExterns(externsRoot);

      // Check if the sources need to be re-ordered.
      boolean staleInputs = false;
      if (options.dependencyOptions.needsManagement()) {
        for (CompilerInput input : inputs) {
          // Forward-declare all the provided types, so that they
          // are not flagged even if they are dropped from the process.
          for (String provide : input.getProvides()) {
            getTypeRegistry().forwardDeclareType(provide);
          }
        }

        try {
          inputs =
              (moduleGraph == null ? new JSModuleGraph(modules) : moduleGraph)
              .manageDependencies(options.dependencyOptions, inputs);
          staleInputs = true;
        } catch (CircularDependencyException e) {
          report(JSError.make(
              JSModule.CIRCULAR_DEPENDENCY_ERROR, e.getMessage()));

          // If in IDE mode, we ignore the error and keep going.
          if (hasErrors()) {
            return null;
          }
        } catch (MissingProvideException e) {
          report(JSError.make(
              MISSING_ENTRY_ERROR, e.getMessage()));

          // If in IDE mode, we ignore the error and keep going.
          if (hasErrors()) {
            return null;
          }
        }
      }

      hoistNoCompileFiles();

      if (staleInputs) {
        repartitionInputs();
      }

      // Build the AST.
      for (CompilerInput input : inputs) {
        Node n = input.getAstRoot(this);
        if (n == null) {
          continue;
        }

        if (devMode) {
          runSanityCheck();
          if (hasErrors()) {
            return null;
          }
        }

        if (options.sourceMapOutputPath != null ||
            options.nameReferenceReportPath != null) {

          // Annotate the nodes in the tree with information from the
          // input file. This information is used to construct the SourceMap.
          SourceInformationAnnotator sia =
              new SourceInformationAnnotator(
                  input.getName(), options.devMode != DevMode.OFF);
          NodeTraversal.traverse(this, n, sia);
        }

        jsRoot.addChildToBack(n);
      }

      if (hasErrors()) {
        return null;
      }
      return externAndJsRoot;
    } finally {
      stopTracer(tracer, ""parseInputs"");
    }
  }
```"
2,root_c4_c4_c1,Closure_31_query,Closure_31,gen,0,0,10,,
2,root_c4_c4_c1,Closure_57_query,Closure_57,gen,1,10,10,np.nan,"```java
private static String extractClassNameIfGoog(Node node, Node parent,
      String functionName){
    String className = null;
    if (NodeUtil.isExprCall(parent)) {
      Node callee = node.getFirstChild();
      if (callee != null && callee.getType() == Token.GETPROP) {
        String qualifiedName = callee.getQualifiedName();
        if (functionName.equals(qualifiedName)) {
          Node target = callee.getNext();
          if (target != null && target.getType() == Token.STRING) {
            className = target.getString();
          }
        }
      }
    }
    return className;
  }
```"
2,root_c4_c4_c1,Closure_59_query,Closure_59,gen,1,4,10,np.nan,"```java
public void initOptions(CompilerOptions options) {
    this.options = options;
    if (errorManager == null) {
      if (outStream == null) {
        setErrorManager(
            new LoggerErrorManager(createMessageFormatter(), logger));
      } else {
        PrintStreamErrorManager printer =
            new PrintStreamErrorManager(createMessageFormatter(), outStream);
        printer.setSummaryDetailLevel(options.summaryDetailLevel);
        setErrorManager(printer);
      }
    }

    // DiagnosticGroups override the plain checkTypes option.
    if (options.enables(DiagnosticGroups.CHECK_TYPES)) {
      options.checkTypes = true;
    } else if (options.disables(DiagnosticGroups.CHECK_TYPES)) {
      options.checkTypes = false;
    } else if (!options.checkTypes) {
      // If DiagnosticGroups did not override the plain checkTypes
      // option, and checkTypes is enabled, then turn off the
      // parser type warnings.
      options.setWarningLevel(
          DiagnosticGroup.forType(
              RhinoErrorReporter.TYPE_PARSE_ERROR),
          CheckLevel.OFF);
    }

    // Only set global this warning level if not explicitly configured
    if (options.getWarningLevel(DiagnosticGroups.GLOBAL_THIS) == null) {
      if (options.checkGlobalThisLevel.isOn()) {
        options.setWarningLevel(
            DiagnosticGroups.GLOBAL_THIS,
            options.checkGlobalThisLevel);
      }
    }

    if (options.getLanguageIn() == LanguageMode.ECMASCRIPT5_STRICT) {
      options.setWarningLevel(
          DiagnosticGroups.ES5_STRICT,
          CheckLevel.ERROR);
    }

    // Initialize the warnings guard.
    List<WarningsGuard> guards = Lists.newArrayList();
    guards.add(
        new SuppressDocWarningsGuard(
            getDiagnosticGroups().getRegisteredGroups()));
    guards.add(options.getWarningsGuard());

    ComposeWarningsGuard composedGuards = new ComposeWarningsGuard(guards);

    // All passes must run the variable check. This synthesizes
    // variables later so that the compiler doesn't crash. It also
    // checks the externs file for validity. If you don't want to warn
    // about missing variable declarations, we shut that specific
    // error off.
    if (!options.checkSymbols &&
        !composedGuards.enables(DiagnosticGroups.CHECK_VARIABLES)) {
      composedGuards.addGuard(new DiagnosticGroupWarningsGuard(
          DiagnosticGroups.CHECK_VARIABLES, CheckLevel.OFF));
    }

    this.warningsGuard = composedGuards;
  }
```"
2,root_c4_c4_c1,Closure_92_query,Closure_92,gen,1,4,10,np.nan,"```java
void replace() {
      if (firstNode == null) {
        // Don't touch the base case ('goog').
        replacementNode = candidateDefinition;
        return;
      }

      // Handle the case where there is a duplicate definition for an explicitly
      // provided symbol.
      if (candidateDefinition != null && explicitNode != null) {
        explicitNode.detachFromParent();
        compiler.reportCodeChange();

        // Does this need a VAR keyword?
        replacementNode = candidateDefinition;
        if (NodeUtil.isExpressionNode(candidateDefinition)) {
          candidateDefinition.putBooleanProp(Node.IS_NAMESPACE, true);
          Node assignNode = candidateDefinition.getFirstChild();
          Node nameNode = assignNode.getFirstChild();
          if (nameNode.getType() == Token.NAME) {
            // Need to convert this assign to a var declaration.
            Node valueNode = nameNode.getNext();
            assignNode.removeChild(nameNode);
            assignNode.removeChild(valueNode);
            nameNode.addChildToFront(valueNode);
            Node varNode = new Node(Token.VAR, nameNode);
            varNode.copyInformationFrom(candidateDefinition);
            candidateDefinition.getParent().replaceChild(
                candidateDefinition, varNode);
            nameNode.setJSDocInfo(assignNode.getJSDocInfo());
            compiler.reportCodeChange();
            replacementNode = varNode;
          }
        }
      } else {
        // Handle the case where there's not a duplicate definition.
        replacementNode = createDeclarationNode();
        if (firstModule == minimumModule) {
          firstNode.getParent().addChildBefore(replacementNode, firstNode);
        } else {
          // In this case, the name was implicitly provided by two independent
          // modules. We need to move this code up to a common module.
          int indexOfDot = namespace.lastIndexOf('.');
          if (indexOfDot == -1) {
            // Any old place is fine.
            compiler.getNodeForCodeInsertion(minimumModule)
                .addChildToBack(replacementNode);
          } else {
            // Add it after the parent namespace.
            String parentNamespace = namespace.substring(0, indexOfDot);
            ProvidedName parentName = providedNames.get(parentNamespace);
            if (parentName == null || parentName.replacementNode == null) {
              // Fall back to adding at the beginning of the module
              compiler.getNodeForCodeInsertion(minimumModule)
                  .addChildToBack(replacementNode);
            } else {
              parentName.replacementNode.getParent().addChildAfter(
                  replacementNode, parentName.replacementNode);
            }
          }
        }
        if (explicitNode != null) {
          explicitNode.detachFromParent();
        }
        compiler.reportCodeChange();
      }
    }
```"
2,root_c4_c4_c1,Closure_9_query,Closure_9,gen,1,2,10,np.nan,"```java
private String normalizeSourceName(String filename) {
    // The DOS command shell will normalize ""/"" to ""\"", so we have to
    // wrestle it back.
    filename = filename.replace('\\', '/');

    if (filename.indexOf(filenamePrefix) == 0) {
      filename = filename.substring(filenamePrefix.length());
    }

    return filename;
  }
```

```java
private void visitScript(NodeTraversal t, Node script) {
      Preconditions.checkArgument(scriptNodeCount == 1,
          ""ProcessCommonJSModules supports only one invocation per "" +
          ""CompilerInput / script node"");
      String moduleName = guessCJSModuleName(normalizeSourceName(script.getSourceFileName()));
      script.addChildToFront(IR.var(IR.name(moduleName), IR.objectlit())
          .copyInformationFromForTree(script));
      if (reportDependencies) {
        CompilerInput ci = t.getInput();
        ci.addProvide(moduleName);
        JSModule m = new JSModule(moduleName);
        m.addAndOverrideModule(ci);
        module = m;
      }
      script.addChildToFront(IR.exprResult(
          IR.call(IR.getprop(IR.name(""goog""), IR.string(""provide"")),
              IR.string(moduleName))).copyInformationFromForTree(script));

      emitOptionalModuleExportsOverride(script, moduleName);

      // Rename vars to not conflict in global scope.
      NodeTraversal.traverse(compiler, script, new SuffixVarsCallback(
          moduleName));

      compiler.reportCodeChange();
    }
```"
2,root_c4_c4_c2,Closure_102_query,Closure_102,gen,0,0,10,,
2,root_c4_c4_c2,Closure_110_query,Closure_110,gen,0,0,10,,
2,root_c4_c4_c2,Closure_119_query,Closure_119,gen,0,0,10,,
2,root_c4_c4_c2,Closure_136_query,Closure_136,gen,0,0,10,,
2,root_c4_c4_c2,Closure_139_query,Closure_139,gen,0,0,10,,
2,root_c4_c4_c2,Closure_156_query,Closure_156,gen,0,0,10,,
2,root_c4_c4_c2,Closure_159_query,Closure_159,gen,0,0,10,,
2,root_c4_c4_c2,Closure_162_query,Closure_162,gen,0,0,7,,
2,root_c4_c4_c2,Closure_168_query,Closure_168,gen,0,0,10,,
2,root_c4_c4_c2,Closure_174_query,Closure_174,gen,0,0,10,,
2,root_c4_c4_c2,Closure_1_query,Closure_1,gen,0,0,10,,
2,root_c4_c4_c2,Closure_24_query,Closure_24,gen,0,0,10,,
2,root_c4_c4_c2,Closure_40_query,Closure_40,gen,0,0,10,,
2,root_c4_c4_c2,Closure_67_query,Closure_67,gen,0,0,6,,
2,root_c4_c4_c2,Closure_79_query,Closure_79,gen,0,0,10,,
2,root_c4_c4_c2,Closure_8_query,Closure_8,gen,0,0,10,,
2,root_c5_c0_c0,Chart_17_query,Chart_17,sr,1,5,10,,
2,root_c5_c0_c1,Chart_5_query,Chart_5,gen,1,4,10,np.nan,"```java
public XYDataItem addOrUpdate(Number x, Number y) {
        if (x == null) {
            throw new IllegalArgumentException(""Null 'x' argument."");
        }

        // if we get to here, we know that duplicate X values are not permitted
        XYDataItem overwritten = null;
        int index = indexOf(x);
        if (index >= 0 && !this.allowDuplicateXValues) {
            XYDataItem existing = (XYDataItem) this.data.get(index);
            try {
                overwritten = (XYDataItem) existing.clone();
            }
            catch (CloneNotSupportedException e) {
                throw new SeriesException(""Couldn't clone XYDataItem!"");
            }
            existing.setY(y);
        }
        else {
            // if the series is sorted, the negative index is a result from
            // Collections.binarySearch() and tells us where to insert the
            // new item...otherwise it will be just -1 and we should just
            // append the value to the list...
            if (this.autoSort) {
                this.data.add(Math.max(0, -index - 1), new XYDataItem(x, y));
            }
            else {
                this.data.add(new XYDataItem(x, y));
            }
            // check if this addition will exceed the maximum item count...
            if (getItemCount() > this.maximumItemCount) {
                this.data.remove(0);
            }
        }
        fireSeriesChanged();
        return overwritten;
    }
```"
2,root_c5_c0_c2,Chart_3_query,Chart_3,gen,0,0,10,,
2,root_c5_c0_c2,Chart_7_query,Chart_7,gen,1,10,10,np.nan,"```java
private void updateBounds(TimePeriod period, int index) {
        
        long start = period.getStart().getTime();
        long end = period.getEnd().getTime();
        long middle = start + ((end - start) / 2);

        if (this.minStartIndex >= 0) {
            long minStart = getDataItem(this.minStartIndex).getPeriod()
                .getStart().getTime();
            if (start < minStart) {
                this.minStartIndex = index;           
            }
        }
        else {
            this.minStartIndex = index;
        }
        
        if (this.maxStartIndex >= 0) {
            long maxStart = getDataItem(this.maxStartIndex).getPeriod()
                .getStart().getTime();
            if (start > maxStart) {
                this.maxStartIndex = index;           
            }
        }
        else {
            this.maxStartIndex = index;
        }
        
        if (this.minMiddleIndex >= 0) {
            long s = getDataItem(this.minMiddleIndex).getPeriod().getStart()
                .getTime();
            long e = getDataItem(this.minMiddleIndex).getPeriod().getEnd()
                .getTime();
            long minMiddle = s + (e - s) / 2;
            if (middle < minMiddle) {
                this.minMiddleIndex = index;           
            }
        }
        else {
            this.minMiddleIndex = index;
        }
        
        if (this.maxMiddleIndex >= 0) {
            long s = getDataItem(this.maxMiddleIndex).getPeriod().getStart()
                .getTime();
            long e = getDataItem(this.maxMiddleIndex).getPeriod().getEnd()
                .getTime();
            long maxMiddle = s + (e - s) / 2;
            if (middle > maxMiddle) {
                this.maxMiddleIndex = index;           
            }
        }
        else {
            this.maxMiddleIndex = index;
        }
        
        if (this.minEndIndex >= 0) {
            long minEnd = getDataItem(this.minEndIndex).getPeriod().getEnd()
                .getTime();
            if (end < minEnd) {
                this.minEndIndex = index;           
            }
        }
        else {
            this.minEndIndex = index;
        }
       
        if (this.maxEndIndex >= 0) {
            long maxEnd = getDataItem(this.maxEndIndex).getPeriod().getEnd()
                .getTime();
            if (end > maxEnd) {
                this.maxEndIndex = index;           
            }
        }
        else {
            this.maxEndIndex = index;
        }
    }
```"
2,root_c5_c0_c2,Chart_9_query,Chart_9,gen,1,4,10,np.nan,"```java
public TimeSeries createCopy(RegularTimePeriod start, RegularTimePeriod end)
        throws CloneNotSupportedException {

        if (start == null) {
            throw new IllegalArgumentException(""Null 'start' argument."");
        }
        if (end == null) {
            throw new IllegalArgumentException(""Null 'end' argument."");
        }
        if (start.compareTo(end) > 0) {
            throw new IllegalArgumentException(""Requires start <= end."");
        }
        boolean emptyRange = false;
        int startIndex = getIndex(start);
        if (startIndex < 0) {
            startIndex = -(startIndex + 1);
            if (startIndex == this.data.size()) {
                emptyRange = true;  // start is after last data item
            }
        }
        int endIndex = getIndex(end);
        if (endIndex < 0) {             // end period is not in original series
            endIndex = -(endIndex + 1); // this is first item AFTER end period
            endIndex = endIndex - 1;    // so this is last item BEFORE end
            if (endIndex < 0) {
                emptyRange = true;
            }
        }
        if (emptyRange) {
            TimeSeries copy = (TimeSeries) super.clone();
            copy.data = new java.util.ArrayList();
            return copy;
        }
        else {
            return createCopy(startIndex, endIndex);
        }
    }
```"
2,root_c5_c1_c0,JacksonDatabind_36_query,JacksonDatabind_36,gen,0,0,10,,
2,root_c5_c1_c0,Lang_38_query,Lang_38,gen,0,0,10,,
2,root_c5_c1_c0,Lang_50_query,Lang_50,gen,1,10,10,np.nan,"```java
public static synchronized FastDateFormat getDateTimeInstance(int dateStyle, int timeStyle, TimeZone timeZone,
            Locale locale) {

        Object key = new Pair(new Integer(dateStyle), new Integer(timeStyle));
        if (timeZone != null) {
            key = new Pair(key, timeZone);
        }
        if (locale == null) {
            locale = Locale.getDefault();
        }
        key = new Pair(key, locale);

        FastDateFormat format = (FastDateFormat) cDateTimeInstanceCache.get(key);
        if (format == null) {
            try {
                SimpleDateFormat formatter = (SimpleDateFormat) DateFormat.getDateTimeInstance(dateStyle, timeStyle,
                        locale);
                String pattern = formatter.toPattern();
                format = getInstance(pattern, timeZone, locale);
                cDateTimeInstanceCache.put(key, format);

            } catch (ClassCastException ex) {
                throw new IllegalArgumentException(""No date time pattern for locale: "" + locale);
            }
        }
        return format;
    }
```

```java
public static synchronized FastDateFormat getDateInstance(int style, TimeZone timeZone, Locale locale) {
        Object key = new Integer(style);
        if (timeZone != null) {
            key = new Pair(key, timeZone);
        }
        if (locale == null) {
            locale = Locale.getDefault();
        }
        key = new Pair(key, locale);

        FastDateFormat format = (FastDateFormat) cDateInstanceCache.get(key);
        if (format == null) {
            try {
                SimpleDateFormat formatter = (SimpleDateFormat) DateFormat.getDateInstance(style, locale);
                String pattern = formatter.toPattern();
                format = getInstance(pattern, timeZone, locale);
                cDateInstanceCache.put(key, format);
                
            } catch (ClassCastException ex) {
                throw new IllegalArgumentException(""No date pattern for locale: "" + locale);
            }
        }
        return format;
    }
```"
2,root_c5_c1_c0,Lang_9_query,Lang_9,gen,0,0,10,,
2,root_c5_c1_c1,JacksonDatabind_104_query,JacksonDatabind_104,gen,0,0,10,,
2,root_c5_c1_c1,Lang_21_query,Lang_21,gen,1,8,10,np.nan,"```java
public static boolean isSameLocalTime(Calendar cal1, Calendar cal2) {
    if (cal1 == null || cal2 == null) {
        throw new IllegalArgumentException(""The date must not be null"");
    }
    return (cal1.get(Calendar.MILLISECOND) == cal2.get(Calendar.MILLISECOND) &&
            cal1.get(Calendar.SECOND) == cal2.get(Calendar.SECOND) &&
            cal1.get(Calendar.MINUTE) == cal2.get(Calendar.MINUTE) &&
            cal1.get(Calendar.HOUR_OF_DAY) == cal2.get(Calendar.HOUR_OF_DAY) &&
            cal1.get(Calendar.DAY_OF_YEAR) == cal2.get(Calendar.DAY_OF_YEAR) &&
            cal1.get(Calendar.YEAR) == cal2.get(Calendar.YEAR) &&
            cal1.get(Calendar.ERA) == cal2.get(Calendar.ERA) &&
            cal1.getClass() == cal2.getClass());
}
```"
2,root_c5_c1_c1,Lang_26_query,Lang_26,gen,1,10,10,np.nan,"```java
public String format(Date date) {
        Calendar c = new GregorianCalendar(mTimeZone, mLocale);
        c.setTime(date);
        return applyRules(c, new StringBuffer(mMaxLengthEstimate)).toString();
    }
```"
2,root_c5_c1_c1,Lang_63_query,Lang_63,gen,1,3,10,np.nan,"```java
static int reduceAndCorrect(Calendar start, Calendar end, int field, int difference) {
        end.add( field, -1 * difference );
        int endValue = end.get(field);
        int startValue = start.get(field);
        if (endValue < startValue) {
            int newdiff = startValue - endValue;
            end.add( field, newdiff );
            return newdiff;
        } else {
            return 0;
        }
    }
```

```java
public static String formatPeriod(long startMillis, long endMillis, String format, boolean padWithZeros, 
            TimeZone timezone) {

        long millis = endMillis - startMillis;
        if (millis < 28 * DateUtils.MILLIS_PER_DAY) {
            return formatDuration(millis, format, padWithZeros);
        }

        Token[] tokens = lexx(format);

        // timezones get funky around 0, so normalizing everything to GMT 
        // stops the hours being off
        Calendar start = Calendar.getInstance(timezone);
        start.setTime(new Date(startMillis));
        Calendar end = Calendar.getInstance(timezone);
        end.setTime(new Date(endMillis));

        // initial estimates
        int milliseconds = end.get(Calendar.MILLISECOND) - start.get(Calendar.MILLISECOND);
        int seconds = end.get(Calendar.SECOND) - start.get(Calendar.SECOND);
        int minutes = end.get(Calendar.MINUTE) - start.get(Calendar.MINUTE);
        int hours = end.get(Calendar.HOUR_OF_DAY) - start.get(Calendar.HOUR_OF_DAY);
        int days = end.get(Calendar.DAY_OF_MONTH) - start.get(Calendar.DAY_OF_MONTH);
        int months = end.get(Calendar.MONTH) - start.get(Calendar.MONTH);
        int years = end.get(Calendar.YEAR) - start.get(Calendar.YEAR);

        // each initial estimate is adjusted in case it is under 0
        while (milliseconds < 0) {
            milliseconds += 1000;
            seconds -= 1;
        }
        while (seconds < 0) {
            seconds += 60;
            minutes -= 1;
        }
        while (minutes < 0) {
            minutes += 60;
            hours -= 1;
        }
        while (hours < 0) {
            hours += 24;
            days -= 1;
        }
        while (days < 0) {
            days += end.getActualMaximum(Calendar.DAY_OF_MONTH);
            months -= 1;
        }
        while (months < 0) {
            months += 12;
            years -= 1;
        }
        milliseconds -= reduceAndCorrect(start, end, Calendar.MILLISECOND, milliseconds);
        seconds -= reduceAndCorrect(start, end, Calendar.SECOND, seconds);
        minutes -= reduceAndCorrect(start, end, Calendar.MINUTE, minutes);
        hours -= reduceAndCorrect(start, end, Calendar.HOUR_OF_DAY, hours);
        days -= reduceAndCorrect(start, end, Calendar.DAY_OF_MONTH, days);
        months -= reduceAndCorrect(start, end, Calendar.MONTH, months);
        years -= reduceAndCorrect(start, end, Calendar.YEAR, years);

        // This next block of code adds in values that 
        // aren't requested. This allows the user to ask for the 
        // number of months and get the real count and not just 0->11.
        if (!Token.containsTokenWithValue(tokens, y)) {
            if (Token.containsTokenWithValue(tokens, M)) {
                months += 12 * years;
                years = 0;
            } else {
                // TODO: this is a bit weak, needs work to know about leap years
                days += 365 * years;
                years = 0;
            }
        }
        if (!Token.containsTokenWithValue(tokens, M)) {
            days += end.get(Calendar.DAY_OF_YEAR) - start.get(Calendar.DAY_OF_YEAR);
            months = 0;
        }
        if (!Token.containsTokenWithValue(tokens, d)) {
            hours += 24 * days;
            days = 0;
        }
        if (!Token.containsTokenWithValue(tokens, H)) {
            minutes += 60 * hours;
            hours = 0;
        }
        if (!Token.containsTokenWithValue(tokens, m)) {
            seconds += 60 * minutes;
            minutes = 0;
        }
        if (!Token.containsTokenWithValue(tokens, s)) {
            milliseconds += 1000 * seconds;
            seconds = 0;
        }

        return format(tokens, years, months, days, hours, minutes, seconds, milliseconds, padWithZeros);
    }
```"
2,root_c5_c1_c1,Lang_65_query,Lang_65,gen,0,0,10,,
2,root_c5_c1_c1,Time_13_query,Time_13,gen,0,0,10,,
2,root_c5_c1_c1,Time_27_query,Time_27,gen,1,9,10,np.nan,"```java
private static PeriodFormatter toFormatter(List<Object> elementPairs, boolean notPrinter, boolean notParser) {
    if (notPrinter && notParser) {
        throw new IllegalStateException(""Builder has created neither a printer nor a parser"");
    }
    int size = elementPairs.size();
    if (size >= 2 && elementPairs.get(0) instanceof Separator) {
        Separator sep = (Separator) elementPairs.get(0);
        if (sep.iAfterParser == null && sep.iAfterPrinter == null) {
            // separator can't be used as both printer and parser
            PeriodFormatter f = toFormatter(elementPairs.subList(2, size), notPrinter, notParser);
            sep = sep.finish(f.getPrinter(), f.getParser());
            return new PeriodFormatter(sep, sep);
        }
    }
    Object[] comp = createComposite(elementPairs);
    if (notPrinter) {
        return new PeriodFormatter(null, (PeriodParser) comp[1]);
    } else if (notParser) {
        return new PeriodFormatter((PeriodPrinter) comp[0], null);
    } else {
        return new PeriodFormatter((PeriodPrinter) comp[0], (PeriodParser) comp[1]);
    }
}
```"
2,root_c5_c1_c2,Time_23_query,Time_23,gen,1,9,10,np.nan,"```java
private static synchronized String getConvertedId(String id) {
        Map<String, String> map = cZoneIdConversion;
        if (map == null) {
            // Backwards compatibility with TimeZone.
            map = new HashMap<String, String>();
            map.put(""GMT"", ""UTC"");
            map.put(""MIT"", ""Pacific/Apia"");
            map.put(""HST"", ""Pacific/Honolulu"");  // JDK 1.1 compatible
            map.put(""AST"", ""America/Anchorage"");
            map.put(""PST"", ""America/Los_Angeles"");
            map.put(""MST"", ""America/Denver"");  // JDK 1.1 compatible
            map.put(""PNT"", ""America/Phoenix"");
            map.put(""CST"", ""America/Chicago"");
            map.put(""EST"", ""America/New_York"");  // JDK 1.1 compatible
            map.put(""IET"", ""America/Indiana/Indianapolis"");
            map.put(""PRT"", ""America/Puerto_Rico"");
            map.put(""CNT"", ""America/St_Johns"");
            map.put(""AGT"", ""America/Argentina/Buenos_Aires"");
            map.put(""BET"", ""America/Sao_Paulo"");
            map.put(""WET"", ""WET"");
            map.put(""ECT"", ""CET"");
            map.put(""ART"", ""Africa/Cairo"");
            map.put(""CAT"", ""Africa/Harare"");
            map.put(""EET"", ""EET"");
            map.put(""EAT"", ""Africa/Addis_Ababa"");
            map.put(""MET"", ""CET"");
            map.put(""NET"", ""Asia/Yerevan"");
            map.put(""PLT"", ""Asia/Karachi"");
            map.put(""IST"", ""Asia/Kolkata"");
            map.put(""BST"", ""Asia/Dhaka"");
            map.put(""VST"", ""Asia/Ho_Chi_Minh"");
            map.put(""CTT"", ""Asia/Shanghai"");
            map.put(""JST"", ""Asia/Tokyo"");
            map.put(""ACT"", ""Australia/Darwin"");
            map.put(""AET"", ""Australia/Sydney"");
            map.put(""SST"", ""Pacific/Guadalcanal"");
            map.put(""NST"", ""Pacific/Auckland"");
            cZoneIdConversion = map;
        }
        return map.get(id);
    }
```"
2,root_c5_c2_c0,Time_14_query,Time_14,gen,0,0,10,,
2,root_c5_c2_c0,Time_5_query,Time_5,gen,0,0,10,,
2,root_c5_c2_c1,Time_1_query,Time_1,gen,0,0,10,,
2,root_c5_c2_c1,Time_22_query,Time_22,gen,0,0,10,,
2,root_c5_c2_c1,Time_2_query,Time_2,gen,0,0,10,,
2,root_c5_c2_c1,Time_4_query,Time_4,gen,0,0,10,,
2,root_c5_c2_c2,Time_6_query,Time_6,gen,0,0,10,,
2,root_c5_c3_c0,Gson_5_query,Gson_5,sr,1,10,10,,
2,root_c5_c3_c0,JacksonDatabind_6_query,JacksonDatabind_6,sr,1,1,10,,
2,root_c5_c3_c1,Chart_8_query,Chart_8,sr,1,10,10,,
2,root_c5_c3_c1,Lang_53_query,Lang_53,sr,1,10,10,,
2,root_c5_c3_c1,Time_12_query,Time_12,sr,0,0,10,,
2,root_c5_c3_c1,Time_17_query,Time_17,sr,0,0,10,,
2,root_c5_c3_c1,Time_18_query,Time_18,sr,1,2,10,,
2,root_c5_c3_c1,Time_19_query,Time_19,sr,1,1,10,,
2,root_c5_c3_c1,Time_25_query,Time_25,sr,0,0,10,,
2,root_c5_c3_c1,Time_26_query,Time_26,sr,0,0,5,,
2,root_c5_c3_c1,Time_3_query,Time_3,sr,0,0,10,,
2,root_c5_c3_c1,Time_8_query,Time_8,sr,1,1,10,,
2,root_c5_c3_c2,Time_16_query,Time_16,sr,1,7,10,,
2,root_c5_c3_c2,Time_20_query,Time_20,sr,1,1,10,,
2,root_c5_c3_c2,Time_24_query,Time_24,sr,0,0,10,,
2,root_c5_c3_c2,Time_7_query,Time_7,sr,1,2,10,,
2,root_c5_c4_c0,Chart_12_query,Chart_12,sr,1,10,10,,
2,root_c5_c4_c0,Chart_14_query,Chart_14,sr,1,5,5,,
2,root_c5_c4_c1,Chart_20_query,Chart_20,sr,1,10,10,,
2,root_c5_c4_c1,Chart_24_query,Chart_24,sr,1,10,10,,
2,root_c5_c4_c1,Math_75_query,Math_75,sr,1,10,10,,
2,root_c5_c4_c2,Chart_15_query,Chart_15,gen,1,10,10,np.nan,"```java
public PiePlotState initialise(Graphics2D g2, Rectangle2D plotArea,
            PiePlot plot, Integer index, PlotRenderingInfo info) {
     
        PiePlotState state = new PiePlotState(info);
        state.setPassesRequired(2);
        if (plot.getDataset() != null) {
            state.setTotal(DatasetUtilities.calculatePieDatasetTotal(
                    plot.getDataset()));
        }
        state.setLatestAngle(plot.getStartAngle());
        return state;
    }
```

```java
public double getMaximumExplodePercent() {
        double result = 0.0;
        if (this.dataset != null) {
            Iterator iterator = this.dataset.getKeys().iterator();
            while (iterator.hasNext()) {
                Comparable key = (Comparable) iterator.next();
                Number explode = (Number) this.explodePercentages.get(key);
                if (explode != null) {
                    result = Math.max(result, explode.doubleValue());   
                }
            }
        }
        return result;
    }
```"
2,root_c5_c4_c2,Chart_16_query,Chart_16,gen,1,1,10,np.nan,"```java
public DefaultIntervalCategoryDataset(Comparable[] seriesKeys,
                                          Comparable[] categoryKeys,
                                          Number[][] starts,
                                          Number[][] ends) {

        this.startData = starts;
        this.endData = ends;

        if (starts != null && ends != null) {
            int seriesCount = starts.length;
            if (seriesCount != ends.length) {
                String errMsg = ""DefaultIntervalCategoryDataset: the number ""
                    + ""of series in the start value dataset does ""
                    + ""not match the number of series in the end ""
                    + ""value dataset."";
                throw new IllegalArgumentException(errMsg);
            }
            if (seriesCount > 0) {
                // set up the series names...
                if (seriesKeys != null) {
                    if (seriesKeys.length != seriesCount) {
                        throw new IllegalArgumentException(
                                ""The number of series keys does not ""
                                + ""match the number of series in the data."");
                    }
                    this.seriesKeys = seriesKeys;
                }
                else {
                    String prefix = ""Series "";
                    this.seriesKeys = generateKeys(seriesCount, prefix);
                }

                // set up the category names...
                int categoryCount = starts[0].length;
                if (categoryCount != ends[0].length) {
                    String errMsg = ""DefaultIntervalCategoryDataset: the ""
                                + ""number of categories in the start value ""
                                + ""dataset does not match the number of ""
                                + ""categories in the end value dataset."";
                    throw new IllegalArgumentException(errMsg);
                }
                if (categoryKeys != null) {
                    if (categoryKeys.length != categoryCount) {
                        throw new IllegalArgumentException(
                                ""The number of category keys does not match ""
                                + ""the number of categories in the data."");
                    }
                    this.categoryKeys = categoryKeys;
                }
                else {
                    String prefix = ""Category "";
                    this.categoryKeys = generateKeys(categoryCount, prefix);
                }
            }
            else {
                this.seriesKeys = new Comparable[0];
                this.categoryKeys = new Comparable[0];
            }
        }
        else {
            this.seriesKeys = new Comparable[0];
            this.categoryKeys = new Comparable[0];
        }
    }
```

```java
public void setCategoryKeys(Comparable[] categoryKeys) {
        if (categoryKeys == null) {
            throw new IllegalArgumentException(""Null 'categoryKeys' argument."");
        }
        if (this.startData == null || this.startData.length == 0) {
            this.categoryKeys = categoryKeys;
            fireDatasetChanged();
            return;
        }
        if (categoryKeys.length != this.startData[0].length) {
            throw new IllegalArgumentException(
                    ""The number of categories does not match the data."");
        }
        for (int i = 0; i < categoryKeys.length; i++) {
            if (categoryKeys[i] == null) {
                throw new IllegalArgumentException(
                    ""DefaultIntervalCategoryDataset.setCategoryKeys(): ""
                    + ""null category not permitted."");
            }
        }
        this.categoryKeys = categoryKeys;
        fireDatasetChanged();
    }
```"
2,root_c5_c4_c2,Chart_19_query,Chart_19,gen,0,0,10,,
2,root_c5_c4_c2,Chart_1_query,Chart_1,gen,1,10,10,np.nan,"```java
public LegendItemCollection getLegendItems() {
        LegendItemCollection result = new LegendItemCollection();
        if (this.plot == null) {
            return result;
        }
        int index = this.plot.getIndexOf(this);
        CategoryDataset dataset = this.plot.getDataset(index);
        if (dataset == null) {
            return result;
        }
        int seriesCount = dataset.getRowCount();
        if (plot.getRowRenderingOrder().equals(SortOrder.ASCENDING)) {
            for (int i = 0; i < seriesCount; i++) {
                if (isSeriesVisibleInLegend(i)) {
                    LegendItem item = getLegendItem(index, i);
                    if (item != null) {
                        result.add(item);
                    }
                }
            }
        }
        else {
            for (int i = seriesCount - 1; i >= 0; i--) {
                if (isSeriesVisibleInLegend(i)) {
                    LegendItem item = getLegendItem(index, i);
                    if (item != null) {
                        result.add(item);
                    }
                }
            }
        }
        return result;
    }
```"
2,root_c5_c4_c2,Chart_21_query,Chart_21,gen,0,0,10,,
2,root_c5_c4_c2,Chart_25_query,Chart_25,gen,1,10,10,np.nan,"```java
protected void drawVerticalItem(Graphics2D g2,
                                    CategoryItemRendererState state,
                                    Rectangle2D dataArea,
                                    CategoryPlot plot,
                                    CategoryAxis domainAxis,
                                    ValueAxis rangeAxis,
                                    StatisticalCategoryDataset dataset,
                                    int row,
                                    int column) {
                                     
        RectangleEdge xAxisLocation = plot.getDomainAxisEdge();
        
        // BAR X
        double rectX = domainAxis.getCategoryStart(
            column, getColumnCount(), dataArea, xAxisLocation
        );

        int seriesCount = getRowCount();
        int categoryCount = getColumnCount();
        if (seriesCount > 1) {
            double seriesGap = dataArea.getWidth() * getItemMargin()
                               / (categoryCount * (seriesCount - 1));
            rectX = rectX + row * (state.getBarWidth() + seriesGap);
        }
        else {
            rectX = rectX + row * state.getBarWidth();
        }

        // BAR Y
        Number meanValue = dataset.getMeanValue(row, column);
        if (meanValue == null) {
            return;
        }

        double value = meanValue.doubleValue();
        double base = 0.0;
        double lclip = getLowerClip();
        double uclip = getUpperClip();

        if (uclip <= 0.0) {  // cases 1, 2, 3 and 4
            if (value >= uclip) {
                return; // bar is not visible
            }
            base = uclip;
            if (value <= lclip) {
                value = lclip;
            }
        }
        else if (lclip <= 0.0) { // cases 5, 6, 7 and 8
            if (value >= uclip) {
                value = uclip;
            }
            else {
                if (value <= lclip) {
                    value = lclip;
                }
            }
        }
        else { // cases 9, 10, 11 and 12
            if (value <= lclip) {
                return; // bar is not visible
            }
            base = getLowerClip();
            if (value >= uclip) {
               value = uclip;
            }
        }

        RectangleEdge yAxisLocation = plot.getRangeAxisEdge();
        double transY1 = rangeAxis.valueToJava2D(base, dataArea, yAxisLocation);
        double transY2 = rangeAxis.valueToJava2D(value, dataArea, 
                yAxisLocation);
        double rectY = Math.min(transY2, transY1);

        double rectWidth = state.getBarWidth();
        double rectHeight = Math.abs(transY2 - transY1);

        Rectangle2D bar = new Rectangle2D.Double(rectX, rectY, rectWidth, 
                rectHeight);
        Paint seriesPaint = getItemPaint(row, column);
        g2.setPaint(seriesPaint);
        g2.fill(bar);
        if (isDrawBarOutline() && state.getBarWidth() > 3) {
            g2.setStroke(getItemStroke(row, column));
            g2.setPaint(getItemOutlinePaint(row, column));
            g2.draw(bar);
        }

        // standard deviation lines
        Number stdDev = dataset.getStdDevValue(row, column);
        if (stdDev != null) {
            double valueDelta = stdDev.doubleValue();
            double highVal = rangeAxis.valueToJava2D(meanValue.doubleValue() 
                    + valueDelta, dataArea, yAxisLocation);
            double lowVal = rangeAxis.valueToJava2D(meanValue.doubleValue() 
                    - valueDelta, dataArea, yAxisLocation);

            if (this.errorIndicatorStroke != null) {
                g2.setStroke(this.errorIndicatorStroke);
            }
            else {
                g2.setStroke(getItemOutlineStroke(row, column));
            }
            if (this.errorIndicatorPaint != null) {
                g2.setPaint(this.errorIndicatorPaint);  
            }
            else {
                g2.setPaint(getItemOutlinePaint(row, column));   
            }
            Line2D line = null;
            line = new Line2D.Double(rectX + rectWidth / 2.0d, lowVal,
                                     rectX + rectWidth / 2.0d, highVal);
            g2.draw(line);
            line = new Line2D.Double(rectX + rectWidth / 2.0d - 5.0d, highVal,
                                     rectX + rectWidth / 2.0d + 5.0d, highVal);
            g2.draw(line);
            line = new Line2D.Double(rectX + rectWidth / 2.0d - 5.0d, lowVal,
                                     rectX + rectWidth / 2.0d + 5.0d, lowVal);
            g2.draw(line);
        }
        
        CategoryItemLabelGenerator generator = getItemLabelGenerator(row, 
                column);
        if (generator != null && isItemLabelVisible(row, column)) {
            drawItemLabel(g2, dataset, row, column, plot, generator, bar, 
                    (value < 0.0));
        }        

        // add an item entity, if this information is being collected
        EntityCollection entities = state.getEntityCollection();
        if (entities != null) {
            addItemEntity(entities, dataset, row, column, bar);
        }
    }
```

```java
protected void drawHorizontalItem(Graphics2D g2,
                                      CategoryItemRendererState state,
                                      Rectangle2D dataArea,
                                      CategoryPlot plot,
                                      CategoryAxis domainAxis,
                                      ValueAxis rangeAxis,
                                      StatisticalCategoryDataset dataset,
                                      int row,
                                      int column) {
                                     
        RectangleEdge xAxisLocation = plot.getDomainAxisEdge();
        
        // BAR Y
        double rectY = domainAxis.getCategoryStart(column, getColumnCount(), 
                dataArea, xAxisLocation);

        int seriesCount = getRowCount();
        int categoryCount = getColumnCount();
        if (seriesCount > 1) {
            double seriesGap = dataArea.getHeight() * getItemMargin()
                               / (categoryCount * (seriesCount - 1));
            rectY = rectY + row * (state.getBarWidth() + seriesGap);
        }
        else {
            rectY = rectY + row * state.getBarWidth();
        }

        // BAR X
        Number meanValue = dataset.getMeanValue(row, column);
        if (meanValue == null) {
            return;
        }

        double value = meanValue.doubleValue();
        double base = 0.0;
        double lclip = getLowerClip();
        double uclip = getUpperClip();

        if (uclip <= 0.0) {  // cases 1, 2, 3 and 4
            if (value >= uclip) {
                return; // bar is not visible
            }
            base = uclip;
            if (value <= lclip) {
                value = lclip;
            }
        }
        else if (lclip <= 0.0) { // cases 5, 6, 7 and 8
            if (value >= uclip) {
                value = uclip;
            }
            else {
                if (value <= lclip) {
                    value = lclip;
                }
            }
        }
        else { // cases 9, 10, 11 and 12
            if (value <= lclip) {
                return; // bar is not visible
            }
            base = getLowerClip();
            if (value >= uclip) {
               value = uclip;
            }
        }

        RectangleEdge yAxisLocation = plot.getRangeAxisEdge();
        double transY1 = rangeAxis.valueToJava2D(base, dataArea, yAxisLocation);
        double transY2 = rangeAxis.valueToJava2D(value, dataArea, 
                yAxisLocation);
        double rectX = Math.min(transY2, transY1);

        double rectHeight = state.getBarWidth();
        double rectWidth = Math.abs(transY2 - transY1);

        Rectangle2D bar = new Rectangle2D.Double(rectX, rectY, rectWidth, 
                rectHeight);
        Paint seriesPaint = getItemPaint(row, column);
        g2.setPaint(seriesPaint);
        g2.fill(bar);
        if (isDrawBarOutline() && state.getBarWidth() > 3) {
            g2.setStroke(getItemStroke(row, column));
            g2.setPaint(getItemOutlinePaint(row, column));
            g2.draw(bar);
        }

        // standard deviation lines
        Number stdDev = dataset.getStdDevValue(row, column);
        if (stdDev != null) {
            double valueDelta = stdDev.doubleValue();
            double highVal = rangeAxis.valueToJava2D(meanValue.doubleValue() 
                    + valueDelta, dataArea, yAxisLocation);
            double lowVal = rangeAxis.valueToJava2D(meanValue.doubleValue() 
                    - valueDelta, dataArea, yAxisLocation);

            if (this.errorIndicatorStroke != null) {
                g2.setStroke(this.errorIndicatorStroke);
            }
            else {
                g2.setStroke(getItemOutlineStroke(row, column));
            }
            if (this.errorIndicatorPaint != null) {
                g2.setPaint(this.errorIndicatorPaint);  
            }
            else {
                g2.setPaint(getItemOutlinePaint(row, column));   
            }
        
            Line2D line = null;
            line = new Line2D.Double(lowVal, rectY + rectHeight / 2.0d, 
                                     highVal, rectY + rectHeight / 2.0d);
            g2.draw(line);
            line = new Line2D.Double(highVal, rectY + rectHeight * 0.25, 
                                     highVal, rectY + rectHeight * 0.75);
            g2.draw(line);
            line = new Line2D.Double(lowVal, rectY + rectHeight * 0.25, 
                                     lowVal, rectY + rectHeight * 0.75);
            g2.draw(line);
        }
        
        CategoryItemLabelGenerator generator = getItemLabelGenerator(row, 
                column);
        if (generator != null && isItemLabelVisible(row, column)) {
            drawItemLabel(g2, dataset, row, column, plot, generator, bar, 
                    (value < 0.0));
        }        

        // add an item entity, if this information is being collected
        EntityCollection entities = state.getEntityCollection();
        if (entities != null) {
            addItemEntity(entities, dataset, row, column, bar);
        }
    }
```"
2,root_c5_c4_c2,Chart_26_query,Chart_26,gen,1,10,10,np.nan,"```java
protected AxisState drawLabel(String label, Graphics2D g2, 
            Rectangle2D plotArea, Rectangle2D dataArea, RectangleEdge edge, 
            AxisState state, PlotRenderingInfo plotState) {

        // it is unlikely that 'state' will be null, but check anyway...
        if (state == null) {
            throw new IllegalArgumentException(""Null 'state' argument."");
        }
        
        if ((label == null) || (label.equals(""""))) {
            return state;
        }

        Font font = getLabelFont();
        RectangleInsets insets = getLabelInsets();
        g2.setFont(font);
        g2.setPaint(getLabelPaint());
        FontMetrics fm = g2.getFontMetrics();
        Rectangle2D labelBounds = TextUtilities.getTextBounds(label, g2, fm);
        Shape hotspot = null;
        
        if (edge == RectangleEdge.TOP) {
            AffineTransform t = AffineTransform.getRotateInstance(
                    getLabelAngle(), labelBounds.getCenterX(), 
                    labelBounds.getCenterY());
            Shape rotatedLabelBounds = t.createTransformedShape(labelBounds);
            labelBounds = rotatedLabelBounds.getBounds2D();
            float w = (float) labelBounds.getWidth();
            float h = (float) labelBounds.getHeight();
            float labelx = (float) dataArea.getCenterX();
            float labely = (float) (state.getCursor() - insets.getBottom() 
                    - h / 2.0);
            TextUtilities.drawRotatedString(label, g2, labelx, labely, 
                    TextAnchor.CENTER, getLabelAngle(), TextAnchor.CENTER);
            hotspot = new Rectangle2D.Float(labelx - w / 2.0f, 
                    labely - h / 2.0f, w, h);
            state.cursorUp(insets.getTop() + labelBounds.getHeight() 
                    + insets.getBottom());
        }
        else if (edge == RectangleEdge.BOTTOM) {
            AffineTransform t = AffineTransform.getRotateInstance(
                    getLabelAngle(), labelBounds.getCenterX(), 
                    labelBounds.getCenterY());
            Shape rotatedLabelBounds = t.createTransformedShape(labelBounds);
            labelBounds = rotatedLabelBounds.getBounds2D();
            float w = (float) labelBounds.getWidth();
            float h = (float) labelBounds.getHeight();
            float labelx = (float) dataArea.getCenterX();
            float labely = (float) (state.getCursor() + insets.getTop() 
                    + h / 2.0);
            TextUtilities.drawRotatedString(label, g2, labelx, labely, 
                    TextAnchor.CENTER, getLabelAngle(), TextAnchor.CENTER);
            hotspot = new Rectangle2D.Float(labelx - w / 2.0f, 
                    labely - h / 2.0f, w, h);
            state.cursorDown(insets.getTop() + labelBounds.getHeight() 
                    + insets.getBottom());
        }
        else if (edge == RectangleEdge.LEFT) {
            AffineTransform t = AffineTransform.getRotateInstance(
                    getLabelAngle() - Math.PI / 2.0, labelBounds.getCenterX(), 
                    labelBounds.getCenterY());
            Shape rotatedLabelBounds = t.createTransformedShape(labelBounds);
            labelBounds = rotatedLabelBounds.getBounds2D();
            float w = (float) labelBounds.getWidth();
            float h = (float) labelBounds.getHeight();
            float labelx = (float) (state.getCursor() - insets.getRight() 
                    - w / 2.0);
            float labely = (float) dataArea.getCenterY();
            TextUtilities.drawRotatedString(label, g2, labelx, labely, 
                    TextAnchor.CENTER, getLabelAngle() - Math.PI / 2.0, 
                    TextAnchor.CENTER);
            hotspot = new Rectangle2D.Float(labelx - w / 2.0f, 
                    labely - h / 2.0f, w, h);
            state.cursorLeft(insets.getLeft() + labelBounds.getWidth() 
                    + insets.getRight());
        }
        else if (edge == RectangleEdge.RIGHT) {
            AffineTransform t = AffineTransform.getRotateInstance(
                    getLabelAngle() + Math.PI / 2.0, 
                    labelBounds.getCenterX(), labelBounds.getCenterY());
            Shape rotatedLabelBounds = t.createTransformedShape(labelBounds);
            labelBounds = rotatedLabelBounds.getBounds2D();
            float w = (float) labelBounds.getWidth();
            float h = (float) labelBounds.getHeight();
            float labelx = (float) (state.getCursor() 
                            + insets.getLeft() + w / 2.0);
            float labely = (float) dataArea.getCenterY();
            TextUtilities.drawRotatedString(label, g2, labelx, labely, 
                    TextAnchor.CENTER, getLabelAngle() + Math.PI / 2.0, 
                    TextAnchor.CENTER);
            hotspot = new Rectangle2D.Float(labelx - w / 2.0f, 
                    labely - h / 2.0f, w, h);
            state.cursorRight(insets.getLeft() + labelBounds.getWidth() 
                    + insets.getRight());
        }

        if (plotState != null && hotspot != null) {
            ChartRenderingInfo owner = plotState.getOwner();
            if (owner != null) {
                EntityCollection entities = owner.getEntityCollection();
                if (entities != null) {
                    entities.add(new AxisLabelEntity(this, hotspot, 
                            this.labelToolTip, this.labelURL));
                }
            }
        }
        return state;
    }
```"
2,root_c5_c4_c2,Chart_2_query,Chart_2,gen,0,0,10,,
2,root_c5_c4_c2,Chart_4_query,Chart_4,gen,1,10,10,np.nan,"Based on the error messages and test cases, the bug appears to be related to null pointer exceptions when handling annotations. Here's the fixed version of the function:

```java
public Range getDataRange(ValueAxis axis) {
    Range result = null;
    List mappedDatasets = new ArrayList();
    List includedAnnotations = new ArrayList();
    boolean isDomainAxis = true;

    // is it a domain axis?
    int domainIndex = getDomainAxisIndex(axis);
    if (domainIndex >= 0) {
        isDomainAxis = true;
        mappedDatasets.addAll(getDatasetsMappedToDomainAxis(
                new Integer(domainIndex)));
        if (domainIndex == 0 && this.annotations != null) {
            // grab the plot's annotations
            Iterator iterator = this.annotations.iterator();
            while (iterator.hasNext()) {
                XYAnnotation annotation = (XYAnnotation) iterator.next();
                if (annotation instanceof XYAnnotationBoundsInfo) {
                    includedAnnotations.add(annotation);
                }
            }
        }
    }

    // or is it a range axis?
    int rangeIndex = getRangeAxisIndex(axis);
    if (rangeIndex >= 0) {
        isDomainAxis = false;
        mappedDatasets.addAll(getDatasetsMappedToRangeAxis(
                new Integer(rangeIndex)));
        if (rangeIndex == 0 && this.annotations != null) {
            Iterator iterator = this.annotations.iterator();
            while (iterator.hasNext()) {
                XYAnnotation annotation = (XYAnnotation) iterator.next();
                if (annotation instanceof XYAnnotationBoundsInfo) {
                    includedAnnotations.add(annotation);
                }
            }
        }
    }

    // iterate through the datasets that map to the axis and get the union
    // of the ranges.
    Iterator iterator = mappedDatasets.iterator();
    while (iterator.hasNext()) {
        XYDataset d = (XYDataset) iterator.next();
        if (d != null) {
            XYItemRenderer r = getRendererForDataset(d);
            if (isDomainAxis) {
                if (r != null) {
                    result = Range.combine(result, r.findDomainBounds(d));
                }
                else {
                    result = Range.combine(result,
                            DatasetUtilities.findDomainBounds(d));
                }
            }
            else {
                if (r != null) {
                    result = Range.combine(result, r.findRangeBounds(d));
                }
                else {
                    result = Range.combine(result,
                            DatasetUtilities.findRangeBounds(d));
                }
            }
            
            if (r != null) {
                Collection c = r.getAnnotations();
                if (c != null) {
                    Iterator i = c.iterator();
                    while (i.hasNext()) {
                        XYAnnotation a = (XYAnnotation) i.next();
                        if (a instanceof XYAnnotationBoundsInfo) {
                            includedAnnotations.add(a);
                        }
                    }
                }
            }
        }
    }

    Iterator it = includedAnnotations.iterator();
    while (it.hasNext()) {
        XYAnnotationBoundsInfo xyabi = (XYAnnotationBoundsInfo) it.next();
        if (xyabi.getIncludeInDataBounds()) {
            if (isDomainAxis) {
                result = Range.combine(result, xyabi.getXRange());
            }
            else {
                result = Range.combine(result, xyabi.getYRange());
            }
        }
    }

    return result;
}
```

The main changes are:
1. Added null check for `this.annotations` before iterating
2. Added null check for renderer before getting annotations
3. Added null check for annotations collection before iterating
4. Fixed some syntax errors (extra parentheses)

These changes should prevent the null pointer exceptions while maintaining the same functionality."
2,root_c6_c0_c0,Closure_38_query,Closure_38,sr,1,1,10,,
2,root_c6_c0_c1,Closure_51_query,Closure_51,gen,1,9,10,np.nan,"```java
void addNumber(double x) {
    // This is not pretty printing. This is to prevent misparsing of x- -4 as
    // x--4 (which is a syntax error).
    char prev = getLastChar();
    if (x < 0 && prev == '-') {
      add("" "");
    }

    if (x == 0 && 1/x < 0) {
      add(""-0.0"");
      return;
    }

    if ((long) x == x) {
      long value = (long) x;
      long mantissa = value;
      int exp = 0;
      if (Math.abs(x) >= 100) {
        while (mantissa / 10 * Math.pow(10, exp + 1) == value) {
          mantissa /= 10;
          exp++;
        }
      }
      if (exp > 2) {
        add(Long.toString(mantissa) + ""E"" + Integer.toString(exp));
      } else {
        add(Long.toString(value));
      }
    } else {
      add(String.valueOf(x));
    }
  }
```"
2,root_c6_c1_c0,Gson_13_query,Gson_13,gen,0,0,10,,
2,root_c6_c1_c0,JacksonCore_19_query,JacksonCore_19,gen,1,8,10,np.nan,"```java
private final JsonToken _parseNumber2(boolean neg, int startPtr) throws IOException
    {
        _inputPtr = neg ? (startPtr+1) : startPtr;
        char[] outBuf = _textBuffer.emptyAndGetCurrentSegment();
        int outPtr = 0;

        // Need to prepend sign?
        if (neg) {
            outBuf[outPtr++] = '-';
        }

        // This is the place to do leading-zero check(s) too:
        int intLen = 0;
        char c = (_inputPtr < _inputEnd) ? _inputBuffer[_inputPtr++] : getNextChar(""No digit following minus sign"");
        if (c == '0') {
            c = _verifyNoLeadingZeroes();
        }
        boolean eof = false;

        // Ok, first the obligatory integer part:
        int_loop:
        while (c >= '0' && c <= '9') {
            ++intLen;
            if (outPtr >= outBuf.length) {
                outBuf = _textBuffer.expandCurrentSegment();
                outPtr = 0;
            }
            outBuf[outPtr++] = c;
            if (_inputPtr >= _inputEnd && !loadMore()) {
                // EOF is legal for main level int values
                c = CHAR_NULL;
                eof = true;
                break int_loop;
            }
            c = _inputBuffer[_inputPtr++];
        }
        // Also, integer part is not optional
        if (intLen == 0) {
            return _handleInvalidNumberStart(c, neg);
        }

        int fractLen = 0;
        // And then see if we get other parts
        if (c == '.') { // yes, fraction
            if (outPtr >= outBuf.length) {
                outBuf = _textBuffer.expandCurrentSegment();
                outPtr = 0;
            }
            outBuf[outPtr++] = c;

            fract_loop:
            while (true) {
                if (_inputPtr >= _inputEnd && !loadMore()) {
                    eof = true;
                    break fract_loop;
                }
                c = _inputBuffer[_inputPtr++];
                if (c < INT_0 || c > INT_9) {
                    break fract_loop;
                }
                ++fractLen;
                if (outPtr >= outBuf.length) {
                    outBuf = _textBuffer.expandCurrentSegment();
                    outPtr = 0;
                }
                outBuf[outPtr++] = c;
            }
            // must be followed by sequence of ints, one minimum
            if (fractLen == 0) {
                reportUnexpectedNumberChar(c, ""Decimal point not followed by a digit"");
            }
        }

        int expLen = 0;
        if (c == 'e' || c == 'E') { // exponent?
            if (outPtr >= outBuf.length) {
                outBuf = _textBuffer.expandCurrentSegment();
                outPtr = 0;
            }
            outBuf[outPtr++] = c;
            // Not optional, can require that we get one more char
            c = (_inputPtr < _inputEnd) ? _inputBuffer[_inputPtr++]
                : getNextChar(""expected a digit for number exponent"");
            // Sign indicator?
            if (c == '-' || c == '+') {
                if (outPtr >= outBuf.length) {
                    outBuf = _textBuffer.expandCurrentSegment();
                    outPtr = 0;
                }
                outBuf[outPtr++] = c;
                // Likewise, non optional:
                c = (_inputPtr < _inputEnd) ? _inputBuffer[_inputPtr++]
                    : getNextChar(""expected a digit for number exponent"");
            }

            exp_loop:
            while (c <= INT_9 && c >= INT_0) {
                ++expLen;
                if (outPtr >= outBuf.length) {
                    outBuf = _textBuffer.expandCurrentSegment();
                    outPtr = 0;
                }
                outBuf[outPtr++] = c;
                if (_inputPtr >= _inputEnd && !loadMore()) {
                    eof = true;
                    break exp_loop;
                }
                c = _inputBuffer[_inputPtr++];
            }
            // must be followed by sequence of ints, one minimum
            if (expLen == 0) {
                reportUnexpectedNumberChar(c, ""Exponent indicator not followed by a digit"");
            }
        }

        // Ok; unless we hit end-of-input, need to push last char read back
        if (!eof) {
            --_inputPtr;
            if (_parsingContext.inRoot()) {
                _verifyRootSpace(c);
            }
        }
        _textBuffer.setCurrentLength(outPtr);
        // And there we have it!
        return reset(neg, intLen, fractLen, expLen);
    }
```"
2,root_c6_c1_c0,JacksonCore_24_query,JacksonCore_24,gen,0,0,10,,
2,root_c6_c1_c0,JacksonCore_2_query,JacksonCore_2,gen,0,0,10,,
2,root_c6_c1_c1,JacksonCore_5_query,JacksonCore_5,sr,1,10,10,,
2,root_c6_c1_c1,JacksonCore_6_query,JacksonCore_6,sr,1,10,10,,
2,root_c6_c1_c2,Math_101_query,Math_101,sr,1,10,10,,
2,root_c6_c1_c2,Math_106_query,Math_106,sr,1,5,10,,
2,root_c6_c2_c0,Cli_3_query,Cli_3,sr,1,10,10,,
2,root_c6_c2_c1,JacksonCore_1_query,JacksonCore_1,sr,0,0,10,,
2,root_c6_c2_c1,Lang_16_query,Lang_16,sr,1,10,10,,
2,root_c6_c2_c1,Lang_27_query,Lang_27,sr,1,5,10,,
2,root_c6_c2_c1,Lang_7_query,Lang_7,sr,1,5,10,,
2,root_c6_c2_c2,Lang_24_query,Lang_24,gen,1,10,10,np.nan,"```java
public static boolean isNumber(String str) {
    if (StringUtils.isEmpty(str)) {
        return false;
    }
    char[] chars = str.toCharArray();
    int sz = chars.length;
    boolean hasExp = false;
    boolean hasDecPoint = false;
    boolean allowSigns = false;
    boolean foundDigit = false;
    // deal with any possible sign up front
    int start = (chars[0] == '-') ? 1 : 0;
    if (sz > start + 1 && chars[start] == '0' && chars[start + 1] == 'x') {
        int i = start + 2;
        if (i == sz) {
            return false; // str == ""0x""
        }
        // checking hex (it can't be anything else)
        for (; i < chars.length; i++) {
            if ((chars[i] < '0' || chars[i] > '9')
                && (chars[i] < 'a' || chars[i] > 'f')
                && (chars[i] < 'A' || chars[i] > 'F')) {
                return false;
            }
        }
        return true;
    }
    sz--; // don't want to loop to the last char, check it afterwords
          // for type qualifiers
    int i = start;
    // loop to the next to last char or to the last char if we need another digit to
    // make a valid number (e.g. chars[0..5] = ""1234E"")
    while (i < sz || (i < sz + 1 && allowSigns && !foundDigit)) {
        if (chars[i] >= '0' && chars[i] <= '9') {
            foundDigit = true;
            allowSigns = false;
        } else if (chars[i] == '.') {
            if (hasDecPoint || hasExp) {
                // two decimal points or dec in exponent   
                return false;
            }
            hasDecPoint = true;
        } else if (chars[i] == 'e' || chars[i] == 'E') {
            // we've already taken care of hex.
            if (hasExp) {
                // two E's
                return false;
            }
            if (!foundDigit) {
                return false;
            }
            hasExp = true;
            allowSigns = true;
        } else if (chars[i] == '+' || chars[i] == '-') {
            if (!allowSigns) {
                return false;
            }
            allowSigns = false;
            foundDigit = false; // we need a digit after the E
        } else {
            return false;
        }
        i++;
    }
    if (i < chars.length) {
        if (chars[i] >= '0' && chars[i] <= '9') {
            // no type qualifier, OK
            return true;
        }
        if (chars[i] == 'e' || chars[i] == 'E') {
            // can't have an E at the last byte
            return false;
        }
        if (chars[i] == '.') {
            if (hasDecPoint || hasExp) {
                // two decimal points or dec in exponent
                return false;
            }
            // single trailing decimal point after non-exponent is ok
            return foundDigit;
        }
        if (!allowSigns
            && (chars[i] == 'd'
                || chars[i] == 'D'
                || chars[i] == 'f'
                || chars[i] == 'F')) {
            return foundDigit;
        }
        if (chars[i] == 'l'
            || chars[i] == 'L') {
            // not allowing L with an exponent or decimal point
            return foundDigit && !hasExp && !hasDecPoint;
        }
        // last character is illegal
        return false;
    }
    // allowSigns is true iff the val ends in 'E'
    // found digit it to make sure weird stuff like '.' and '1E-' doesn't pass
    return !allowSigns && foundDigit;
}
```"
2,root_c6_c2_c2,Lang_36_query,Lang_36,gen,0,0,10,,
2,root_c6_c2_c2,Lang_44_query,Lang_44,gen,1,1,10,np.nan,"```java
public static Number createNumber(String val) throws NumberFormatException {
    if (val == null) {
        return null;
    }
    if (val.length() == 0) {
        throw new NumberFormatException(""\""\"" is not a valid number."");
    }
    if (val.startsWith(""--"")) {
        return null;
    }
    if (val.startsWith(""0x"") || val.startsWith(""-0x"")) {
        return createInteger(val);
    }   
    char lastChar = val.charAt(val.length() - 1);
    String mant;
    String dec;
    String exp;
    int decPos = val.indexOf('.');
    int expPos = val.indexOf('e') + val.indexOf('E') + 1;

    if (decPos > -1) {
        if (expPos > -1) {
            if (expPos < decPos) {
                throw new NumberFormatException(val + "" is not a valid number."");
            }
            dec = val.substring(decPos + 1, expPos);
        } else {
            dec = val.substring(decPos + 1);
        }
        mant = val.substring(0, decPos);
    } else {
        if (expPos > -1) {
            mant = val.substring(0, expPos);
        } else {
            mant = val;
        }
        dec = null;
    }
    if (!Character.isDigit(lastChar) {
        if (expPos > -1 && expPos < val.length() - 1) {
            exp = val.substring(expPos + 1, val.length() - 1);
        } else {
            exp = null;
        }
        //Requesting a specific type..
        String numeric = val.substring(0, val.length() - 1);
        boolean allZeros = isAllZeros(mant) && isAllZeros(exp);
        switch (lastChar) {
            case 'l' :
            case 'L' :
                if (dec == null
                    && exp == null
                    && numeric.length() > 0
                    && (numeric.charAt(0) == '-' && isDigits(numeric.substring(1)) || isDigits(numeric))) {
                    try {
                        return createLong(numeric);
                    } catch (NumberFormatException nfe) {
                        //Too big for a long
                    }
                    return createBigInteger(numeric);
                }
                throw new NumberFormatException(val + "" is not a valid number."");
            case 'f' :
            case 'F' :
                try {
                    Float f = NumberUtils.createFloat(numeric);
                    if (!(f.isInfinite() || (f.floatValue() == 0.0F && !allZeros))) {
                        return f;
                    }
                } catch (NumberFormatException e) {
                    // ignore the bad number
                }
                //Fall through
            case 'd' :
            case 'D' :
                try {
                    Double d = NumberUtils.createDouble(numeric);
                    if (!(d.isInfinite() || (d.floatValue() == 0.0D && !allZeros))) {
                        return d;
                    }
                } catch (NumberFormatException nfe) {
                    // empty catch
                }
                try {
                    return createBigDecimal(numeric);
                } catch (NumberFormatException e) {
                    // empty catch
                }
                //Fall through
            default :
                throw new NumberFormatException(val + "" is not a valid number."");
        }
    } else {
        //User doesn't have a preference on the return type, so let's start
        //small and go from there...
        if (expPos > -1 && expPos < val.length() - 1) {
            exp = val.substring(expPos + 1, val.length());
        } else {
            exp = null;
        }
        if (dec == null && exp == null) {
            //Must be an int,long,bigint
            try {
                return createInteger(val);
            } catch (NumberFormatException nfe) {
                // empty catch
            }
            try {
                return createLong(val);
            } catch (NumberFormatException nfe) {
                // empty catch
            }
            return createBigInteger(val);
        } else {
            //Must be a float,double,BigDec
            boolean allZeros = isAllZeros(mant) && isAllZeros(exp);
            try {
                Float f = createFloat(val);
                if (!(f.isInfinite() || (f.floatValue() == 0.0F && !allZeros))) {
                    return f;
                }
            } catch (NumberFormatException nfe) {
                // empty catch
            }
            try {
                Double d = createDouble(val);
                if (!(d.isInfinite() || (d.doubleValue() == 0.0D && !allZeros))) {
                    return d;
                }
            } catch (NumberFormatException nfe) {
                // empty catch
            }
            return createBigDecimal(val);
        }
    }
}
```"
2,root_c6_c2_c2,Lang_58_query,Lang_58,gen,1,3,10,np.nan,"```java
public static Number createNumber(String str) throws NumberFormatException {
    if (str == null) {
        return null;
    }
    if (StringUtils.isBlank(str)) {
        throw new NumberFormatException(""A blank string is not a valid number"");
    }  
    if (str.startsWith(""--"")) {
        return null;
    }
    if (str.startsWith(""0x"") || str.startsWith(""-0x"")) {
        return createInteger(str);
    }   
    char lastChar = str.charAt(str.length() - 1);
    String mant;
    String dec;
    String exp;
    int decPos = str.indexOf('.');
    int expPos = str.indexOf('e') + str.indexOf('E') + 1;

    if (decPos > -1) {
        if (expPos > -1) {
            if (expPos < decPos) {
                throw new NumberFormatException(str + "" is not a valid number."");
            }
            dec = str.substring(decPos + 1, expPos);
        } else {
            dec = str.substring(decPos + 1);
        }
        mant = str.substring(0, decPos);
    } else {
        if (expPos > -1) {
            mant = str.substring(0, expPos);
        } else {
            mant = str;
        }
        dec = null;
    }
    if (!Character.isDigit(lastChar) && lastChar != '.') {
        if (expPos > -1 && expPos < str.length() - 1) {
            exp = str.substring(expPos + 1, str.length() - 1);
        } else {
            exp = null;
        }
        String numeric = str.substring(0, str.length() - 1);
        boolean allZeros = isAllZeros(mant) && isAllZeros(exp);
        switch (lastChar) {
            case 'l':
            case 'L':
                if (dec == null
                    && exp == null
                    && (numeric.charAt(0) == '-' && isDigits(numeric.substring(1)) 
                    || isDigits(numeric)) {
                    try {
                        return createLong(numeric);
                    } catch (NumberFormatException nfe) {
                        return createBigInteger(numeric);
                    }
                }
                throw new NumberFormatException(str + "" is not a valid number."");
            case 'f':
            case 'F':
                try {
                    Float f = NumberUtils.createFloat(numeric);
                    if (!(f.isInfinite() || (f.floatValue() == 0.0F && !allZeros))) {
                        return f;
                    }
                } catch (NumberFormatException nfe) {
                }
            case 'd':
            case 'D':
                try {
                    Double d = NumberUtils.createDouble(numeric);
                    if (!(d.isInfinite() || (d.floatValue() == 0.0D && !allZeros))) {
                        return d;
                    }
                } catch (NumberFormatException nfe) {
                }
                try {
                    return createBigDecimal(numeric);
                } catch (NumberFormatException e) {
                }
            default:
                throw new NumberFormatException(str + "" is not a valid number."");
        }
    } else {
        if (expPos > -1 && expPos < str.length() - 1) {
            exp = str.substring(expPos + 1, str.length());
        } else {
            exp = null;
        }
        if (dec == null && exp == null) {
            try {
                return createInteger(str);
            } catch (NumberFormatException nfe) {
            }
            try {
                return createLong(str);
            } catch (NumberFormatException nfe) {
            }
            return createBigInteger(str);
        } else {
            boolean allZeros = isAllZeros(mant) && isAllZeros(exp);
            try {
                Float f = createFloat(str);
                if (!(f.isInfinite() || (f.floatValue() == 0.0F && !allZeros))) {
                    return f;
                }
            } catch (NumberFormatException nfe) {
            }
            try {
                Double d = createDouble(str);
                if (!(d.isInfinite() || (d.doubleValue() == 0.0D && !allZeros))) {
                    return d;
                }
            } catch (NumberFormatException nfe) {
            }
            return createBigDecimal(str);
        }
    }
}
```"
2,root_c6_c3_c0,Lang_1_query,Lang_1,gen,0,0,10,,
2,root_c6_c3_c1,Lang_3_query,Lang_3,sr,1,6,10,,
2,root_c6_c4_c0,Closure_128_query,Closure_128,sr,1,7,10,,
2,root_c6_c4_c1,Closure_75_query,Closure_75,gen,0,0,10,,
2,root_c6_c4_c2,Closure_52_query,Closure_52,sr,1,9,10,,
2,root_c7_c0_c0,Cli_13_query,Cli_13,gen,0,0,10,,
2,root_c7_c0_c0,Cli_15_query,Cli_15,gen,0,0,10,,
2,root_c7_c0_c1,Cli_28_query,Cli_28,gen,1,7,10,np.nan,"```java
protected void processProperties(Properties properties) {
    if (properties == null) {
        return;
    }

    for (Enumeration e = properties.propertyNames(); e.hasMoreElements();) {
        String option = e.nextElement().toString();

        if (!cmd.hasOption(option)) {
            Option opt = getOptions().getOption(option);

            // get the value from the properties instance
            String value = properties.getProperty(option);

            if (opt.hasArg()) {
                if (opt.getValues() == null || opt.getValues().length == 0) {
                    try {
                        opt.addValueForProcessing(value);
                        cmd.addOption(opt);
                    } catch (RuntimeException exp) {
                        // if we cannot add the value don't worry about it
                    }
                }
            } else {
                if (""yes"".equalsIgnoreCase(value)
                    || ""true"".equalsIgnoreCase(value) 
                    || ""1"".equalsIgnoreCase(value)) {
                    cmd.addOption(opt);
                }
            }
        }
    }
}
```"
2,root_c7_c0_c1,Cli_30_query,Cli_30,gen,0,0,10,,
2,root_c7_c0_c1,Closure_83_query,Closure_83,gen,0,0,10,,
2,root_c7_c0_c2,Cli_12_query,Cli_12,gen,1,8,10,np.nan,"```java
protected String[] flatten(Options options, String[] arguments, boolean stopAtNonOption) {
    List tokens = new ArrayList();

    boolean eatTheRest = false;

    for (int i = 0; i < arguments.length; i++) {
        String arg = arguments[i];

        if (""--"".equals(arg)) {
            eatTheRest = true;
            tokens.add(""--"");
        }
        else if (""-"".equals(arg)) {
            tokens.add(""-"");
        }
        else if (arg.startsWith(""-"")) {
            String opt = Util.stripLeadingHyphens(arg);

            if (options.hasOption(opt)) {
                tokens.add(arg);
            }
            else {
                if (opt.indexOf('=') != -1 && options.hasOption(opt.substring(0, opt.indexOf('=')))) {
                    // handle --foo=value or -foo=value
                    tokens.add(arg.substring(0, arg.indexOf('='))); // --foo
                    tokens.add(arg.substring(arg.indexOf('=') + 1)); // value
                }
                else if (arg.length() > 2 && options.hasOption(arg.substring(0, 2))) {
                    // handle -Dproperty=value
                    tokens.add(arg.substring(0, 2)); // -D
                    tokens.add(arg.substring(2)); // property=value
                }
                else {
                    eatTheRest = stopAtNonOption;
                    tokens.add(arg);
                }
            }
        }
        else {
            tokens.add(arg);
        }

        if (eatTheRest) {
            for (i++; i < arguments.length; i++) {
                tokens.add(arguments[i]);
            }
        }
    }

    return (String[]) tokens.toArray(new String[tokens.size()]);
}
```"
2,root_c7_c0_c2,Cli_17_query,Cli_17,gen,0,0,10,,
2,root_c7_c0_c2,Cli_18_query,Cli_18,gen,0,0,10,,
2,root_c7_c0_c2,Cli_19_query,Cli_19,gen,0,0,10,,
2,root_c7_c0_c2,Cli_20_query,Cli_20,gen,0,0,10,,
2,root_c7_c0_c2,Cli_35_query,Cli_35,gen,1,10,10,np.nan,"```java
public List<String> getMatchingOptions(String opt)
{
    opt = Util.stripLeadingHyphens(opt);
    
    List<String> matchingOpts = new ArrayList<String>();

    // for a perfect match return the single option only
    if (longOpts.containsKey(opt))
    {
        matchingOpts.add(opt);
        return matchingOpts;
    }

    for (String longOpt : longOpts.keySet())
    {
        if (longOpt.startsWith(opt))
        {
            matchingOpts.add(longOpt);
        }
    }
    
    return matchingOpts;
}
```"
2,root_c7_c0_c2,Cli_37_query,Cli_37,gen,0,0,10,,
2,root_c7_c0_c2,Cli_38_query,Cli_38,gen,0,0,10,,
2,root_c7_c0_c2,Cli_5_query,Cli_5,gen,1,10,10,np.nan,"```java
static String stripLeadingHyphens(String str)
    {
        if (str == null) {
            return null;
        }
        if (str.startsWith(""--""))
        {
            return str.substring(2, str.length());
        }
        else if (str.startsWith(""-""))
        {
            return str.substring(1, str.length());
        }

        return str;
    }
```"
2,root_c7_c1_c0,Csv_10_query,Csv_10,sr,1,7,10,,
2,root_c7_c1_c0,Csv_14_query,Csv_14,sr,0,0,10,,
2,root_c7_c1_c0,Csv_15_query,Csv_15,sr,1,3,10,,
2,root_c7_c1_c0,Csv_1_query,Csv_1,sr,0,0,10,,
2,root_c7_c1_c0,Csv_3_query,Csv_3,sr,0,0,10,,
2,root_c7_c1_c0,Csv_5_query,Csv_5,sr,1,8,10,,
2,root_c7_c1_c0,Csv_8_query,Csv_8,sr,0,0,10,,
2,root_c7_c1_c1,Csv_2_query,Csv_2,sr,1,10,10,,
2,root_c7_c1_c1,Jsoup_48_query,Jsoup_48,sr,1,5,5,,
2,root_c7_c1_c2,Csv_11_query,Csv_11,sr,1,10,10,,
2,root_c7_c1_c2,Csv_4_query,Csv_4,sr,1,9,10,,
2,root_c7_c1_c2,Csv_6_query,Csv_6,sr,1,9,10,,
2,root_c7_c1_c2,Csv_9_query,Csv_9,sr,1,10,10,,
2,root_c7_c2_c0,Chart_18_query,Chart_18,gen,1,1,10,np.nan,"```java
public void removeValue(Comparable key) {
    if (key == null) {
        throw new IllegalArgumentException(""Null 'key' argument."");
    }
    int index = getIndex(key);
    if (index < 0) {
        throw new UnknownKeyException(""Key not found: "" + key);
    }
    removeValue(index);
}
```

```java
public void removeColumn(Comparable columnKey) {
    if (columnKey == null) {
        throw new IllegalArgumentException(""Null 'columnKey' argument."");
    }
    if (!this.columnKeys.contains(columnKey)) {
        throw new UnknownKeyException(""Unknown column key: "" + columnKey);
    }
    
    Iterator iterator = this.rows.iterator();
    while (iterator.hasNext()) {
        DefaultKeyedValues rowData = (DefaultKeyedValues) iterator.next();
        rowData.removeValue(columnKey);
    }
    this.columnKeys.remove(columnKey);
}
```

```java
public void removeValue(int index) {
    if (index < 0 || index >= this.keys.size()) {
        throw new IndexOutOfBoundsException(""Index out of bounds: "" + index);
    }
    this.keys.remove(index);
    this.values.remove(index);
    rebuildIndex();
}
```"
2,root_c7_c2_c0,Chart_22_query,Chart_22,gen,0,0,10,,
2,root_c7_c2_c0,Collections_13_query,Collections_13,gen,1,1,10,np.nan,"```java
public static ExtendedProperties convertProperties(Properties props) {
    ExtendedProperties c = new ExtendedProperties();

    if (props != null) {
        // Process current properties
        for (Enumeration<?> e = props.propertyNames(); e.hasMoreElements();) {
            String s = (String) e.nextElement();
            String value = props.getProperty(s);
            if (value != null) {
                c.setProperty(s, value);
            }
        }

        // Process defaults if they exist
        Properties defaults = props.defaults;
        if (defaults != null) {
            for (Enumeration<?> e = defaults.propertyNames(); e.hasMoreElements();) {
                String s = (String) e.nextElement();
                String value = defaults.getProperty(s);
                if (value != null && !c.containsKey(s)) {
                    c.setProperty(s, value);
                }
            }
        }
    }

    return c;
}
```"
2,root_c7_c2_c0,Collections_14_query,Collections_14,gen,0,0,10,,
2,root_c7_c2_c0,Collections_15_query,Collections_15,gen,0,0,10,,
2,root_c7_c2_c0,Collections_16_query,Collections_16,gen,0,0,10,,
2,root_c7_c2_c0,Collections_18_query,Collections_18,gen,0,0,10,,
2,root_c7_c2_c0,Collections_19_query,Collections_19,gen,1,1,10,np.nan,"```java
@Override
    public E set(final int index, final E object) {
        final int pos = indexOf(object);
        final E removed = super.set(index, object);

        if (pos != -1 && pos != index) {
            // the object is already in the uniq list
            // (and it hasn't been swapped with itself)
            super.remove(pos); // remove the duplicate by index
            set.remove(removed); // remove the old object from set
        }
        set.add(object); // add new object to set
        return removed; // return the item deleted by the set
    }
```"
2,root_c7_c2_c0,Collections_1_query,Collections_1,gen,0,0,10,,
2,root_c7_c2_c0,Collections_20_query,Collections_20,gen,0,0,10,,
2,root_c7_c2_c0,Collections_22_query,Collections_22,gen,0,0,10,,
2,root_c7_c2_c0,Collections_23_query,Collections_23,gen,1,10,10,np.nan,"```java
public static <K, V> UnmodifiableTrie<K, V> unmodifiableTrie(final Trie<K, ? extends V> trie) {
    if (trie == null) {
        throw new IllegalArgumentException(""Trie must not be null"");
    }
    if (trie instanceof UnmodifiableTrie) {
        return (UnmodifiableTrie<K, V>) trie;
    }
    return new UnmodifiableTrie<K, V>(trie);
}
```"
2,root_c7_c2_c0,Collections_26_query,Collections_26,gen,0,0,10,,
2,root_c7_c2_c0,Collections_28_query,Collections_28,gen,0,0,10,,
2,root_c7_c2_c0,Collections_4_query,Collections_4,gen,0,0,10,,
2,root_c7_c2_c0,Collections_6_query,Collections_6,gen,0,0,10,,
2,root_c7_c2_c0,Collections_7_query,Collections_7,gen,0,0,10,,
2,root_c7_c2_c0,JacksonCore_11_query,JacksonCore_11,gen,0,0,10,,
2,root_c7_c2_c0,Jsoup_89_query,Jsoup_89,gen,1,10,10,np.nan,"```java
public String setValue(String val) {
        String oldVal = this.val;
        if (parent != null) {
            int i = parent.indexOfKey(this.key);
            if (i != Attributes.NotFound)
                parent.vals[i] = val;
        }
        this.val = Attributes.checkNotNull(val);
        return oldVal;
    }
```"
2,root_c7_c2_c0,Lang_64_query,Lang_64,gen,1,10,10,np.nan,"```java
public int compareTo(Object other) {
        if (other.getClass() != this.getClass()) {
            throw new ClassCastException(""Different enum class"");
        }
        return iValue - ((ValuedEnum) other).iValue;
    }
```"
2,root_c7_c2_c0,Math_56_query,Math_56,gen,0,0,10,,
2,root_c7_c2_c0,Math_89_query,Math_89,gen,1,10,10,np.nan,"```java
@Deprecated
    public void addValue(Object v) {
        if (!(v instanceof Comparable)) {
            throw new IllegalArgumentException(""Object must implement Comparable"");
        }
        addValue((Comparable<?>) v);            
    }
```"
2,root_c7_c2_c0,Math_90_query,Math_90,gen,0,0,10,,
2,root_c7_c2_c0,Mockito_18_query,Mockito_18,gen,0,0,10,,
2,root_c7_c2_c1,Chart_6_query,Chart_6,gen,1,10,10,np.nan,"```java
public boolean equals(Object obj) {
    if (obj == this) {
        return true;
    }
    if (!(obj instanceof ShapeList)) {
        return false;
    }
    ShapeList that = (ShapeList) obj;
    if (this.size() != that.size()) {
        return false;
    }
    for (int i = 0; i < this.size(); i++) {
        if (!ShapeUtilities.equal(this.getShape(i), that.getShape(i))) {
            return false;
        }
    }
    return true;
}
```"
2,root_c7_c2_c1,Collections_25_query,Collections_25,gen,0,0,10,,
2,root_c7_c2_c1,Collections_3_query,Collections_3,gen,1,10,10,np.nan,"```java
public static Collection removeAll(Collection collection, Collection remove) {
        if (collection == null || remove == null) {
            throw new NullPointerException(""The collections must not be null"");
        }
        Collection result = new ArrayList(collection);
        result.removeAll(remove);
        return result;
    }
```"
2,root_c7_c2_c1,Collections_5_query,Collections_5,gen,1,5,10,np.nan,"```java
public boolean addAll(int index, Collection coll) {
        // gets initial size
        final int sizeBefore = size();
        int insertionIndex = index;
        
        // adds all elements
        for (final Iterator it = coll.iterator(); it.hasNext();) {
            Object element = it.next();
            if (!contains(element)) {
                add(insertionIndex++, element);
            }
        }

        // compares sizes to detect if collection changed
        return sizeBefore != size();
    }
```"
2,root_c7_c2_c1,Collections_8_query,Collections_8,gen,0,0,10,,
2,root_c7_c2_c1,Lang_33_query,Lang_33,gen,1,10,10,np.nan,"```java
public static Class<?>[] toClass(Object[] array) {
    if (array == null) {
        return null;
    } else if (array.length == 0) {
        return ArrayUtils.EMPTY_CLASS_ARRAY;
    }
    Class<?>[] classes = new Class[array.length];
    for (int i = 0; i < array.length; i++) {
        classes[i] = (array[i] == null) ? null : array[i].getClass();
    }
    return classes;
}
```"
2,root_c7_c2_c1,Lang_34_query,Lang_34,gen,1,10,10,np.nan,"```java
static boolean isRegistered(Object value) {
        Map<Object, Object> m = getRegistry();
        return m != null && m.containsKey(value);
    }
```

```java
static Map<Object, Object> getRegistry() {
        return REGISTRY.get();
    }
```"
2,root_c7_c2_c1,Lang_35_query,Lang_35,gen,0,0,10,,
2,root_c7_c2_c1,Lang_37_query,Lang_37,gen,1,10,10,np.nan,"```java
@SuppressWarnings(""unchecked"")
public static <T> T[] addAll(T[] array1, T... array2) {
    if (array1 == null) {
        return clone(array2);
    } else if (array2 == null) {
        return clone(array1);
    }
    final Class<?> type1 = array1.getClass().getComponentType();
    final Class<?> type2 = array2.getClass().getComponentType();
    
    if (!type1.isAssignableFrom(type2)) {
        throw new IllegalArgumentException(""Cannot store "" + type2.getName() + "" in an array of "" + type1.getName());
    }
    
    T[] joinedArray = (T[]) Array.newInstance(type1, array1.length + array2.length);
    System.arraycopy(array1, 0, joinedArray, 0, array1.length);
    System.arraycopy(array2, 0, joinedArray, array1.length, array2.length);
    return joinedArray;
}
```"
2,root_c7_c2_c1,Math_34_query,Math_34,gen,1,10,10,np.nan,"```java
public Iterator<Chromosome> iterator() {
        return Collections.unmodifiableList(chromosomes).iterator();
    }
```"
2,root_c7_c2_c2,JacksonCore_23_query,JacksonCore_23,gen,1,10,10,np.nan,"```java
@Override
    public DefaultPrettyPrinter createInstance() {
        throw new IllegalStateException(""DefaultPrettyPrinter sub-class ""+getClass().getName()
            +"" does not override createInstance()"");
    }
```"
2,root_c7_c2_c2,Lang_55_query,Lang_55,gen,1,10,10,np.nan,"```java
public void stop() {
        if(this.runningState != STATE_RUNNING && this.runningState != STATE_SUSPENDED) {
            throw new IllegalStateException(""Stopwatch is not running. "");
        }
        if (this.runningState == STATE_RUNNING) {
            stopTime = System.currentTimeMillis();
        }
        this.runningState = STATE_STOPPED;
    }
```"
2,root_c7_c2_c2,Math_9_query,Math_9,gen,0,0,10,,
2,root_c7_c2_c2,Mockito_11_query,Mockito_11,gen,0,0,10,,
2,root_c7_c2_c2,Mockito_13_query,Mockito_13,gen,1,10,10,np.nan,"```java
public Object handle(Invocation invocation) throws Throwable {
    if (invocationContainerImpl.hasAnswersForStubbing()) {
        // stubbing voids with stubVoid() or doAnswer() style
        InvocationMatcher invocationMatcher = matchersBinder.bindMatchers(mockingProgress
                        .getArgumentMatcherStorage(), invocation);
        invocationContainerImpl.setMethodForStubbing(invocationMatcher);
        return null;
    }
    VerificationMode verificationMode = mockingProgress.pullVerificationMode();

    InvocationMatcher invocationMatcher = matchersBinder.bindMatchers(mockingProgress.getArgumentMatcherStorage(),
                    invocation);

    mockingProgress.validateState();

    //if verificationMode is not null then someone is doing verify()        
    if (verificationMode != null) {
        //We need to check if verification was started on the correct mock 
        // - see VerifyingWithAnExtraCallToADifferentMockTest (bug 138)
        if (verificationMode instanceof MockAwareVerificationMode && ((MockAwareVerificationMode) verificationMode).getMock() == invocation.getMock()) {                
            VerificationDataImpl data = new VerificationDataImpl(invocationContainerImpl, invocationMatcher);            
            verificationMode.verify(data);
            return null;
        } else {
            // this means there is an invocation on a different mock. Re-adding verification mode 
            // - see VerifyingWithAnExtraCallToADifferentMockTest (bug 138)
            mockingProgress.verificationStarted(verificationMode);
        }
    }
    
    invocationContainerImpl.setInvocationForPotentialStubbing(invocationMatcher);
    OngoingStubbingImpl<T> ongoingStubbing = new OngoingStubbingImpl<T>(invocationContainerImpl);
    mockingProgress.reportOngoingStubbing(ongoingStubbing);

    StubbedInvocationMatcher stubbedInvocation = invocationContainerImpl.findAnswerFor(invocation);

    if (stubbedInvocation != null) {
        stubbedInvocation.captureArgumentsFrom(invocation);
        return stubbedInvocation.answer(invocation);
    } else {
        Object ret = mockSettings.getDefaultAnswer().answer(invocation);

        // redo setting invocation for potential stubbing in case of partial
        // mocks / spies.
        // Without it, the real method inside 'when' might have delegated
        // to other self method and overwrite the intended stubbed method
        // with a different one. The reset is required to avoid runtime exception that validates return type with stubbed method signature.
        invocationContainerImpl.resetInvocationForPotentialStubbing(invocationMatcher);
        return ret;
    }
}
```"
2,root_c7_c2_c2,Mockito_16_query,Mockito_16,gen,0,0,10,,
2,root_c7_c2_c2,Mockito_1_query,Mockito_1,gen,0,0,10,,
2,root_c7_c2_c2,Mockito_24_query,Mockito_24,gen,1,10,10,np.nan,"```java
public Object answer(InvocationOnMock invocation) {
        if (methodsGuru.isToString(invocation.getMethod())) {
            Object mock = invocation.getMock();
            MockName name = mockUtil.getMockName(mock);
            if (name.isDefault()) {
                return ""Mock for "" + mockUtil.getMockSettings(mock).getTypeToMock().getSimpleName() + "", hashCode: "" + mock.hashCode();
            } else {
                return name.toString();
            }
        } else if (methodsGuru.isCompareToMethod(invocation.getMethod())) {
            Object mock = invocation.getMock();
            Object arg = invocation.getArguments()[0];
            // Return 0 if comparing to self, otherwise 1 to maintain consistency with equals
            return mock == arg ? 0 : 1;
        }
        
        Class<?> returnType = invocation.getMethod().getReturnType();
        return returnValueFor(returnType);
    }
```"
2,root_c7_c2_c2,Mockito_27_query,Mockito_27,gen,0,0,10,,
2,root_c7_c2_c2,Mockito_29_query,Mockito_29,gen,1,10,10,np.nan,"```java
public void describeTo(Description description) {
        description.appendText(""same("");
        appendQuoting(description);
        if (wanted != null) {
            description.appendText(wanted.toString());
        } else {
            description.appendText(""null"");
        }
        appendQuoting(description);
        description.appendText("")"");
    }
```"
2,root_c7_c2_c2,Mockito_30_query,Mockito_30,gen,1,1,10,np.nan,"```java
public Object intercept(Object obj, Method method, Object[] args, MethodProxy proxy) throws Throwable {
            if (new ObjectMethodsGuru().isToString(method)) {
                return ""SmartNull returned by unstubbed "" + formatMethodCall()  + "" method on mock"";
            }

            new Reporter().smartNullPointerException(location, args);
            return null;
        }
```

```java
public void smartNullPointerException(Location location, Object[] args) {
        throw new SmartNullPointerException(join(
                ""You have a NullPointerException here:"",
                new Location(),
                ""Because this method was *not* stubbed correctly:"",
                location,
                """",
                ""Arguments passed to this method: "" + Arrays.toString(args)
                ));
    }
```"
2,root_c7_c2_c2,Mockito_33_query,Mockito_33,gen,0,0,10,,
2,root_c7_c2_c2,Mockito_34_query,Mockito_34,gen,1,7,10,np.nan,"```java
public void captureArgumentsFrom(Invocation i) {
        int k = 0;
        Object[] arguments = i.getArguments();
        for (Matcher m : matchers) {
            if (m instanceof CapturesArguments) {
                if (k < arguments.length) {
                    ((CapturesArguments) m).captureFrom(arguments[k]);
                }
            }
            k++;
        }
    }
```"
2,root_c7_c2_c2,Mockito_35_query,Mockito_35,gen,0,0,10,,
2,root_c7_c2_c2,Mockito_37_query,Mockito_37,gen,0,0,10,,
2,root_c7_c2_c2,Mockito_38_query,Mockito_38,gen,1,10,10,np.nan,"```java
private boolean toStringEquals(Matcher m, Object arg) {
        if (arg == null) {
            return false;
        }
        return StringDescription.toString(m).equals(arg.toString());
    }
```"
2,root_c7_c2_c2,Mockito_3_query,Mockito_3,gen,0,0,10,,
2,root_c7_c2_c2,Mockito_4_query,Mockito_4,gen,0,0,10,,
2,root_c7_c2_c2,Mockito_5_query,Mockito_5,gen,0,0,10,,
2,root_c7_c2_c2,Mockito_6_query,Mockito_6,gen,0,0,10,,
2,root_c7_c3_c0,Cli_29_query,Cli_29,sr,1,1,10,,
2,root_c7_c3_c0,Closure_62_query,Closure_62,sr,1,4,10,,
2,root_c7_c3_c0,Codec_10_query,Codec_10,sr,0,0,10,,
2,root_c7_c3_c0,Codec_15_query,Codec_15,sr,0,0,10,,
2,root_c7_c3_c0,Codec_1_query,Codec_1,sr,1,8,10,,
2,root_c7_c3_c0,Codec_3_query,Codec_3,sr,1,3,10,,
2,root_c7_c3_c1,Codec_17_query,Codec_17,sr,1,10,10,,
2,root_c7_c3_c1,Codec_18_query,Codec_18,sr,1,10,10,,
2,root_c7_c3_c1,JacksonCore_10_query,JacksonCore_10,sr,0,0,10,,
2,root_c7_c3_c1,JacksonCore_14_query,JacksonCore_14,sr,1,10,10,,
2,root_c7_c3_c1,JacksonCore_4_query,JacksonCore_4,sr,1,2,10,,
2,root_c7_c3_c1,JacksonCore_8_query,JacksonCore_8,sr,1,6,10,,
2,root_c7_c3_c1,Lang_11_query,Lang_11,sr,0,0,10,,
2,root_c7_c3_c1,Lang_12_query,Lang_12,sr,1,10,10,,
2,root_c7_c3_c1,Lang_14_query,Lang_14,sr,1,10,10,,
2,root_c7_c3_c1,Lang_20_query,Lang_20,sr,1,8,10,,
2,root_c7_c3_c1,Lang_30_query,Lang_30,sr,0,0,10,,
2,root_c7_c3_c1,Lang_31_query,Lang_31,sr,1,10,10,,
2,root_c7_c3_c1,Lang_39_query,Lang_39,sr,0,0,10,,
2,root_c7_c3_c1,Lang_43_query,Lang_43,sr,0,0,10,,
2,root_c7_c3_c1,Lang_45_query,Lang_45,sr,1,10,10,,
2,root_c7_c3_c1,Lang_47_query,Lang_47,sr,0,0,10,,
2,root_c7_c3_c1,Lang_59_query,Lang_59,sr,1,10,10,,
2,root_c7_c3_c1,Lang_60_query,Lang_60,sr,1,10,10,,
2,root_c7_c3_c1,Lang_61_query,Lang_61,sr,1,9,10,,
2,root_c7_c3_c2,Chart_10_query,Chart_10,gen,1,10,10,np.nan,"```java
public String generateToolTipFragment(String toolTipText) {
        return "" title=\"""" + toolTipText.replace(""\"""", ""&quot;"")
            + ""\"" alt=\""\"""";
    }
```"
2,root_c7_c3_c2,Collections_12_query,Collections_12,gen,0,0,10,,
2,root_c7_c3_c2,Collections_9_query,Collections_9,gen,0,0,10,,
2,root_c7_c3_c2,Lang_10_query,Lang_10,gen,0,0,9,,
2,root_c7_c3_c2,Lang_29_query,Lang_29,gen,1,10,10,np.nan,"```java
static int toJavaVersionInt(String version) {
        return (int)toVersionInt(toJavaVersionIntArray(version, JAVA_VERSION_TRIM_SIZE));
    }
```"
2,root_c7_c3_c2,Lang_40_query,Lang_40,gen,1,5,10,np.nan,"```java
public static boolean containsIgnoreCase(String str, String searchStr) {
    if (str == null || searchStr == null) {
        return false;
    }
    final int len = searchStr.length();
    if (len == 0) {
        return true;
    }
    final char firstLo = Character.toLowerCase(searchStr.charAt(0));
    final char firstUp = Character.toUpperCase(searchStr.charAt(0));
    
    for (int i = str.length() - len; i >= 0; i--) {
        final char ch = str.charAt(i);
        if (ch != firstLo && ch != firstUp) {
            continue;
        }
        if (str.regionMatches(true, i, searchStr, 0, len)) {
            return true;
        }
    }
    return false;
}
```"
2,root_c7_c3_c2,Lang_41_query,Lang_41,gen,0,0,10,,
2,root_c7_c3_c2,Lang_51_query,Lang_51,gen,1,6,10,np.nan,"```java
public static boolean toBoolean(String str) {
        if (str == null) {
            return false;
        }
        switch (str.length()) {
            case 2: {
                char ch0 = str.charAt(0);
                char ch1 = str.charAt(1);
                return 
                    (ch0 == 'o' || ch0 == 'O') &&
                    (ch1 == 'n' || ch1 == 'N');
            }
            case 3: {
                char ch = str.charAt(0);
                if (ch == 'y' || ch == 'Y') {
                    return 
                        (str.charAt(1) == 'e' || str.charAt(1) == 'E') &&
                        (str.charAt(2) == 's' || str.charAt(2) == 'S');
                }
            }
            case 4: {
                char ch = str.charAt(0);
                if (ch == 't' || ch == 'T') {
                    return 
                        (str.charAt(1) == 'r' || str.charAt(1) == 'R') &&
                        (str.charAt(2) == 'u' || str.charAt(2) == 'U') &&
                        (str.charAt(3) == 'e' || str.charAt(3) == 'E');
                }
            }
        }
        return false;
    }
```"
2,root_c7_c3_c2,Lang_54_query,Lang_54,gen,1,1,10,np.nan,"```java
public static Locale toLocale(String str) {
    if (str == null) {
        return null;
    }
    if (str.isEmpty()) {
        throw new IllegalArgumentException(""Invalid locale format: "" + str);
    }
    if (str.equals(""#"")) {
        throw new IllegalArgumentException(""Invalid locale format: "" + str);
    }

    // Check if the string starts with language code
    if (str.length() < 2) {
        throw new IllegalArgumentException(""Invalid locale format: "" + str);
    }
    char ch0 = str.charAt(0);
    char ch1 = str.charAt(1);
    if (ch0 < 'a' || ch0 > 'z' || ch1 < 'a' || ch1 > 'z') {
        throw new IllegalArgumentException(""Invalid locale format: "" + str);
    }

    if (str.length() == 2) {
        return new Locale(str, """");
    }

    // Check for country code
    if (str.length() < 5) {
        throw new IllegalArgumentException(""Invalid locale format: "" + str);
    }
    if (str.charAt(2) != '_') {
        throw new IllegalArgumentException(""Invalid locale format: "" + str);
    }

    // Handle case where country code is empty (e.g. ""fr__POSIX"")
    if (str.charAt(3) == '_') {
        String language = str.substring(0, 2);
        String variant = str.substring(4);
        return new Locale(language, """", variant);
    }

    char ch3 = str.charAt(3);
    char ch4 = str.charAt(4);
    if (ch3 < 'A' || ch3 > 'Z' || ch4 < 'A' || ch4 > 'Z') {
        throw new IllegalArgumentException(""Invalid locale format: "" + str);
    }

    if (str.length() == 5) {
        return new Locale(str.substring(0, 2), str.substring(3, 5));
    }

    // Check for variant
    if (str.charAt(5) != '_') {
        throw new IllegalArgumentException(""Invalid locale format: "" + str);
    }
    return new Locale(str.substring(0, 2), str.substring(3, 5), str.substring(6));
}
```"
2,root_c7_c3_c2,Lang_57_query,Lang_57,gen,0,0,10,,
2,root_c7_c3_c2,Lang_5_query,Lang_5,gen,1,7,10,np.nan,"```java
public static Locale toLocale(final String str) {
    if (str == null) {
        return null;
    }
    if (str.isEmpty()) {
        throw new IllegalArgumentException(""Invalid locale format: "" + str);
    }
    if (str.startsWith(""_"")) {
        if (str.length() < 3) {
            throw new IllegalArgumentException(""Invalid locale format: "" + str);
        }
        final char ch1 = str.charAt(1);
        final char ch2 = str.charAt(2);
        if (!Character.isUpperCase(ch1) || !Character.isUpperCase(ch2)) {
            throw new IllegalArgumentException(""Invalid locale format: "" + str);
        }
        if (str.length() == 3) {
            return new Locale("""", str.substring(1, 3));
        }
        if (str.length() < 5) {
            throw new IllegalArgumentException(""Invalid locale format: "" + str);
        }
        if (str.charAt(3) != '_') {
            throw new IllegalArgumentException(""Invalid locale format: "" + str);
        }
        return new Locale("""", str.substring(1, 3), str.substring(4));
    }

    final int len = str.length();
    if (len < 2) {
        throw new IllegalArgumentException(""Invalid locale format: "" + str);
    }
    final char ch0 = str.charAt(0);
    final char ch1 = str.charAt(1);
    if (!Character.isLowerCase(ch0) || !Character.isLowerCase(ch1)) {
        throw new IllegalArgumentException(""Invalid locale format: "" + str);
    }
    if (len == 2) {
        return new Locale(str);
    }
    if (len < 5) {
        throw new IllegalArgumentException(""Invalid locale format: "" + str);
    }
    if (str.charAt(2) != '_') {
        throw new IllegalArgumentException(""Invalid locale format: "" + str);
    }
    final char ch3 = str.charAt(3);
    if (ch3 == '_') {
        return new Locale(str.substring(0, 2), """", str.substring(4));
    }
    final char ch4 = str.charAt(4);
    if (!Character.isUpperCase(ch3) || !Character.isUpperCase(ch4)) {
        throw new IllegalArgumentException(""Invalid locale format: "" + str);
    }
    if (len == 5) {
        return new Locale(str.substring(0, 2), str.substring(3, 5));
    }
    if (len < 7) {
        throw new IllegalArgumentException(""Invalid locale format: "" + str);
    }
    if (str.charAt(5) != '_') {
        throw new IllegalArgumentException(""Invalid locale format: "" + str);
    }
    return new Locale(str.substring(0, 2), str.substring(3, 5), str.substring(6));
}
```"
2,root_c7_c4_c0,Cli_14_query,Cli_14,gen,0,0,9,,
2,root_c7_c4_c0,Cli_39_query,Cli_39,gen,1,1,10,np.nan,"```java
public static Object createValue(final String str, final Class<?> clazz) throws ParseException
    {
        if (PatternOptionBuilder.STRING_VALUE == clazz)
        {
            return str;
        }
        else if (PatternOptionBuilder.OBJECT_VALUE == clazz)
        {
            return createObject(str);
        }
        else if (PatternOptionBuilder.NUMBER_VALUE == clazz)
        {
            return createNumber(str);
        }
        else if (PatternOptionBuilder.DATE_VALUE == clazz)
        {
            return createDate(str);
        }
        else if (PatternOptionBuilder.CLASS_VALUE == clazz)
        {
            return createClass(str);
        }
        else if (PatternOptionBuilder.FILE_VALUE == clazz)
        {
            return createFile(str);
        }
        else if (PatternOptionBuilder.EXISTING_FILE_VALUE == clazz)
        {
            File file = createFile(str);
            if (file.exists() && file.canRead()) {
                return new FileInputStream(file);
            }
            return null;
        }
        else if (PatternOptionBuilder.FILES_VALUE == clazz)
        {
            return createFiles(str);
        }
        else if (PatternOptionBuilder.URL_VALUE == clazz)
        {
            return createURL(str);
        }
        else
        {
            return null;
        }
    }
```"
2,root_c7_c4_c0,Cli_40_query,Cli_40,gen,1,10,10,np.nan,"```java
@SuppressWarnings(""unchecked"") // returned value will have type T because it is fixed by clazz
    public static <T> T createValue(final String str, final Class<T> clazz) throws ParseException
    {
        if (PatternOptionBuilder.STRING_VALUE == clazz)
        {
            return (T) str;
        }
        else if (PatternOptionBuilder.OBJECT_VALUE == clazz)
        {
            return (T) createObject(str);
        }
        else if (PatternOptionBuilder.NUMBER_VALUE == clazz)
        {
            return (T) createNumber(str);
        }
        else if (PatternOptionBuilder.DATE_VALUE == clazz)
        {
            return (T) createDate(str);
        }
        else if (PatternOptionBuilder.CLASS_VALUE == clazz)
        {
            return (T) createClass(str);
        }
        else if (PatternOptionBuilder.FILE_VALUE == clazz)
        {
            return (T) createFile(str);
        }
        else if (PatternOptionBuilder.EXISTING_FILE_VALUE == clazz)
        {
            return (T) openFile(str);
        }
        else if (PatternOptionBuilder.FILES_VALUE == clazz)
        {
            return (T) createFiles(str);
        }
        else if (PatternOptionBuilder.URL_VALUE == clazz)
        {
            return (T) createURL(str);
        }
        else if (clazz != null && Number.class.isAssignableFrom(clazz))
        {
            try {
                return (T) createNumber(str);
            } catch (NumberFormatException e) {
                throw new ParseException(""Unable to parse number: "" + str);
            }
        }
        else
        {
            throw new ParseException(""Unable to handle the class: "" + clazz);
        }
    }
```"
2,root_c7_c4_c1,Cli_11_query,Cli_11,sr,1,10,10,,
2,root_c7_c4_c1,Cli_26_query,Cli_26,sr,0,0,10,,
2,root_c7_c4_c1,Cli_27_query,Cli_27,sr,1,8,10,,
2,root_c7_c4_c1,Cli_4_query,Cli_4,sr,1,10,10,,
2,root_c7_c4_c1,Cli_9_query,Cli_9,sr,1,10,10,,
2,root_c7_c4_c2,Cli_23_query,Cli_23,gen,1,7,10,np.nan,"Here's the fixed version of the `renderWrappedText` function:

```java
protected StringBuffer renderWrappedText(StringBuffer sb, int width, 
                                             int nextLineTabStop, String text)
{
    int pos = findWrapPos(text, width, 0);

    if (pos == -1)
    {
        sb.append(rtrim(text));
        return sb;
    }
    sb.append(rtrim(text.substring(0, pos))).append(defaultNewLine);

    // all following lines must be padded with nextLineTabStop space 
    // characters
    final String padding = createPadding(nextLineTabStop);

    while (true)
    {
        text = padding + text.substring(pos).trim();
        pos = findWrapPos(text, width, 0);

        if (pos == -1)
        {
            sb.append(text);
            return sb;
        }
        else if (pos <= padding.length())
        {
            // If we can't wrap at least one character after padding,
            // we'll force wrap at the padding length + 1
            pos = padding.length() + 1;
        }

        sb.append(rtrim(text.substring(0, pos))).append(defaultNewLine);
    }
}
```

The key changes made are:
1. Removed the check for `pos == lastPos` which was causing infinite loop detection
2. Added a new check for when `pos <= padding.length()` to handle cases where the text is too long for the line
3. In such cases, force a wrap at `padding.length() + 1` to ensure progress is made
4. Simplified the loop logic while maintaining all the required functionality

This version should handle long lines gracefully without getting stuck in infinite loops while still properly wrapping text according to the specified width and tab stop parameters."
2,root_c7_c4_c2,Cli_24_query,Cli_24,gen,1,2,10,np.nan,"```java
protected StringBuffer renderWrappedText(StringBuffer sb, int width,
                                             int nextLineTabStop, String text)
    {
        int pos = findWrapPos(text, width, 0);

        if (pos == -1)
        {
            sb.append(rtrim(text));
            return sb;
        }
        sb.append(rtrim(text.substring(0, pos))).append(defaultNewLine);

        if (nextLineTabStop >= width)
        {
            // fall back to simple splitting when width is too small
            nextLineTabStop = 1;
        }

        // all following lines must be padded with nextLineTabStop space 
        // characters
        final String padding = createPadding(nextLineTabStop);

        while (true)
        {
            text = padding + text.substring(pos).trim();
            pos = findWrapPos(text, width, 0);

            if (pos == -1)
            {
                sb.append(text);
                return sb;
            }
            
            if ( (text.length() > width) && (pos == nextLineTabStop - 1) ) 
            {
                pos = width;
            }

            sb.append(rtrim(text.substring(0, pos))).append(defaultNewLine);
        }
    }
```"
2,root_c7_c4_c2,Cli_25_query,Cli_25,gen,0,0,10,,
2,root_c7_c4_c2,Cli_32_query,Cli_32,gen,1,2,10,np.nan,"```java
protected int findWrapPos(String text, int width, int startPos) {
    int pos;
    
    // the line ends before the max wrap pos or a new line char found
    if (((pos = text.indexOf('\n', startPos)) != -1 && pos <= startPos + width)
            || ((pos = text.indexOf('\t', startPos)) != -1 && pos <= startPos + width)) {
        return pos + 1;
    }
    else if (startPos + width >= text.length()) {
        return -1;
    }

    // look for the last whitespace character before startPos+width
    pos = startPos + width;
    if (pos > text.length()) {
        pos = text.length();
    }

    char c;
    while ((pos >= startPos) && ((c = text.charAt(pos)) != ' ')
            && (c != '\n') && (c != '\r')) {
        --pos;
    }

    // if we found it - just return
    if (pos > startPos) {
        return pos;
    }
    
    // if we didn't find one, simply chop at startPos+width
    pos = startPos + width;
    if (pos >= text.length()) {
        return -1;
    }
    
    while ((pos < text.length()) && ((c = text.charAt(pos)) != ' ')
           && (c != '\n') && (c != '\r')) {
        ++pos;
    }        
    return pos == text.length() ? -1 : pos;
}
```"
2,root_c7_c4_c2,Cli_33_query,Cli_33,gen,0,0,10,,
2,root_c7_c4_c2,Cli_8_query,Cli_8,gen,1,1,10,np.nan,"```java
protected StringBuffer renderWrappedText(StringBuffer sb, int width, 
                                             int nextLineTabStop, String text)
    {
        int pos = findWrapPos(text, width, 0);

        if (pos == -1)
        {
            sb.append(rtrim(text));
            return sb;
        }
        sb.append(rtrim(text.substring(0, pos))).append(defaultNewLine);

        if (nextLineTabStop >= width)
        {
            // stops infinite loop happening
            nextLineTabStop = width - 1;
        }

        // all following lines must be padded with nextLineTabStop space 
        // characters
        final String padding = createPadding(nextLineTabStop);

        while (true)
        {
            text = padding + text.substring(pos).trim();
            pos = findWrapPos(text, width, nextLineTabStop);

            if (pos == -1)
            {
                sb.append(text);
                return sb;
            }

            if (pos == nextLineTabStop + 1)
            {
                // handles case where text is longer than width but contains
                // no whitespace
                pos = width;
            }

            sb.append(rtrim(text.substring(0, pos))).append(defaultNewLine);
        }
    }
```"
2,root_c8_c0_c0,Jsoup_11_query,Jsoup_11,gen,0,0,10,,
2,root_c8_c0_c0,Jsoup_12_query,Jsoup_12,gen,0,0,10,,
2,root_c8_c0_c0,Jsoup_21_query,Jsoup_21,gen,0,0,10,,
2,root_c8_c0_c0,Jsoup_53_query,Jsoup_53,gen,1,9,10,np.nan,"```java
public String chompBalanced(char open, char close) {
    int start = -1;
    int end = -1;
    int depth = 0;
    char last = 0;
    boolean inSingleQuote = false;
    boolean inDoubleQuote = false;

    do {
        if (isEmpty()) break;
        Character c = consume();
        if (last == 0 || last != ESC) {
            if (c == '\'' && !inDoubleQuote) {
                inSingleQuote = !inSingleQuote;
            } else if (c == '""' && !inSingleQuote) {
                inDoubleQuote = !inDoubleQuote;
            }

            if (!inSingleQuote && !inDoubleQuote) {
                if (c.equals(open)) {
                    depth++;
                    if (start == -1)
                        start = pos;
                }
                else if (c.equals(close))
                    depth--;
            }
        }

        if (depth > 0 && last != 0)
            end = pos; // don't include the outer match pair in the return
        last = c;
    } while (depth > 0 || inSingleQuote || inDoubleQuote);
    return (end >= 0) ? queue.substring(start, end) : """";
}
```"
2,root_c8_c0_c0,Jsoup_60_query,Jsoup_60,gen,1,8,10,np.nan,"```java
public static Evaluator parse(String query) {
    try {
        QueryParser p = new QueryParser(query);
        return p.parse();
    } catch (IllegalArgumentException e) {
        throw new Selector.SelectorParseException(e.getMessage());
    }
}
```

```java
public String chompBalanced(char open, char close) {
    int start = -1;
    int end = -1;
    int depth = 0;
    char last = 0;
    boolean inQuote = false;

    do {
        if (isEmpty()) {
            if (depth > 0) {
                throw new IllegalArgumentException(""Unclosed balanced marker"");
            }
            break;
        }
        Character c = consume();
        if (last == 0 || last != ESC) {
            if ((c.equals('\'') || c.equals('""')) && c != open)
                inQuote = !inQuote;
            if (inQuote)
                continue;
            if (c.equals(open)) {
                depth++;
                if (start == -1)
                    start = pos;
            }
            else if (c.equals(close))
                depth--;
        }

        if (depth > 0 && last != 0)
            end = pos; // don't include the outer match pair in the return
        last = c;
    } while (depth > 0);
    
    if (depth != 0) {
        throw new IllegalArgumentException(""Unbalanced quotes or brackets"");
    }
    
    final String out = (end >= 0) ? queue.substring(start, end) : """";
    return out;
}
```"
2,root_c8_c0_c0,Jsoup_68_query,Jsoup_68,gen,1,8,10,np.nan,"```java
private boolean inSpecificScope(String[] targetNames, String[] baseTypes, String[] extraTypes) {
        // https://html.spec.whatwg.org/multipage/parsing.html#has-an-element-in-the-specific-scope
        final int bottom = stack.size() - 1;
        final int maxDepth = Math.min(bottom, MaxScopeSearchDepth);
        final int top = Math.max(0, bottom - maxDepth);

        for (int pos = bottom; pos >= top; pos--) {
            final String elName = stack.get(pos).nodeName();
            if (inSorted(elName, targetNames))
                return true;
            if (inSorted(elName, baseTypes))
                return false;
            if (extraTypes != null && inSorted(elName, extraTypes))
                return false;
        }
        return false;
    }
```"
2,root_c8_c0_c1,Jsoup_22_query,Jsoup_22,gen,0,0,10,,
2,root_c8_c0_c1,Jsoup_41_query,Jsoup_41,gen,1,3,10,np.nan,"```java
@Override
public boolean equals(Object o) {
    if (this == o) return true;
    if (o == null || getClass() != o.getClass()) return false;
    if (!super.equals(o)) return false;

    Element element = (Element) o;
    if (tagName() != null ? !tagName().equals(element.tagName()) : element.tagName() != null) return false;
    if (attributes() != null ? !attributes().equals(element.attributes()) : element.attributes() != null) return false;
    return text().equals(element.text());
}

@Override
public int hashCode() {
    int result = super.hashCode();
    result = 31 * result + (tagName() != null ? tagName().hashCode() : 0);
    result = 31 * result + (attributes() != null ? attributes().hashCode() : 0);
    result = 31 * result + text().hashCode();
    return result;
}
```"
2,root_c8_c0_c1,Jsoup_43_query,Jsoup_43,gen,1,10,10,np.nan,"```java
private static <E extends Element> Integer indexInList(Element search, List<E> elements) {
        Validate.notNull(search);
        Validate.notNull(elements);

        for (int i = 0; i < elements.size(); i++) {
            E element = elements.get(i);
            if (element == search)  // Changed from equals() to == for reference equality
                return i;
        }
        return null;
    }
```"
2,root_c8_c0_c1,Jsoup_49_query,Jsoup_49,gen,0,0,10,,
2,root_c8_c0_c2,Jsoup_32_query,Jsoup_32,sr,1,5,10,,
2,root_c8_c0_c2,Jsoup_61_query,Jsoup_61,sr,1,8,10,,
2,root_c8_c1_c0,Closure_44_query,Closure_44,sr,1,7,10,,
2,root_c8_c1_c0,Closure_65_query,Closure_65,sr,1,10,10,,
2,root_c8_c1_c0,Closure_73_query,Closure_73,sr,1,10,10,,
2,root_c8_c1_c0,Closure_77_query,Closure_77,sr,1,10,10,,
2,root_c8_c1_c0,Jsoup_46_query,Jsoup_46,sr,1,5,5,,
2,root_c8_c1_c0,Jsoup_47_query,Jsoup_47,sr,0,0,5,,
2,root_c8_c1_c0,Jsoup_74_query,Jsoup_74,sr,1,1,10,,
2,root_c8_c1_c0,Lang_46_query,Lang_46,sr,0,0,10,,
2,root_c8_c1_c0,Lang_52_query,Lang_52,sr,1,2,5,,
2,root_c8_c1_c1,Jsoup_15_query,Jsoup_15,sr,1,4,10,,
2,root_c8_c1_c1,Jsoup_1_query,Jsoup_1,sr,1,8,10,,
2,root_c8_c1_c1,Jsoup_24_query,Jsoup_24,sr,1,1,10,,
2,root_c8_c1_c1,Jsoup_26_query,Jsoup_26,sr,1,10,10,,
2,root_c8_c1_c1,Jsoup_2_query,Jsoup_2,sr,0,0,10,,
2,root_c8_c1_c1,Jsoup_33_query,Jsoup_33,sr,0,0,10,,
2,root_c8_c1_c1,Jsoup_35_query,Jsoup_35,sr,0,0,10,,
2,root_c8_c1_c1,Jsoup_37_query,Jsoup_37,sr,0,0,10,,
2,root_c8_c1_c1,Jsoup_38_query,Jsoup_38,sr,0,0,10,,
2,root_c8_c1_c1,Jsoup_40_query,Jsoup_40,sr,1,9,10,,
2,root_c8_c1_c1,Jsoup_44_query,Jsoup_44,sr,0,0,5,,
2,root_c8_c1_c1,Jsoup_45_query,Jsoup_45,sr,1,5,5,,
2,root_c8_c1_c1,Jsoup_59_query,Jsoup_59,sr,1,8,10,,
2,root_c8_c1_c1,Jsoup_5_query,Jsoup_5,sr,0,0,10,,
2,root_c8_c1_c1,Jsoup_62_query,Jsoup_62,sr,0,0,10,,
2,root_c8_c1_c1,Jsoup_64_query,Jsoup_64,sr,0,0,10,,
2,root_c8_c1_c1,Jsoup_65_query,Jsoup_65,sr,0,0,10,,
2,root_c8_c1_c1,Jsoup_70_query,Jsoup_70,sr,1,10,10,,
2,root_c8_c1_c1,Jsoup_75_query,Jsoup_75,sr,1,4,10,,
2,root_c8_c1_c1,Jsoup_76_query,Jsoup_76,sr,0,0,10,,
2,root_c8_c1_c1,Jsoup_77_query,Jsoup_77,sr,1,9,10,,
2,root_c8_c1_c1,Jsoup_80_query,Jsoup_80,sr,1,1,10,,
2,root_c8_c1_c1,Jsoup_83_query,Jsoup_83,sr,0,0,10,,
2,root_c8_c1_c1,Jsoup_84_query,Jsoup_84,sr,0,0,10,,
2,root_c8_c1_c1,Jsoup_86_query,Jsoup_86,sr,0,0,10,,
2,root_c8_c1_c1,Jsoup_8_query,Jsoup_8,sr,0,0,10,,
2,root_c8_c1_c2,Jsoup_6_query,Jsoup_6,gen,1,10,10,np.nan,"```java
static String unescape(String string) {
    if (!string.contains(""&""))
        return string;

    Matcher m = unescapePattern.matcher(string);
    StringBuffer accum = new StringBuffer(string.length());

    while (m.find()) {
        int charval = -1;
        String num = m.group(3);
        if (num != null) {
            try {
                int base = m.group(2) != null ? 16 : 10;
                charval = Integer.valueOf(num, base);
            } catch (NumberFormatException e) {
                continue;
            }
        } else {
            String name = m.group(1);
            if (name != null && full.containsKey(name))
                charval = full.get(name);
        }

        if (charval != -1 && charval <= 0xFFFF) {
            String c = Character.toString((char) charval);
            try {
                m.appendReplacement(accum, c);
            } catch (IllegalArgumentException e) {
                m.appendReplacement(accum, Matcher.quoteReplacement(c));
            }
        } else {
            try {
                m.appendReplacement(accum, m.group(0));
            } catch (IllegalArgumentException e) {
                m.appendReplacement(accum, Matcher.quoteReplacement(m.group(0)));
            }
        }
    }
    m.appendTail(accum);
    return accum.toString();
}
```"
2,root_c8_c1_c2,Lang_17_query,Lang_17,gen,1,1,10,np.nan,"```java
public final void translate(CharSequence input, Writer out) throws IOException {
    if (out == null) {
        throw new IllegalArgumentException(""The Writer must not be null"");
    }
    if (input == null) {
        return;
    }
    int pos = 0;
    int len = input.length();
    while (pos < len) {
        int consumed = translate(input, pos, out);
        if (consumed == 0) {
            int cp = Character.codePointAt(input, pos);
            out.write(Character.toChars(cp));
            pos += Character.charCount(cp);
        } else {
            pos += consumed;
        }
    }
}
```"
2,root_c8_c1_c2,Lang_19_query,Lang_19,gen,1,1,10,np.nan,"```java
@Override
public int translate(CharSequence input, int index, Writer out) throws IOException {
    int seqEnd = input.length();
    // Uses -2 to ensure there is something after the &#
    if (input.charAt(index) == '&' && index < seqEnd - 1 && input.charAt(index + 1) == '#') {
        int start = index + 2;
        if (start >= seqEnd) {  // Check if we're at end of input
            return 0;
        }
        
        boolean isHex = false;
        char firstChar = input.charAt(start);
        if (firstChar == 'x' || firstChar == 'X') {
            start++;
            isHex = true;
            if (start >= seqEnd) {  // Check if we're at end of input after 'x'
                return 0;
            }
        }

        int end = start;
        // Note that this supports character codes without a ; on the end
        while (end < seqEnd && input.charAt(end) != ';' && 
              (isHex ? Character.isDigit(input.charAt(end)) || 
                      (input.charAt(end) >= 'a' && input.charAt(end) <= 'f') || 
                      (input.charAt(end) >= 'A' && input.charAt(end) <= 'F')
                     : Character.isDigit(input.charAt(end)))) {
            end++;
        }

        if (end == start) {  // No digits found
            return 0;
        }

        int entityValue;
        try {
            if (isHex) {
                entityValue = Integer.parseInt(input.subSequence(start, end).toString(), 16);
            } else {
                entityValue = Integer.parseInt(input.subSequence(start, end).toString(), 10);
            }
        } catch (NumberFormatException nfe) {
            return 0;
        }

        if (entityValue > 0xFFFF) {
            char[] chrs = Character.toChars(entityValue);
            out.write(chrs[0]);
            out.write(chrs[1]);
        } else {
            out.write(entityValue);
        }

        return 2 + (end - start) + (isHex ? 1 : 0) + (end < seqEnd && input.charAt(end) == ';' ? 1 : 0);
    }
    return 0;
}
```"
2,root_c8_c1_c2,Lang_28_query,Lang_28,gen,1,10,10,np.nan,"```java
@Override
    public int translate(CharSequence input, int index, Writer out) throws IOException {
        if(index + 1 >= input.length()) {
            return 0;
        }
        if(input.charAt(index) == '&' && input.charAt(index + 1) == '#') {
            int start = index + 2;
            boolean isHex = false;

            if(start < input.length()) {
                char firstChar = input.charAt(start);
                if(firstChar == 'x' || firstChar == 'X') {
                    start++;
                    isHex = true;
                }
            }

            int end = start;
            while(end < input.length() && input.charAt(end) != ';') {
                end++;
            }

            if(end >= input.length() || input.charAt(end) != ';') {
                return 0;
            }

            int entityValue;
            try {
                if(isHex) {
                    entityValue = Integer.parseInt(input.subSequence(start, end).toString(), 16);
                } else {
                    entityValue = Integer.parseInt(input.subSequence(start, end).toString(), 10);
                }
            } catch(NumberFormatException nfe) {
                return 0;
            }

            if(entityValue > 0xFFFF) {
                out.write(Character.toChars(entityValue));
            } else {
                out.write(entityValue);
            }
            return 2 + (end - start) + (isHex ? 1 : 0) + 1;
        }
        return 0;
    }
```"
2,root_c8_c1_c2,Lang_42_query,Lang_42,gen,1,10,10,np.nan,"```java
public void escape(Writer writer, String str) throws IOException {
        int len = str.length();
        for (int i = 0; i < len; i++) {
            int codePoint = str.codePointAt(i);
            if (Character.isSupplementaryCodePoint(codePoint)) {
                i++;
            }
            String entityName = this.entityName(codePoint);
            if (entityName == null) {
                if (codePoint > 0x7F) {
                    writer.write(""&#"");
                    writer.write(Integer.toString(codePoint, 10));
                    writer.write(';');
                } else {
                    writer.write(codePoint);
                }
            } else {
                writer.write('&');
                writer.write(entityName);
                writer.write(';');
            }
        }
    }
```"
2,root_c8_c1_c2,Lang_62_query,Lang_62,gen,1,9,10,np.nan,"```java
public void unescape(Writer writer, String string) throws IOException {
    int firstAmp = string.indexOf('&');
    if (firstAmp < 0) {
        writer.write(string);
        return;
    }

    writer.write(string, 0, firstAmp);
    int len = string.length();
    for (int i = firstAmp; i < len; i++) {
        char c = string.charAt(i);
        if (c == '&') {
            int nextIdx = i+1;
            int semiColonIdx = string.indexOf(';', nextIdx);
            if (semiColonIdx == -1) {
                writer.write(c);
                continue;
            }
            int amphersandIdx = string.indexOf('&', i + 1);
            if( amphersandIdx != -1 && amphersandIdx < semiColonIdx ) {
                writer.write(c);
                continue;
            }
            String entityContent = string.substring(nextIdx, semiColonIdx);
            int entityValue = -1;
            int entityContentLen = entityContent.length();
            if (entityContentLen > 0) {
                if (entityContent.charAt(0) == '#') {
                    if (entityContentLen > 1) {  
                        char isHexChar = entityContent.charAt(1);
                        try {
                            switch (isHexChar) {
                                case 'X' :
                                case 'x' : {
                                    String hexStr = entityContent.substring(2);
                                    if (hexStr.length() <= 8) {  // Limit to 8 hex digits
                                        entityValue = Integer.parseInt(hexStr, 16);
                                    }
                                    break;
                                }
                                default : {
                                    String decStr = entityContent.substring(1);
                                    if (decStr.length() <= 10) {  // Limit to 10 decimal digits
                                        entityValue = Integer.parseInt(decStr, 10);
                                    }
                                }
                            }
                        } catch (NumberFormatException e) {
                        }
                    }
                } else {
                    entityValue = this.entityValue(entityContent);
                }
            }
            
            if (entityValue == -1) {
                writer.write('&');
                writer.write(entityContent);
                writer.write(';');
            } else {
                writer.write(entityValue);
            }
            i = semiColonIdx;                
        } else {
            writer.write(c);
        }
    }
}
```

```java
public String unescape(String str) {
    int firstAmp = str.indexOf('&');
    if (firstAmp < 0) {
        return str;
    }

    StringBuffer buf = new StringBuffer(str.length());
    buf.append(str.substring(0, firstAmp));
    for (int i = firstAmp; i < str.length(); ++i) {
        char ch = str.charAt(i);
        if (ch == '&') {
            int semi = str.indexOf(';', i + 1);
            if (semi == -1) {
                buf.append(ch);
                continue;
            }
            int amph = str.indexOf('&', i + 1);
            if( amph != -1 && amph < semi ) {
                buf.append(ch);
                continue;
            }
            String entityName = str.substring(i + 1, semi);
            int entityValue;
            if (entityName.length() == 0) {
                entityValue = -1;
            } else if (entityName.charAt(0) == '#') {
                if (entityName.length() == 1) {
                    entityValue = -1;
                } else {
                    char charAt1 = entityName.charAt(1);
                    try {
                        if (charAt1 == 'x' || charAt1=='X') {
                            String hexStr = entityName.substring(2);
                            if (hexStr.length() <= 8) {  // Limit to 8 hex digits
                                entityValue = Integer.valueOf(hexStr, 16).intValue();
                            } else {
                                entityValue = -1;
                            }
                        } else {
                            String decStr = entityName.substring(1);
                            if (decStr.length() <= 10) {  // Limit to 10 decimal digits
                                entityValue = Integer.parseInt(decStr);
                            } else {
                                entityValue = -1;
                            }
                        }
                    } catch (NumberFormatException ex) {
                        entityValue = -1;
                    }
                }
            } else {
                entityValue = this.entityValue(entityName);
            }
            if (entityValue == -1) {
                buf.append('&');
                buf.append(entityName);
                buf.append(';');
            } else {
                buf.append((char)(entityValue));
            }
            i = semi;
        } else {
            buf.append(ch);
        }
    }
    return buf.toString();
}
```"
2,root_c8_c1_c2,Lang_6_query,Lang_6,gen,0,0,10,,
2,root_c8_c2_c0,JxPath_12_query,JxPath_12,gen,0,0,10,,
2,root_c8_c2_c0,JxPath_16_query,JxPath_16,gen,0,0,10,,
2,root_c8_c2_c0,JxPath_1_query,JxPath_1,gen,0,0,10,,
2,root_c8_c2_c1,JxPath_19_query,JxPath_19,gen,0,0,10,,
2,root_c8_c2_c2,JxPath_22_query,JxPath_22,gen,0,0,10,,
2,root_c8_c3_c0,Closure_133_query,Closure_133,gen,0,0,10,,
2,root_c8_c3_c0,Closure_32_query,Closure_32,gen,0,0,10,,
2,root_c8_c3_c1,Jsoup_20_query,Jsoup_20,gen,1,10,10,np.nan,"```java
static Document parseByteData(ByteBuffer byteData, String charsetName, String baseUri, Parser parser) {
        String docData;
        Document doc = null;
        if (charsetName == null) { // determine from meta. safe parse as UTF-8
            // look for <meta http-equiv=""Content-Type"" content=""text/html;charset=gb2312""> or HTML5 <meta charset=""gb2312"">
            docData = Charset.forName(defaultCharset).decode(byteData).toString();
            doc = parser.parseInput(docData, baseUri);
            Element meta = doc.select(""meta[http-equiv=content-type], meta[charset]"").first();
            if (meta != null) { // if not found, will keep utf-8 as best attempt
                String foundCharset = meta.hasAttr(""http-equiv"") ? getCharsetFromContentType(meta.attr(""content"")) : meta.attr(""charset"");
                if (foundCharset != null && foundCharset.length() != 0 && !foundCharset.equals(defaultCharset)) { // need to re-decode
                    charsetName = foundCharset;
                    byteData.rewind();
                    docData = Charset.forName(foundCharset).decode(byteData).toString();
                    doc = null;
                }
            }
        } else { // specified by content type header (or by user on file load)
            Validate.notEmpty(charsetName, ""Must set charset arg to character set of file to parse. Set to null to attempt to detect from HTML"");
            docData = Charset.forName(charsetName).decode(byteData).toString();
        }
        if (doc == null) {
            // there are times where there is a spurious byte-order-mark at the start of the text. Shouldn't be present
            // in utf-8. If after decoding, there is a BOM, strip it; otherwise will cause the parser to go straight
            // into head mode
            if (docData.length() > 0 && docData.charAt(0) == '\uFEFF') {
                docData = docData.substring(1);
            }
            doc = parser.parseInput(docData, baseUri);
            doc.outputSettings().charset(charsetName);
        }
        return doc;
    }
```"
2,root_c8_c3_c1,Jsoup_27_query,Jsoup_27,gen,0,0,10,,
2,root_c8_c3_c1,Jsoup_39_query,Jsoup_39,gen,1,9,10,np.nan,"```java
static Document parseByteData(ByteBuffer byteData, String charsetName, String baseUri, Parser parser) {
    String docData;
    Document doc = null;
    if (charsetName == null) { // determine from meta. safe parse as UTF-8
        // look for <meta http-equiv=""Content-Type"" content=""text/html;charset=gb2312""> or HTML5 <meta charset=""gb2312"">
        docData = Charset.forName(defaultCharset).decode(byteData).toString();
        // Check for BOM first
        if (docData.length() > 0 && docData.charAt(0) == 65279) {
            docData = docData.substring(1);
            charsetName = defaultCharset;
        }
        doc = parser.parseInput(docData, baseUri);
        Element meta = doc.select(""meta[http-equiv=content-type], meta[charset]"").first();
        if (meta != null) { // if not found, will keep utf-8 as best attempt
            String foundCharset;
            if (meta.hasAttr(""http-equiv"")) {
                foundCharset = getCharsetFromContentType(meta.attr(""content""));
                if (foundCharset == null && meta.hasAttr(""charset"")) {
                    try {
                        if (Charset.isSupported(meta.attr(""charset""))) {
                            foundCharset = meta.attr(""charset"");
                        }
                    } catch (IllegalCharsetNameException e) {
                        foundCharset = null;
                    }
                }
            } else {
                foundCharset = meta.attr(""charset"");
            }

            if (foundCharset != null && foundCharset.length() != 0 && !foundCharset.equals(defaultCharset)) { // need to re-decode
                foundCharset = foundCharset.trim().replaceAll(""[\""']"", """");
                charsetName = foundCharset;
                byteData.rewind();
                docData = Charset.forName(foundCharset).decode(byteData).toString();
                doc = null;
            }
        }
    } else { // specified by content type header (or by user on file load)
        Validate.notEmpty(charsetName, ""Must set charset arg to character set of file to parse. Set to null to attempt to detect from HTML"");
        docData = Charset.forName(charsetName).decode(byteData).toString();
        // Check for BOM when charset is specified
        if (docData.length() > 0 && docData.charAt(0) == 65279) {
            docData = docData.substring(1);
        }
    }
    if (doc == null) {
        doc = parser.parseInput(docData, baseUri);
        doc.outputSettings().charset(charsetName);
    }
    return doc;
}
```"
2,root_c8_c3_c1,Jsoup_50_query,Jsoup_50,gen,1,3,10,np.nan,"```java
static Document parseByteData(ByteBuffer byteData, String charsetName, String baseUri, Parser parser) {
    String docData;
    Document doc = null;

    // First check for BOM
    if (byteData.remaining() >= 2) {
        byteData.mark();
        byte[] bom = new byte[4];
        byteData.get(bom, 0, Math.min(byteData.remaining(), 4));
        byteData.reset();

        if ((bom[0] == (byte) 0xFE && bom[1] == (byte) 0xFF) {  // UTF-16BE
            charsetName = ""UTF-16BE"";
        } else if ((bom[0] == (byte) 0xFF && bom[1] == (byte) 0xFE) {  // UTF-16LE
            charsetName = ""UTF-16LE"";
        } else if (bom.length >= 4 &&
                  (bom[0] == (byte) 0x00 && bom[1] == (byte) 0x00 && 
                   bom[2] == (byte) 0xFE && bom[3] == (byte) 0xFF)) {  // UTF-32BE
            charsetName = ""UTF-32BE"";
        } else if (bom.length >= 4 &&
                  (bom[0] == (byte) 0xFF && bom[1] == (byte) 0xFE && 
                   bom[2] == (byte) 0x00 && bom[3] == (byte) 0x00)) {  // UTF-32LE
            charsetName = ""UTF-32LE"";
        } else if (bom[0] == (byte) 0xEF && bom[1] == (byte) 0xBB && bom[2] == (byte) 0xBF) {  // UTF-8
            charsetName = ""UTF-8"";
            byteData.position(3); // skip BOM
        }
    }

    if (charsetName == null) { // determine from meta
        docData = Charset.forName(defaultCharset).decode(byteData).toString();
        doc = parser.parseInput(docData, baseUri);
        Element meta = doc.select(""meta[http-equiv=content-type], meta[charset]"").first();
        if (meta != null) {
            String foundCharset = null;
            if (meta.hasAttr(""http-equiv"")) {
                foundCharset = getCharsetFromContentType(meta.attr(""content""));
            }
            if (foundCharset == null && meta.hasAttr(""charset"")) {
                try {
                    if (Charset.isSupported(meta.attr(""charset""))) {
                        foundCharset = meta.attr(""charset"");
                    }
                } catch (IllegalCharsetNameException e) {
                    foundCharset = null;
                }
            }

            if (foundCharset != null && !foundCharset.isEmpty() && !foundCharset.equals(defaultCharset)) {
                foundCharset = foundCharset.trim().replaceAll(""[\""']"", """");
                charsetName = foundCharset;
                byteData.rewind();
                docData = Charset.forName(foundCharset).decode(byteData).toString();
                doc = null;
            }
        }
    } else {
        Validate.notEmpty(charsetName, ""Must set charset arg to character set of file to parse. Set to null to attempt to detect from HTML"");
        docData = Charset.forName(charsetName).decode(byteData).toString();
    }

    if (doc == null) {
        doc = parser.parseInput(docData, baseUri);
        doc.outputSettings().charset(charsetName);
    }
    return doc;
}
```"
2,root_c8_c3_c1,Jsoup_82_query,Jsoup_82,gen,0,0,10,,
2,root_c8_c3_c2,Jsoup_14_query,Jsoup_14,gen,0,0,10,,
2,root_c8_c3_c2,Jsoup_18_query,Jsoup_18,gen,0,0,10,,
2,root_c8_c3_c2,Jsoup_23_query,Jsoup_23,gen,0,0,10,,
2,root_c8_c3_c2,Jsoup_34_query,Jsoup_34,gen,1,10,10,np.nan,"```java
int nextIndexOf(CharSequence seq) {
        // doesn't handle scanning for surrogates
        char startChar = seq.charAt(0);
        for (int offset = pos; offset < length; offset++) {
            // scan to first instance of startchar:
            if (startChar != input[offset])
                while(++offset < length && startChar != input[offset]);
            if (offset < length) {
                int seqLen = seq.length();
                int last = offset + seqLen;
                if (last <= length) {
                    boolean found = true;
                    for (int j = 1; j < seqLen; j++) {
                        if (seq.charAt(j) != input[offset + j]) {
                            found = false;
                            break;
                        }
                    }
                    if (found)
                        return offset - pos;
                }
            }
        }
        return -1;
    }
```"
2,root_c8_c3_c2,Jsoup_51_query,Jsoup_51,gen,1,10,10,np.nan,"```java
boolean matchesLetter() {
        if (isEmpty())
            return false;
        char c = input[pos];
        return (c >= 'A' && c <= 'Z') || (c >= 'a' && c <= 'z') || Character.isLetter(c);
    }
```"
2,root_c8_c3_c2,Jsoup_55_query,Jsoup_55,gen,0,0,10,,
2,root_c8_c3_c2,Jsoup_72_query,Jsoup_72,gen,1,7,10,np.nan,"```java
private static String cacheString(final char[] charBuf, final String[] stringCache, final int start, final int count) {
        // check for invalid input
        if (count <= 0 || start < 0 || start + count > charBuf.length)
            return """";

        // limit (no cache):
        if (count > maxStringCacheLen)
            return new String(charBuf, start, count);

        // calculate hash:
        int hash = 0;
        int offset = start;
        for (int i = 0; i < count; i++) {
            hash = 31 * hash + charBuf[offset++];
        }

        // get from cache
        final int index = hash & stringCache.length - 1;
        String cached = stringCache[index];

        if (cached == null) { // miss, add
            cached = new String(charBuf, start, count);
            stringCache[index] = cached;
        } else { // hashcode hit, check equality
            if (rangeEquals(charBuf, start, count, cached)) { // hit
                return cached;
            } else { // hashcode conflict
                cached = new String(charBuf, start, count);
                stringCache[index] = cached; // update the cache, as recently used strings are more likely to show up again
            }
        }
        return cached;
    }
```"
2,root_c8_c4_c0,Jsoup_10_query,Jsoup_10,sr,1,10,10,,
2,root_c8_c4_c0,Jsoup_13_query,Jsoup_13,sr,0,0,10,,
2,root_c8_c4_c0,Jsoup_19_query,Jsoup_19,sr,0,0,10,,
2,root_c8_c4_c1,Jsoup_54_query,Jsoup_54,gen,1,7,10,np.nan,"```java
private void copyAttributes(org.jsoup.nodes.Node source, Element el) {
    for (Attribute attribute : source.attributes()) {
        // valid xml attribute names are: ^[a-zA-Z_:][-a-zA-Z0-9_:.]
        String key = attribute.getKey();
        if (key.length() > 0 && !key.matches(""^[a-zA-Z_:][-a-zA-Z0-9_:.]*$"")) {
            key = ""invalid_"" + key.replaceAll(""[^-a-zA-Z0-9_:.]"", """");
        }
        el.setAttribute(key, attribute.getValue());
    }
}
```"
2,root_c8_c4_c1,Jsoup_57_query,Jsoup_57,gen,1,10,10,np.nan,"```java
public void removeIgnoreCase(String key) {
        Validate.notEmpty(key);
        if (attributes == null)
            return;
        Iterator<String> it = attributes.keySet().iterator();
        while (it.hasNext()) {
            String attrKey = it.next();
            if (attrKey.equalsIgnoreCase(key)) {
                it.remove();
                break;
            }
        }
    }
```"
2,root_c8_c4_c1,Jsoup_85_query,Jsoup_85,gen,1,10,10,np.nan,"```java
public Attribute(String key, String val, Attributes parent) {
        Validate.notNull(key);
        this.key = key.trim();
        Validate.notEmpty(this.key); // validate after trimming
        this.val = val;
        this.parent = parent;
    }
```"
2,root_c8_c4_c1,Jsoup_88_query,Jsoup_88,gen,1,10,10,np.nan,"```java
public String getValue() {
        return val != null ? val : """";
    }
```"
2,root_c8_c4_c2,Jsoup_42_query,Jsoup_42,gen,1,10,10,np.nan,"```java
public List<Connection.KeyVal> formData() {
        ArrayList<Connection.KeyVal> data = new ArrayList<Connection.KeyVal>();

        // iterate the form control elements and accumulate their values
        for (Element el: elements) {
            if (!el.tag().isFormSubmittable() || el.hasAttr(""disabled"")) continue;
            String name = el.attr(""name"");
            if (name.length() == 0) continue;
            String type = el.attr(""type"");

            if (""select"".equals(el.tagName())) {
                Elements options = el.select(""option[selected]"");
                boolean set = false;
                for (Element option: options) {
                    data.add(HttpConnection.KeyVal.create(name, option.val()));
                    set = true;
                }
                if (!set) {
                    Element option = el.select(""option"").first();
                    if (option != null)
                        data.add(HttpConnection.KeyVal.create(name, option.val()));
                }
            } else if (""checkbox"".equalsIgnoreCase(type) || ""radio"".equalsIgnoreCase(type)) {
                // only add checkbox or radio if they have the checked attribute
                if (el.hasAttr(""checked"")) {
                    final String val = el.hasAttr(""value"") ? el.val() : ""on"";
                    data.add(HttpConnection.KeyVal.create(name, val));
                }
            } else {
                data.add(HttpConnection.KeyVal.create(name, el.val()));
            }
        }
        return data;
    }
```"
2,root_c8_c4_c2,Jsoup_93_query,Jsoup_93,gen,1,10,10,np.nan,"```java
public List<Connection.KeyVal> formData() {
        ArrayList<Connection.KeyVal> data = new ArrayList<>();

        // iterate the form control elements and accumulate their values
        for (Element el: elements) {
            if (!el.tag().isFormSubmittable()) continue; // contents are form listable, superset of submitable
            if (el.hasAttr(""disabled"")) continue; // skip disabled form inputs
            String name = el.attr(""name"");
            if (name.length() == 0) continue;
            String type = el.attr(""type"");

            // skip buttons
            if (""button"".equalsIgnoreCase(type)) continue;

            if (""select"".equals(el.normalName())) {
                Elements options = el.select(""option[selected]"");
                boolean set = false;
                for (Element option: options) {
                    data.add(HttpConnection.KeyVal.create(name, option.val()));
                    set = true;
                }
                if (!set) {
                    Element option = el.select(""option"").first();
                    if (option != null)
                        data.add(HttpConnection.KeyVal.create(name, option.val()));
                }
            } else if (""checkbox"".equalsIgnoreCase(type) || ""radio"".equalsIgnoreCase(type)) {
                // only add checkbox or radio if they have the checked attribute
                if (el.hasAttr(""checked"")) {
                    final String val = el.val().length() >  0 ? el.val() : ""on"";
                    data.add(HttpConnection.KeyVal.create(name, val));
                }
            } else {
                data.add(HttpConnection.KeyVal.create(name, el.val()));
            }
        }
        return data;
    }
```"
2,root_c9_c0_c0,Gson_12_query,Gson_12,gen,1,10,10,np.nan,"```java
@Override public void skipValue() throws IOException {
    if (peek() == JsonToken.NAME) {
      nextName();
      if (stackSize > 1) {
        pathNames[stackSize - 2] = ""null"";
      }
    } else {
      popStack();
      if (stackSize > 0) {
        pathNames[stackSize - 1] = ""null"";
      }
    }
    if (stackSize > 0) {
      pathIndices[stackSize - 1]++;
    }
  }
```"
2,root_c9_c0_c0,Gson_7_query,Gson_7,gen,0,0,10,,
2,root_c9_c0_c0,JacksonCore_12_query,JacksonCore_12,gen,0,0,10,,
2,root_c9_c0_c0,JacksonCore_15_query,JacksonCore_15,gen,0,0,10,,
2,root_c9_c0_c0,JacksonCore_21_query,JacksonCore_21,gen,0,0,10,,
2,root_c9_c0_c0,JacksonCore_22_query,JacksonCore_22,gen,0,0,10,,
2,root_c9_c0_c0,JacksonCore_26_query,JacksonCore_26,gen,0,0,10,,
2,root_c9_c0_c0,JacksonCore_3_query,JacksonCore_3,gen,0,0,10,,
2,root_c9_c0_c0,JacksonDatabind_106_query,JacksonDatabind_106,gen,0,0,10,,
2,root_c9_c0_c1,Gson_15_query,Gson_15,gen,1,9,10,np.nan,"```java
public JsonWriter value(double value) throws IOException {
    writeDeferredName();
    if (!lenient && (Double.isNaN(value) || Double.isInfinite(value))) {
      throw new IllegalArgumentException(""Numeric values must be finite, but was "" + value);
    }
    beforeValue();
    out.append(Double.toString(value));
    return this;
  }
```"
2,root_c9_c0_c1,Gson_4_query,Gson_4,gen,0,0,10,,
2,root_c9_c0_c1,JacksonCore_17_query,JacksonCore_17,gen,1,8,10,np.nan,"```java
private final int _outputRawMultiByteChar(int ch, char[] cbuf, int inputOffset, int inputEnd)
        throws IOException
    {
        // Let's handle surrogates gracefully (as 4 byte output):
        if (ch >= SURR1_FIRST && ch <= SURR1_LAST) { // first part?
            // Do we have second part?
            if (inputOffset >= inputEnd || cbuf == null) { // nope... have to note down
                _reportError(""Split surrogate on writeRaw() input (last character)"");
                return inputOffset;
            }
            _outputSurrogates(ch, cbuf[inputOffset]);
            return inputOffset+1;
        }
        if (ch >= SURR2_FIRST && ch <= SURR2_LAST) { // second part without first?
            _reportError(""Split surrogate on writeRaw() input (first character missing)"");
            return inputOffset;
        }
        final byte[] bbuf = _outputBuffer;
        bbuf[_outputTail++] = (byte) (0xe0 | (ch >> 12));
        bbuf[_outputTail++] = (byte) (0x80 | ((ch >> 6) & 0x3f));
        bbuf[_outputTail++] = (byte) (0x80 | (ch & 0x3f));
        return inputOffset;
    }
```

```java
@Override
    public void writeRaw(String text, int offset, int len) throws IOException
    {
        final char[] buf = _charBuffer;
        final int bufLen = buf.length;

        while (len > 0) {
            int len2 = Math.min(bufLen, len);
            text.getChars(offset, offset+len2, buf, 0);
            // Check if last character is first part of surrogate pair
            if (len2 < len && len2 > 0) {
                char c = buf[len2-1];
                if (c >= SURR1_FIRST && c <= SURR1_LAST) {
                    // If so, don't write it yet - wait for the pair
                    len2--;
                }
            }
            writeRaw(buf, 0, len2);
            offset += len2;
            len -= len2;
        }
    }
```"
2,root_c9_c0_c1,JacksonCore_25_query,JacksonCore_25,gen,1,10,10,np.nan,"```java
private String _handleOddName2(int startPtr, int hash, int[] codes) throws IOException
    {
        _textBuffer.resetWithShared(_inputBuffer, startPtr, (_inputPtr - startPtr));
        char[] outBuf = _textBuffer.getCurrentSegment();
        int outPtr = _textBuffer.getCurrentSegmentSize();
        final int maxCode = codes.length - 1; // Adjust for 0-based index

        while (true) {
            if (_inputPtr >= _inputEnd) {
                if (!_loadMore()) { // acceptable for now (will error out later)
                    break;
                }
            }
            char c = _inputBuffer[_inputPtr];
            int i = (int) c;
            if (i <= maxCode && i >= 0) { // Add bounds check
                if (codes[i] != 0) {
                    break;
                }
            } else if (!Character.isJavaIdentifierPart(c)) {
                break;
            }
            ++_inputPtr;
            hash = (hash * CharsToNameCanonicalizer.HASH_MULT) + i;
            // Ok, let's add char to output:
            outBuf[outPtr++] = c;

            // Need more room?
            if (outPtr >= outBuf.length) {
                outBuf = _textBuffer.finishCurrentSegment();
                outPtr = 0;
            }
        }
        _textBuffer.setCurrentLength(outPtr);
        {
            TextBuffer tb = _textBuffer;
            char[] buf = tb.getTextBuffer();
            int start = tb.getTextOffset();
            int len = tb.size();

            return _symbols.findSymbol(buf, start, len, hash);
        }
    }
```"
2,root_c9_c0_c1,JacksonCore_7_query,JacksonCore_7,gen,0,0,10,,
2,root_c9_c0_c1,JacksonDatabind_31_query,JacksonDatabind_31,gen,0,0,10,,
2,root_c9_c0_c2,Gson_11_query,Gson_11,gen,0,0,10,,
2,root_c9_c0_c2,JacksonCore_9_query,JacksonCore_9,gen,0,0,10,,
2,root_c9_c1_c0,JacksonDatabind_101_query,JacksonDatabind_101,gen,1,1,10,np.nan,"```java
@SuppressWarnings(""resource"")
protected Object deserializeUsingPropertyBasedWithUnwrapped(JsonParser p, DeserializationContext ctxt)
    throws IOException
{
    final PropertyBasedCreator creator = _propertyBasedCreator;
    PropertyValueBuffer buffer = creator.startBuilding(p, ctxt, _objectIdReader);

    TokenBuffer tokens = new TokenBuffer(p, ctxt);
    tokens.writeStartObject();

    JsonToken t = p.getCurrentToken();
    for (; t == JsonToken.FIELD_NAME; t = p.nextToken()) {
        String propName = p.getCurrentName();
        p.nextToken(); // to point to value
        // creator property?
        SettableBeanProperty creatorProp = creator.findCreatorProperty(propName);
        if (creatorProp != null) {
            // Last creator property to set?
            if (buffer.assignParameter(creatorProp,
                    _deserializeWithErrorWrapping(p, ctxt, creatorProp))) {
                t = p.nextToken(); // to move to following FIELD_NAME/END_OBJECT
                Object bean;
                try {
                    bean = creator.build(ctxt, buffer);
                } catch (Exception e) {
                    bean = wrapInstantiationProblem(e, ctxt);
                }
                // [databind#631]: Assign current value, to be accessible by custom serializers
                p.setCurrentValue(bean);
                // if so, need to copy all remaining tokens into buffer
                while (t == JsonToken.FIELD_NAME) {
                    // NOTE: do NOT skip name as it needs to be copied; `copyCurrentStructure` does that
                    p.nextToken();
                    tokens.copyCurrentStructure(p);
                    t = p.nextToken();
                }
                tokens.writeEndObject();
                if (bean.getClass() != _beanType.getRawClass()) {
                    ctxt.reportInputMismatch(creatorProp,
                            ""Cannot create polymorphic instances with unwrapped values"");
                    return null;
                }
                return _unwrappedPropertyHandler.processUnwrapped(p, ctxt, bean, tokens);
            }
            continue;
        }
        // Object Id property?
        if (buffer.readIdProperty(propName)) {
            continue;
        }
        // regular property? needs buffering
        SettableBeanProperty prop = _beanProperties.find(propName);
        if (prop != null) {
            buffer.bufferProperty(prop, _deserializeWithErrorWrapping(p, ctxt, prop));
            continue;
        }
        // Things marked as ignorable should not be passed to any setter
        if (_ignorableProps != null && _ignorableProps.contains(propName)) {
            handleIgnoredProperty(p, ctxt, handledType(), propName);
            continue;
        }
        // how about any setter? We'll get copies but...
        if (_anySetter == null) {
            // but... others should be passed to unwrapped property deserializers
            tokens.writeFieldName(propName);
            tokens.copyCurrentStructure(p);
        } else {
            // Need to copy to a separate buffer first
            TokenBuffer b2 = TokenBuffer.asCopyOfValue(p);
            tokens.writeFieldName(propName);
            tokens.append(b2);
            try {
                buffer.bufferAnyProperty(_anySetter, propName,
                        _anySetter.deserialize(b2.asParserOnFirstToken(), ctxt));
            } catch (Exception e) {
                wrapAndThrow(e, _beanType.getRawClass(), propName, ctxt);
            }
        }
    }

    // We hit END_OBJECT, so:
    Object bean;
    try {
        bean = creator.build(ctxt, buffer);
    } catch (Exception e) {
        wrapInstantiationProblem(e, ctxt);
        return null;
    }
    return _unwrappedPropertyHandler.processUnwrapped(p, ctxt, bean, tokens);
}
```"
2,root_c9_c1_c0,JacksonDatabind_13_query,JacksonDatabind_13,gen,1,9,10,np.nan,"```java
@Override
public Object deserializeSetAndReturn(JsonParser jp,
        DeserializationContext ctxt, Object instance) throws IOException
{
    Object id = _valueDeserializer.deserialize(jp, ctxt);
    
    // Allow null id as per [databind#742]
    if (id == null) {
        return instance;
    }
    
    ReadableObjectId roid = ctxt.findObjectId(id, _objectIdReader.generator, _objectIdReader.resolver);
    roid.bindItem(instance);
    // also: may need to set a property value as well
    SettableBeanProperty idProp = _objectIdReader.idProperty;
    if (idProp != null) {
        return idProp.setAndReturn(instance, id);
    }
    return instance;
}
```

```java
@Override
public ReadableObjectId findObjectId(Object id, ObjectIdGenerator<?> gen, ObjectIdResolver resolverType)
{
    // Allow null id as per [databind#742]
    if (id == null) {
        return null;
    }

    final ObjectIdGenerator.IdKey key = gen.key(id);

    if (_objectIds == null) {
        _objectIds = new LinkedHashMap<ObjectIdGenerator.IdKey,ReadableObjectId>();
    } else {
        ReadableObjectId entry = _objectIds.get(key);
        if (entry != null) {
            return entry;
        }
    }

    // Not seen yet, must create entry and configure resolver.
    ObjectIdResolver resolver = null;

    if (_objectIdResolvers == null) {
        _objectIdResolvers = new ArrayList<ObjectIdResolver>(8);
    } else {
        for (ObjectIdResolver res : _objectIdResolvers) {
            if (res.canUseFor(resolverType)) {
                resolver = res;
                break;
            }
        }
    }

    if (resolver == null) {
        resolver = resolverType.newForDeserialization(this);
        _objectIdResolvers.add(resolver);
    }

    ReadableObjectId entry = new ReadableObjectId(key);
    entry.setResolver(resolver);
    _objectIds.put(key, entry);
    return entry;
}
```"
2,root_c9_c1_c0,JacksonDatabind_14_query,JacksonDatabind_14,gen,0,0,10,,
2,root_c9_c1_c0,JacksonDatabind_68_query,JacksonDatabind_68,gen,0,0,10,,
2,root_c9_c1_c0,JacksonDatabind_70_query,JacksonDatabind_70,gen,1,10,10,np.nan,"```java
public void remove(SettableBeanProperty propToRm)
    {
        ArrayList<SettableBeanProperty> props = new ArrayList<SettableBeanProperty>(_size);
        String key = getPropertyName(propToRm);
        boolean found = false;

        for (int i = 1, end = _hashArea.length; i < end; i += 2) {
            SettableBeanProperty prop = (SettableBeanProperty) _hashArea[i];
            if (prop == null) {
                continue;
            }
            if (!found) {
                // Compare case-insensitively if configured
                String propName = prop.getName();
                if (_caseInsensitive) {
                    found = key.equalsIgnoreCase(propName);
                } else {
                    found = key.equals(propName);
                }
                if (found) {
                    // need to leave a hole here
                    _propsInOrder[_findFromOrdered(prop)] = null;
                    continue;
                }
            }
            props.add(prop);
        }
        if (!found) {
            throw new NoSuchElementException(""No entry '""+propToRm.getName()+""' found, can't remove"");
        }
        init(props);
    }
```"
2,root_c9_c1_c0,JacksonDatabind_76_query,JacksonDatabind_76,gen,1,5,10,np.nan,"```java
@SuppressWarnings(""resource"")
protected Object deserializeUsingPropertyBasedWithUnwrapped(JsonParser p,
        DeserializationContext ctxt)
    throws IOException, JsonProcessingException
{
    final PropertyBasedCreator creator = _propertyBasedCreator;
    PropertyValueBuffer buffer = creator.startBuilding(p, ctxt, _objectIdReader);

    TokenBuffer tokens = new TokenBuffer(p, ctxt);
    tokens.writeStartObject();

    JsonToken t = p.getCurrentToken();
    for (; t == JsonToken.FIELD_NAME; t = p.nextToken()) {
        String propName = p.getCurrentName();
        p.nextToken(); // to point to value
        // creator property?
        SettableBeanProperty creatorProp = creator.findCreatorProperty(propName);
        if (creatorProp != null) {
            Object value = creatorProp.deserialize(p, ctxt);
            if (buffer.assignParameter(creatorProp, value)) {
                t = p.nextToken();
                Object bean;
                try {
                    bean = creator.build(ctxt, buffer);
                } catch (Exception e) {
                    wrapAndThrow(e, _beanType.getRawClass(), propName, ctxt);
                    continue;
                }
                while (t == JsonToken.FIELD_NAME) {
                    p.nextToken();
                    tokens.copyCurrentStructure(p);
                    t = p.nextToken();
                }
                tokens.writeEndObject();
                if (bean.getClass() != _beanType.getRawClass()) {
                    ctxt.reportMappingException(""Can not create polymorphic instances with unwrapped values"");
                    return null;
                }
                return _unwrappedPropertyHandler.processUnwrapped(p, ctxt, bean, tokens);
            }
            continue;
        }
        // Object Id property?
        if (buffer.readIdProperty(propName)) {
            continue;
        }
        // regular property? needs buffering
        SettableBeanProperty prop = _beanProperties.find(propName);
        if (prop != null) {
            buffer.bufferProperty(prop, prop.deserialize(p, ctxt));
            continue;
        }
        if (_ignorableProps != null && _ignorableProps.contains(propName)) {
            handleIgnoredProperty(p, ctxt, handledType(), propName);
            continue;
        }
        tokens.writeFieldName(propName);
        tokens.copyCurrentStructure(p);
        // ""any property""?
        if (_anySetter != null) {
            buffer.bufferAnyProperty(_anySetter, propName, _anySetter.deserialize(p, ctxt));
        }
    }

    // We hit END_OBJECT, so:
    Object bean;
    try {
        bean = creator.build(ctxt, buffer);
    } catch (Exception e) {
        return wrapInstantiationProblem(e, ctxt);
    }
    return _unwrappedPropertyHandler.processUnwrapped(p, ctxt, bean, tokens);
}
```"
2,root_c9_c1_c0,JacksonDatabind_7_query,JacksonDatabind_7,gen,0,0,10,,
2,root_c9_c1_c1,JacksonDatabind_108_query,JacksonDatabind_108,gen,1,10,10,np.nan,"```java
@SuppressWarnings(""unchecked"")
    @Override
    public <T extends TreeNode> T readTree(JsonParser p) throws IOException {
        if (p.nextToken() == null) {
            return null;
        }
        return (T) _bindAsTree(p);
    }
```"
2,root_c9_c1_c1,JacksonDatabind_28_query,JacksonDatabind_28,gen,1,7,10,np.nan,"```java
@Override
public ObjectNode deserialize(JsonParser p, DeserializationContext ctxt) throws IOException
{
    if (p.getCurrentToken() == JsonToken.START_OBJECT) {
        p.nextToken();
        return deserializeObject(p, ctxt, ctxt.getNodeFactory());
    }
    // Handle both FIELD_NAME and END_OBJECT cases for empty objects
    if (p.getCurrentToken() == JsonToken.FIELD_NAME || p.getCurrentToken() == JsonToken.END_OBJECT) {
        return ctxt.getNodeFactory().objectNode();
    }
    throw ctxt.mappingException(ObjectNode.class);
}
```"
2,root_c9_c1_c1,JacksonDatabind_29_query,JacksonDatabind_29,gen,1,1,10,np.nan,"```java
@SuppressWarnings(""resource"")
    protected final void _deserializeAndSet(JsonParser p, DeserializationContext ctxt,
            Object bean, int index, String typeId) throws IOException
    {
        JsonParser p2 = _tokens[index].asParser(p);
        JsonToken t = p2.nextToken();
        TokenBuffer merged = new TokenBuffer(p);
        merged.writeStartArray();
        merged.writeString(typeId);
        
        if (t == JsonToken.VALUE_NULL) {
            merged.writeNull();
        } else {
            merged.copyCurrentStructure(p2);
        }
        
        merged.writeEndArray();
        JsonParser mp = merged.asParser(p);
        mp.nextToken();
        _properties[index].getProperty().deserializeAndSet(mp, ctxt, bean);
    }
```

```java
@SuppressWarnings(""resource"")
    protected final Object _deserialize(JsonParser p, DeserializationContext ctxt,
            int index, String typeId) throws IOException
    {
        JsonParser p2 = _tokens[index].asParser(p);
        JsonToken t = p2.nextToken();
        TokenBuffer merged = new TokenBuffer(p);
        merged.writeStartArray();
        merged.writeString(typeId);
        
        if (t == JsonToken.VALUE_NULL) {
            merged.writeNull();
        } else {
            merged.copyCurrentStructure(p2);
        }
        
        merged.writeEndArray();
        JsonParser mp = merged.asParser(p);
        mp.nextToken();
        return _properties[index].getProperty().deserialize(mp, ctxt);
    }
```"
2,root_c9_c1_c1,JacksonDatabind_39_query,JacksonDatabind_39,gen,0,0,10,,
2,root_c9_c1_c1,JacksonDatabind_74_query,JacksonDatabind_74,gen,1,10,10,np.nan,"```java
@SuppressWarnings(""resource"")
protected Object _deserializeTypedUsingDefaultImpl(JsonParser p, DeserializationContext ctxt,
        TokenBuffer tb) throws IOException
{
    // As per [JACKSON-614], may have default implementation to use
    JsonDeserializer<Object> deser = _findDefaultImplDeserializer(ctxt);
    if (deser != null) {
        if (tb != null) {
            tb.writeEndObject();
            p = tb.asParser(p);
            // must move to point to the first token:
            p.nextToken();
        }
        return deser.deserialize(p, ctxt);
    }
    // or, perhaps we just bumped into a ""natural"" value (boolean/int/double/String)?
    Object result = TypeDeserializer.deserializeIfNatural(p, ctxt, _baseType);
    if (result != null) {
        return result;
    }
    // Handle empty string as null if feature enabled
    if (ctxt.isEnabled(DeserializationFeature.ACCEPT_EMPTY_STRING_AS_NULL_OBJECT)
        && p.getCurrentToken() == JsonToken.VALUE_STRING
        && p.getText().isEmpty()) {
        return null;
    }
    // or, something for which ""as-property"" won't work, changed into ""wrapper-array"" type:
    if (p.getCurrentToken() == JsonToken.START_ARRAY) {
        return super.deserializeTypedFromAny(p, ctxt);
    }
    ctxt.reportWrongTokenException(p, JsonToken.FIELD_NAME,
            ""missing property '""+_typePropertyName+""' that is to contain type id  (for class ""+baseTypeName()+"")"");
    return null;
}
```"
2,root_c9_c1_c1,JacksonXml_1_query,JacksonXml_1,gen,0,0,10,,
2,root_c9_c1_c2,JacksonDatabind_100_query,JacksonDatabind_100,gen,1,2,10,np.nan,"```java
@Override
public byte[] getBinaryValue(Base64Variant b64variant)
    throws IOException, JsonParseException
{
    // Multiple possibilities...
    JsonNode n = currentNode();
    if (n != null) {
        // [databind#2096]: although `binaryValue()` works for real binary node
        // and embedded ""POJO"" node, coercion from TextNode may require variant, so:
        if (n.isBinary()) {
            return n.binaryValue();
        }
        if (n.isTextual()) {
            return b64variant.decode(n.textValue());
        }
        if (n.isPojo()) {
            Object ob = ((POJONode) n).getPojo();
            if (ob instanceof byte[]) {
                return (byte[]) ob;
            }
        }
    }
    // otherwise return null to mark we have no binary content
    return null;
}
```"
2,root_c9_c1_c2,JacksonDatabind_32_query,JacksonDatabind_32,gen,0,0,10,,
2,root_c9_c1_c2,JacksonDatabind_3_query,JacksonDatabind_3,gen,1,5,10,np.nan,"```java
protected final String[] _deserializeCustom(JsonParser jp, DeserializationContext ctxt) throws IOException
    {
        final ObjectBuffer buffer = ctxt.leaseObjectBuffer();
        Object[] chunk = buffer.resetAndStart();
        final JsonDeserializer<String> deser = _elementDeserializer;
        
        int ix = 0;
        JsonToken t;
        
        while ((t = jp.nextToken()) != JsonToken.END_ARRAY) {
            // Ok: no need to convert Strings, but must recognize nulls
            String value = (t == JsonToken.VALUE_NULL) ? null : deser.deserialize(jp, ctxt);
            if (value == null && _elementDeserializer != null) {
                value = _elementDeserializer.getNullValue(ctxt);
            }
            if (ix >= chunk.length) {
                chunk = buffer.appendCompletedChunk(chunk);
                ix = 0;
            }
            chunk[ix++] = value;
        }
        String[] result = buffer.completeAndClearBuffer(chunk, ix, String.class);
        ctxt.returnObjectBuffer(buffer);
        return result;
    }
```

```java
@Override
    public String[] deserialize(JsonParser jp, DeserializationContext ctxt) throws IOException
    {
        // Ok: must point to START_ARRAY (or equivalent)
        if (!jp.isExpectedStartArrayToken()) {
            return handleNonArray(jp, ctxt);
        }
        if (_elementDeserializer != null) {
            return _deserializeCustom(jp, ctxt);
        }

        final ObjectBuffer buffer = ctxt.leaseObjectBuffer();
        Object[] chunk = buffer.resetAndStart();
        
        int ix = 0;
        JsonToken t;
        
        while ((t = jp.nextToken()) != JsonToken.END_ARRAY) {
            // Ok: no need to convert Strings, but must recognize nulls
            String value;
            if (t == JsonToken.VALUE_STRING) {
                value = jp.getText();
            } else if (t == JsonToken.VALUE_NULL) {
                value = null;
            } else {
                value = _parseString(jp, ctxt);
            }
            if (ix >= chunk.length) {
                chunk = buffer.appendCompletedChunk(chunk);
                ix = 0;
            }
            chunk[ix++] = value;
        }
        String[] result = buffer.completeAndClearBuffer(chunk, ix, String.class);
        ctxt.returnObjectBuffer(buffer);
        return result;
    }
```"
2,root_c9_c1_c2,JacksonDatabind_4_query,JacksonDatabind_4,gen,1,1,10,np.nan,"```java
protected final String[] _deserializeCustom(JsonParser jp, DeserializationContext ctxt) throws IOException
    {
        final ObjectBuffer buffer = ctxt.leaseObjectBuffer();
        Object[] chunk = buffer.resetAndStart();
        final JsonDeserializer<String> deser = _elementDeserializer;
        
        int ix = 0;
        JsonToken t;

        try {
            while ((t = jp.nextToken()) != JsonToken.END_ARRAY) {
                // Ok: no need to convert Strings, but must recognize nulls
                String value;
                try {
                    value = (t == JsonToken.VALUE_NULL) ? deser.getNullValue() : deser.deserialize(jp, ctxt);
                } catch (Exception e) {
                    throw JsonMappingException.wrapWithPath(e, chunk, ix);
                }
                if (ix >= chunk.length) {
                    chunk = buffer.appendCompletedChunk(chunk);
                    ix = 0;
                }
                chunk[ix++] = value;
            }
        } catch (Exception e) {
            throw JsonMappingException.wrapWithPath(e, chunk, ix);
        }
        // note: pass String.class, not String[].class, as we need element type for error info
        String[] result = buffer.completeAndClearBuffer(chunk, ix, String.class);
        ctxt.returnObjectBuffer(buffer);
        return result;
    }
```

```java
@Override
    public String[] deserialize(JsonParser jp, DeserializationContext ctxt) throws IOException
    {
        // Ok: must point to START_ARRAY (or equivalent)
        if (!jp.isExpectedStartArrayToken()) {
            return handleNonArray(jp, ctxt);
        }
        if (_elementDeserializer != null) {
            return _deserializeCustom(jp, ctxt);
        }

        final ObjectBuffer buffer = ctxt.leaseObjectBuffer();
        Object[] chunk = buffer.resetAndStart();

        int ix = 0;
        JsonToken t;

        try {
            while ((t = jp.nextToken()) != JsonToken.END_ARRAY) {
                // Ok: no need to convert Strings, but must recognize nulls
                String value;
                try {
                    if (t == JsonToken.VALUE_STRING) {
                        value = jp.getText();
                    } else if (t == JsonToken.VALUE_NULL) {
                        value = null; // since we have established that '_elementDeserializer == null' earlier
                    } else {
                        value = _parseString(jp, ctxt);
                    }
                } catch (Exception e) {
                    throw JsonMappingException.wrapWithPath(e, chunk, ix);
                }
                if (ix >= chunk.length) {
                    chunk = buffer.appendCompletedChunk(chunk);
                    ix = 0;
                }
                chunk[ix++] = value;
            }
        } catch (Exception e) {
            throw JsonMappingException.wrapWithPath(e, chunk, ix);
        }
        // note: pass String.class, not String[].class, as we need element type for error info
        String[] result = buffer.completeAndClearBuffer(chunk, ix, String.class);
        ctxt.returnObjectBuffer(buffer);
        return result;
    }
```"
2,root_c9_c1_c2,JacksonDatabind_83_query,JacksonDatabind_83,gen,1,5,10,np.nan,"```java
@SuppressWarnings(""unchecked"")
@Override
public T deserialize(JsonParser p, DeserializationContext ctxt) throws IOException
{
    // 22-Sep-2012, tatu: For 2.1, use this new method, may force coercion:
    String text = p.getValueAsString();
    if (text != null) { // has String representation
        if (text.length() == 0 || (text = text.trim()).length() == 0) {
            // 04-Feb-2013, tatu: Usually should become null; but not always
            return _deserializeFromEmptyString();
        }
        Exception cause = null;
        try {
            // Allow null returns from _deserialize
            return _deserialize(text, ctxt);
        } catch (IllegalArgumentException iae) {
            cause = iae;
        } catch (MalformedURLException me) {
            cause = me;
        }
        String msg = ""not a valid textual representation"";
        if (cause != null) {
            String m2 = cause.getMessage();
            if (m2 != null) {
                msg = msg + "", problem: ""+m2;
            }
        }
        // 05-May-2016, tatu: Unlike most usage, this seems legit, so...
        JsonMappingException e = ctxt.weirdStringException(text, _valueClass, msg);
        if (cause != null) {
            e.initCause(cause);
        }
        throw e;
    }
    JsonToken t = p.getCurrentToken();
    // [databind#381]
    if (t == JsonToken.START_ARRAY) {
        return _deserializeFromArray(p, ctxt);
    }
    if (t == JsonToken.VALUE_EMBEDDED_OBJECT) {
        // Trivial cases; null to null, instance of type itself returned as is
        Object ob = p.getEmbeddedObject();
        if (ob == null) {
            return null;
        }
        if (_valueClass.isAssignableFrom(ob.getClass())) {
            return (T) ob;
        }
        return _deserializeEmbedded(ob, ctxt);
    }
    return (T) ctxt.handleUnexpectedToken(_valueClass, p);
}
```"
2,root_c9_c1_c2,JacksonXml_3_query,JacksonXml_3,gen,1,10,10,np.nan,"```java
@Override
public String nextTextValue() throws IOException
{
    _binaryValue = null;
    if (_nextToken != null) {
        JsonToken t = _nextToken;
        _currToken = t;
        _nextToken = null;

        // expected case; yes, got a String
        if (t == JsonToken.VALUE_STRING) {
            return _currText;
        }
        _updateState(t);
        return null;
    }

    int token = _xmlTokens.next();

    // mostly copied from 'nextToken()'
    while (token == XmlTokenStream.XML_START_ELEMENT) {
        if (_mayBeLeaf) {
            _nextToken = JsonToken.FIELD_NAME;
            _parsingContext = _parsingContext.createChildObjectContext(-1, -1);
            _currToken = JsonToken.START_OBJECT;
            return null;
        }
        if (_parsingContext.inArray()) {
            token = _xmlTokens.next();
            _mayBeLeaf = true;
            continue;
        }
        String name = _xmlTokens.getLocalName();
        _parsingContext.setCurrentName(name);
        if (_namesToWrap != null && _namesToWrap.contains(name)) {
            _xmlTokens.repeatStartElement();
        }
        _mayBeLeaf = true;
        _currToken = JsonToken.FIELD_NAME;
        return null;
    }

    // Ok; beyond start element, what do we get?
    switch (token) {
    case XmlTokenStream.XML_END_ELEMENT:
        if (_mayBeLeaf) {
            // NOTE: this is different from nextToken() -- produce """", NOT null
            _mayBeLeaf = false;
            _currToken = JsonToken.VALUE_STRING;
            return (_currText = """");
        }
        _currToken = _parsingContext.inArray() ? JsonToken.END_ARRAY : JsonToken.END_OBJECT;
        _parsingContext = _parsingContext.getParent();
        _namesToWrap = _parsingContext.getNamesToWrap();
        break;
    case XmlTokenStream.XML_ATTRIBUTE_NAME:
        // If there was a chance of leaf node, no more...
        if (_mayBeLeaf) {
            _mayBeLeaf = false;
            _nextToken = JsonToken.FIELD_NAME;
            _currText = _xmlTokens.getText();
            _parsingContext = _parsingContext.createChildObjectContext(-1, -1);
            _currToken = JsonToken.START_OBJECT;
        } else {
            _parsingContext.setCurrentName(_xmlTokens.getLocalName());
            _currToken = JsonToken.FIELD_NAME;
        }
        break;
    case XmlTokenStream.XML_ATTRIBUTE_VALUE:
        _currText = _xmlTokens.getText();
        _currToken = JsonToken.VALUE_STRING;
        return _currText;  // Return attribute value immediately
    case XmlTokenStream.XML_TEXT:
        _currText = _xmlTokens.getText();
        if (_mayBeLeaf) {
            _mayBeLeaf = false;
            // Also: must skip following END_ELEMENT
            _xmlTokens.skipEndElement();

            // NOTE: this is different from nextToken() -- NO work-around
            // for otherwise empty List/array
            _currToken = JsonToken.VALUE_STRING;
            return _currText;
        }
        // If not a leaf, need to transform into property...
        _parsingContext.setCurrentName(_cfgNameForTextElement);
        _nextToken = JsonToken.VALUE_STRING;
        _currToken = JsonToken.FIELD_NAME;
        break;
    case XmlTokenStream.XML_END:
        _currToken = null;
    }
    return null;
}
```"
2,root_c9_c2_c0,JacksonDatabind_102_query,JacksonDatabind_102,gen,0,0,10,,
2,root_c9_c2_c0,JacksonDatabind_24_query,JacksonDatabind_24,gen,1,8,10,np.nan,"```java
public BaseSettings withDateFormat(DateFormat df) {
        if (_dateFormat == df) {
            return this;
        }
        TimeZone tz = (df == null) ? _timeZone : _timeZone; // Keep original timezone instead of getting from DateFormat
        return new BaseSettings(_classIntrospector, _annotationIntrospector, _visibilityChecker, _propertyNamingStrategy, _typeFactory,
                _typeResolverBuilder, df, _handlerInstantiator, _locale,
                tz, _defaultBase64);
    }
```"
2,root_c9_c2_c0,JacksonDatabind_34_query,JacksonDatabind_34,gen,1,9,10,np.nan,"```java
@Override
public void acceptJsonFormatVisitor(JsonFormatVisitorWrapper visitor, JavaType typeHint) throws JsonMappingException
{
    if (_isInt) {
        visitIntFormat(visitor, typeHint, JsonParser.NumberType.BIG_INTEGER);
    } else {
        Class<?> h = handledType();
        if (h == BigDecimal.class) {
            visitFloatFormat(visitor, typeHint, JsonParser.NumberType.BIG_DECIMAL);
        } else {
            // otherwise bit unclear what to call... but let's try:
            /*JsonNumberFormatVisitor v2 =*/ visitor.expectNumberFormat(typeHint);
        }
    }
}
```"
2,root_c9_c2_c0,JacksonDatabind_45_query,JacksonDatabind_45,gen,1,5,10,np.nan,"```java
@Override
public JsonSerializer<?> createContextual(SerializerProvider serializers,
        BeanProperty property) throws JsonMappingException
{
    if (property != null) {
        JsonFormat.Value format = serializers.getAnnotationIntrospector().findFormat((Annotated)property.getMember());
        if (format != null) {

            // Simple case first: serialize as numeric timestamp?
            JsonFormat.Shape shape = format.getShape();
            if (shape.isNumeric()) {
                return withFormat(Boolean.TRUE, null);
            }

            // If shape is ANY, check for pattern/locale/timezone to determine if should be string
            if (shape == JsonFormat.Shape.ANY || shape == JsonFormat.Shape.STRING) {
                if (format.hasPattern() || format.hasLocale() || format.hasTimeZone()) {
                    TimeZone tz = format.getTimeZone();
                    final String pattern = format.hasPattern()
                                    ? format.getPattern()
                                    : StdDateFormat.DATE_FORMAT_STR_ISO8601;
                    final Locale loc = format.hasLocale()
                                    ? format.getLocale()
                                    : serializers.getLocale();
                    SimpleDateFormat df = new SimpleDateFormat(pattern, loc);
                    if (tz == null) {
                        tz = serializers.getTimeZone();
                    }
                    df.setTimeZone(tz);
                    return withFormat(Boolean.FALSE, df);
                }
            }
        }
    }
    return this;
}
```"
2,root_c9_c2_c0,JacksonDatabind_85_query,JacksonDatabind_85,gen,0,0,10,,
2,root_c9_c2_c0,JacksonDatabind_9_query,JacksonDatabind_9,gen,0,0,10,,
2,root_c9_c2_c1,JacksonDatabind_75_query,JacksonDatabind_75,gen,0,0,10,,
2,root_c9_c2_c2,JacksonXml_5_query,JacksonXml_5,sr,1,5,10,,
2,root_c9_c3_c0,Gson_17_query,Gson_17,sr,1,4,10,,
2,root_c9_c3_c1,JacksonDatabind_42_query,JacksonDatabind_42,gen,1,8,10,np.nan,"```java
@Override
protected Object _deserializeFromEmptyString() throws IOException {
    // As per [databind#398], URI requires special handling
    if (_kind == STD_URI) {
        return URI.create("""");
    }
    // As per [databind#1123], Locale too
    if (_kind == STD_LOCALE) {
        return Locale.ROOT;
    }
    return super._deserializeFromEmptyString();
}
```"
2,root_c9_c3_c1,JacksonDatabind_56_query,JacksonDatabind_56,gen,1,6,10,np.nan,"```java
@Override
protected Object _deserialize(String value, DeserializationContext ctxt) throws IOException
{
    switch (_kind) {
    case STD_FILE:
        return new File(value);
    case STD_URL:
        return new URL(value);
    case STD_URI:
        return URI.create(value);
    case STD_CLASS:
        try {
            return ctxt.findClass(value);
        } catch (Exception e) {
            throw ctxt.instantiationException(_valueClass, ClassUtil.getRootCause(e));
        }
    case STD_JAVA_TYPE:
        return ctxt.getTypeFactory().constructFromCanonical(value);
    case STD_CURRENCY:
        // will throw IAE if unknown:
        return Currency.getInstance(value);
    case STD_PATTERN:
        // will throw IAE (or its subclass) if malformed
        return Pattern.compile(value);
    case STD_LOCALE:
        {
            if (value == null || value.isEmpty()) {
                return Locale.ROOT;
            }
            // Handle both underscore and hyphen separators
            String[] parts = value.split(""[_-]"");
            switch (parts.length) {
                case 1:
                    return new Locale(parts[0]);
                case 2:
                    return new Locale(parts[0], parts[1]);
                case 3:
                    return new Locale(parts[0], parts[1], parts[2]);
                default:
                    throw new IllegalArgumentException(""Invalid locale format: "" + value);
            }
        }
    case STD_CHARSET:
        return Charset.forName(value);
    case STD_TIME_ZONE:
        return TimeZone.getTimeZone(value);
    case STD_INET_ADDRESS:
        return InetAddress.getByName(value);
    case STD_INET_SOCKET_ADDRESS:
        if (value.startsWith(""["")) {
            // bracketed IPv6 (with port number)
            int i = value.lastIndexOf(']');
            if (i == -1) {
                throw new InvalidFormatException(ctxt.getParser(),
                        ""Bracketed IPv6 address must contain closing bracket"",
                        value, InetSocketAddress.class);
            }
            int j = value.indexOf(':', i);
            int port = j > -1 ? Integer.parseInt(value.substring(j + 1)) : 0;
            return new InetSocketAddress(value.substring(0, i + 1), port);
        } else {
            int ix = value.indexOf(':');
            if (ix >= 0 && value.indexOf(':', ix + 1) < 0) {
                // host:port
                int port = Integer.parseInt(value.substring(ix+1));
                return new InetSocketAddress(value.substring(0, ix), port);
            }
            // host or unbracketed IPv6, without port number
            return new InetSocketAddress(value, 0);
        }
    }
    throw new IllegalArgumentException();
}
```"
2,root_c9_c3_c1,JacksonDatabind_57_query,JacksonDatabind_57,gen,1,7,10,np.nan,"```java
public <T> MappingIterator<T> readValues(byte[] src, int offset, int length)
        throws IOException, JsonProcessingException
    {
        if (_dataFormatReaders != null) {
            return _detectBindAndReadValues(_dataFormatReaders.findFormat(src, offset, length), false);
        }
        return _bindAndReadValues(_considerFilter(_parserFactory.createParser(src, offset, length), 
                true));
    }
```"
2,root_c9_c3_c2,JacksonDatabind_71_query,JacksonDatabind_71,gen,1,10,10,np.nan,"```java
public static StdKeyDeserializer forType(Class<?> raw)
    {
        int kind;

        // first common types:
        if (raw == String.class || raw == Object.class || CharSequence.class.isAssignableFrom(raw)) {
            return StringKD.forType(raw);
        } else if (raw == UUID.class) {
            kind = TYPE_UUID;
        } else if (raw == Integer.class) {
            kind = TYPE_INT;
        } else if (raw == Long.class) {
            kind = TYPE_LONG;
        } else if (raw == Date.class) {
            kind = TYPE_DATE;
        } else if (raw == Calendar.class) {
            kind = TYPE_CALENDAR;
        // then less common ones...
        } else if (raw == Boolean.class) {
            kind = TYPE_BOOLEAN;
        } else if (raw == Byte.class) {
            kind = TYPE_BYTE;
        } else if (raw == Character.class) {
            kind = TYPE_CHAR;
        } else if (raw == Short.class) {
            kind = TYPE_SHORT;
        } else if (raw == Float.class) {
            kind = TYPE_FLOAT;
        } else if (raw == Double.class) {
            kind = TYPE_DOUBLE;
        } else if (raw == URI.class) {
            kind = TYPE_URI;
        } else if (raw == URL.class) {
            kind = TYPE_URL;
        } else if (raw == Class.class) {
            kind = TYPE_CLASS;
        } else if (raw == Locale.class) {
            FromStringDeserializer<?> deser = FromStringDeserializer.findDeserializer(Locale.class);
            return new StdKeyDeserializer(TYPE_LOCALE, raw, deser);
        } else if (raw == Currency.class) {
            FromStringDeserializer<?> deser = FromStringDeserializer.findDeserializer(Currency.class);
            return new StdKeyDeserializer(TYPE_CURRENCY, raw, deser);
        } else {
            return null;
        }
        return new StdKeyDeserializer(kind, raw);
    }
```"
2,root_c9_c4_c0,Gson_9_query,Gson_9,gen,0,0,10,,
2,root_c9_c4_c1,JacksonCore_20_query,JacksonCore_20,gen,1,10,10,np.nan,"```java
public void writeEmbeddedObject(Object object) throws IOException {
    if (object == null) {
        writeNull();
        return;
    }
    if (object instanceof byte[]) {
        writeBinary((byte[]) object);
        return;
    }
    throw new JsonGenerationException(""No native support for writing embedded objects of type ""
            + object.getClass().getName(), this);
}
```"
2,root_c9_c4_c1,JacksonDatabind_2_query,JacksonDatabind_2,gen,0,0,10,,
2,root_c9_c4_c1,JacksonDatabind_49_query,JacksonDatabind_49,gen,0,0,10,,
2,root_c9_c4_c2,JacksonDatabind_1_query,JacksonDatabind_1,gen,1,8,10,np.nan,"```java
public void serializeAsColumn(Object bean, JsonGenerator jgen, SerializerProvider prov)
        throws Exception
    {
        Object value = get(bean);
        if (value == null) { // nulls need specialized handling
            if (_nullSerializer != null) {
                _nullSerializer.serialize(null, jgen, prov);
            } else { // can NOT suppress entries in tabular output
                jgen.writeNull();
            }
            return;
        }
        // otherwise find serializer to use
        JsonSerializer<Object> ser = _serializer;
        if (ser == null) {
            Class<?> cls = value.getClass();
            PropertySerializerMap map = _dynamicSerializers;
            ser = map.serializerFor(cls);
            if (ser == null) {
                ser = _findAndAddDynamic(map, cls, prov);
            }
        }
        // and then see if we must suppress certain values (default, empty)
        if (_suppressableValue != null) {
            if (MARKER_FOR_EMPTY == _suppressableValue) {
                if (ser.isEmpty(value)) { // can NOT suppress entries in tabular output
                    serializeAsPlaceholder(bean, jgen, prov);
                    return;
                }
            } else if (_suppressableValue.equals(value)) { // can NOT suppress entries in tabular output
                serializeAsPlaceholder(bean, jgen, prov);
                return;
            }
        }
        // For non-nulls: simple check for direct cycles
        if (value == bean) {
            _handleSelfReference(bean, ser);
        }
        if (_typeSerializer == null) {
            ser.serialize(value, jgen, prov);
        } else {
            ser.serializeWithType(value, jgen, prov, _typeSerializer);
        }
    }
```"
2,root_c9_c4_c2,JacksonDatabind_97_query,JacksonDatabind_97,gen,1,3,10,np.nan,"```java
@Override
public final void serialize(JsonGenerator gen, SerializerProvider ctxt) throws IOException
{
    if (_value == null) {
        ctxt.defaultSerializeNull(gen);
    } else if (_value instanceof JsonSerializable) {
        ((JsonSerializable) _value).serialize(gen, ctxt);
    } else {
        // Use custom serializer if available
        JsonSerializer<Object> ser = ctxt.findValueSerializer(_value.getClass());
        ser.serialize(_value, gen, ctxt);
    }
}
```"
2,root_c9_c4_c2,JacksonXml_4_query,JacksonXml_4,gen,0,0,10,,
